skill,level,question_text,option_a,option_b,option_c,option_d,correct_answer,explanation,topic,mdn_link,youtube_english,youtube_hindi,youtube_kannada,youtube_tamil,youtube_telugu
GLSL,Basic,What are shaders in graphics programming?,Shaders,GPU programs,Rendering pipeline,Graphics processing,A,"Shaders are programs that run on GPU to process vertices, fragments, or compute operations.",Shaders Overview,https://www.khronos.org/opengl/wiki/Shader,https://youtube.com/results?search_query=what+are+shaders,https://youtube.com/results?search_query=what+are+shaders+hindi,https://youtube.com/results?search_query=what+are+shaders+kannada,https://youtube.com/results?search_query=what+are+shaders+tamil,https://youtube.com/results?search_query=what+are+shaders+telugu
GLSL,Basic,What are the main types of shaders in OpenGL?,Shader types,Vertex fragment,Geometry compute,Shader pipeline,A,"Vertex shader, Fragment shader, Geometry shader, Compute shader, Tessellation shaders.",Shader Types,https://www.khronos.org/opengl/wiki/Shader,https://youtube.com/results?search_query=glsl+shader+types,https://youtube.com/results?search_query=glsl+shader+types+hindi,https://youtube.com/results?search_query=glsl+shader+types+kannada,https://youtube.com/results?search_query=glsl+shader+types+tamil,https://youtube.com/results?search_query=glsl+shader+types+telugu
GLSL,Basic,What does a vertex shader do?,Vertex processing,Vertex transformation,Position calculation,GPU vertex,A,"Processes each vertex, calculates position, normal, texture coordinates.",Vertex Shader,https://www.khronos.org/opengl/wiki/Vertex_Shader,https://youtube.com/results?search_query=vertex+shader+glsl,https://youtube.com/results?search_query=vertex+shader+glsl+hindi,https://youtube.com/results?search_query=vertex+shader+glsl+kannada,https://youtube.com/results?search_query=vertex+shader+glsl+tamil,https://youtube.com/results?search_query=vertex+shader+glsl+telugu
GLSL,Basic,What does a fragment shader do?,Fragment processing,Pixel coloring,Color calculation,GPU fragment,A,"Processes each fragment (pixel), calculates final color and depth.",Fragment Shader,https://www.khronos.org/opengl/wiki/Fragment_Shader,https://youtube.com/results?search_query=fragment+shader+glsl,https://youtube.com/results?search_query=fragment+shader+glsl+hindi,https://youtube.com/results?search_query=fragment+shader+glsl+kannada,https://youtube.com/results?search_query=fragment+shader+glsl+tamil,https://youtube.com/results?search_query=fragment+shader+glsl+telugu
GLSL,Basic,What is the basic structure of a GLSL shader?,Shader structure,Program layout,Code organization,GLSL syntax,A,"#version, input/output declarations, uniform variables, main() function.",Shader Structure,https://www.khronos.org/opengl/wiki/OpenGL_Shading_Language,https://youtube.com/results?search_query=glsl+shader+structure,https://youtube.com/results?search_query=glsl+shader+structure+hindi,https://youtube.com/results?search_query=glsl+shader+structure+kannada,https://youtube.com/results?search_query=glsl+shader+structure+tamil,https://youtube.com/results?search_query=glsl+shader+structure+telugu
GLSL,Basic,How do you specify GLSL version?,Version directive,Shader version,OpenGL version,#version,A,Use #version at top: #version 330 core or #version 450 core.,Version Specification,https://www.khronos.org/opengl/wiki/Core_Language_(GLSL),https://youtube.com/results?search_query=glsl+version+specification,https://youtube.com/results?search_query=glsl+version+specification+hindi,https://youtube.com/results?search_query=glsl+version+specification+kannada,https://youtube.com/results?search_query=glsl+version+specification+tamil,https://youtube.com/results?search_query=glsl+version+specification+telugu
GLSL,Basic,What are data types in GLSL?,Data types,Variable types,Type system,GLSL types,A,"float, int, bool, vec2, vec3, vec4, mat2, mat3, mat4, sampler2D, etc.",Data Types,https://www.khronos.org/opengl/wiki/Data_Type_(GLSL),https://youtube.com/results?search_query=glsl+data+types,https://youtube.com/results?search_query=glsl+data+types+hindi,https://youtube.com/results?search_query=glsl+data+types+kannada,https://youtube.com/results?search_query=glsl+data+types+tamil,https://youtube.com/results?search_query=glsl+data+types+telugu
GLSL,Basic,What is a vec2 in GLSL?,Vector types,2D vector,Float vector,GLSL vector,A,"2-component floating-point vector: vec2(x, y).",Vec2 Type,https://www.khronos.org/opengl/wiki/Data_Type_(GLSL),https://youtube.com/results?search_query=glsl+vec2,https://youtube.com/results?search_query=glsl+vec2+hindi,https://youtube.com/results?search_query=glsl+vec2+kannada,https://youtube.com/results?search_query=glsl+vec2+tamil,https://youtube.com/results?search_query=glsl+vec2+telugu
GLSL,Basic,What is a vec3 in GLSL?,3D vector,RGB vector,Position vector,GLSL vec3,A,"3-component floating-point vector: vec3(x, y, z) or vec3(r, g, b).",Vec3 Type,https://www.khronos.org/opengl/wiki/Data_Type_(GLSL),https://youtube.com/results?search_query=glsl+vec3,https://youtube.com/results?search_query=glsl+vec3+hindi,https://youtube.com/results?search_query=glsl+vec3+kannada,https://youtube.com/results?search_query=glsl+vec3+tamil,https://youtube.com/results?search_query=glsl+vec3+telugu
GLSL,Basic,What is a vec4 in GLSL?,4D vector,RGBA vector,Position with w,GLSL vec4,A,"4-component floating-point vector: vec4(x, y, z, w) or vec4(r, g, b, a).",Vec4 Type,https://www.khronos.org/opengl/wiki/Data_Type_(GLSL),https://youtube.com/results?search_query=glsl+vec4,https://youtube.com/results?search_query=glsl+vec4+hindi,https://youtube.com/results?search_query=glsl+vec4+kannada,https://youtube.com/results?search_query=glsl+vec4+tamil,https://youtube.com/results?search_query=glsl+vec4+telugu
GLSL,Basic,What is a mat4 in GLSL?,Matrix types,4x4 matrix,Transformation matrix,GLSL matrix,A,4x4 floating-point matrix used for transformations.,Mat4 Type,https://www.khronos.org/opengl/wiki/Data_Type_(GLSL),https://youtube.com/results?search_query=glsl+mat4,https://youtube.com/results?search_query=glsl+mat4+hindi,https://youtube.com/results?search_query=glsl+mat4+kannada,https://youtube.com/results?search_query=glsl+mat4+tamil,https://youtube.com/results?search_query=glsl+mat4+telugu
GLSL,Basic,What is a sampler2D in GLSL?,Texture sampler,2D texture,Image sampling,GLSL texture,A,"Texture sampler for 2D textures, used to sample textures in shaders.",Sampler2D Type,https://www.khronos.org/opengl/wiki/Sampler_(GLSL),https://youtube.com/results?search_query=glsl+sampler2d,https://youtube.com/results?search_query=glsl+sampler2d+hindi,https://youtube.com/results?search_query=glsl+sampler2d+kannada,https://youtube.com/results?search_query=glsl+sampler2d+tamil,https://youtube.com/results?search_query=glsl+sampler2d+telugu
GLSL,Basic,What are uniform variables in GLSL?,Uniforms,Shader constants,CPU to GPU data,Shader parameters,A,Read-only variables set from CPU that are constant across shader invocation.,Uniform Variables,https://www.khronos.org/opengl/wiki/Uniform_(GLSL),https://youtube.com/results?search_query=glsl+uniform+variables,https://youtube.com/results?search_query=glsl+uniform+variables+hindi,https://youtube.com/results?search_query=glsl+uniform+variables+kannada,https://youtube.com/results?search_query=glsl+uniform+variables+tamil,https://youtube.com/results?search_query=glsl+uniform+variables+telugu
GLSL,Basic,What are attribute variables in GLSL?,Attributes,Vertex attributes,Input data,Per-vertex data,A,Per-vertex input data passed from vertex buffers to vertex shader.,Attribute Variables,https://www.khronos.org/opengl/wiki/Vertex_Shader#Inputs,https://youtube.com/results?search_query=glsl+attribute+variables,https://youtube.com/results?search_query=glsl+attribute+variables+hindi,https://youtube.com/results?search_query=glsl+attribute+variables+kannada,https://youtube.com/results?search_query=glsl+attribute+variables+tamil,https://youtube.com/results?search_query=glsl+attribute+variables+telugu
GLSL,Basic,What are varying variables in GLSL? (Legacy),Varying,Interpolated data,Vertex to fragment,Shader communication,A,Variables passed from vertex to fragment shader with interpolation. (Now use in/out),Varying Variables,https://www.khronos.org/opengl/wiki/Type_Qualifier_(GLSL),https://youtube.com/results?search_query=glsl+varying+variables,https://youtube.com/results?search_query=glsl+varying+variables+hindi,https://youtube.com/results?search_query=glsl+varying+variables+kannada,https://youtube.com/results?search_query=glsl+varying+variables+tamil,https://youtube.com/results?search_query=glsl+varying+variables+telugu
GLSL,Basic,What are in/out variables in modern GLSL?,Input output,Shader interface,Modern qualifiers,GLSL in out,A,"in for shader input, out for shader output, replaces attribute/varying.",In/Out Variables,https://www.khronos.org/opengl/wiki/Type_Qualifier_(GLSL),https://youtube.com/results?search_query=glsl+in+out+variables,https://youtube.com/results?search_query=glsl+in+out+variables+hindi,https://youtube.com/results?search_query=glsl+in+out+variables+kannada,https://youtube.com/results?search_query=glsl+in+out+variables+tamil,https://youtube.com/results?search_query=glsl+in+out+variables+telugu
GLSL,Basic,How do you write main function in GLSL?,Main function,Shader entry point,Program execution,void main(),A,void main() { // shader code },GLSL Main Function,https://www.khronos.org/opengl/wiki/Core_Language_(GLSL),https://youtube.com/results?search_query=glsl+main+function,https://youtube.com/results?search_query=glsl+main+function+hindi,https://youtube.com/results?search_query=glsl+main+function+kannada,https://youtube.com/results?search_query=glsl+main+function+tamil,https://youtube.com/results?search_query=glsl+main+function+telugu
GLSL,Basic,How do you set fragment color in GLSL?,Fragment output,Color assignment,Pixel color,gl_FragColor,A,"Set gl_FragColor = vec4(r, g, b, a) or use output variable.",Fragment Color,https://www.khronos.org/opengl/wiki/Fragment_Shader#Outputs,https://youtube.com/results?search_query=glsl+fragment+color,https://youtube.com/results?search_query=glsl+fragment+color+hindi,https://youtube.com/results?search_query=glsl+fragment+color+kannada,https://youtube.com/results?search_query=glsl+fragment+color+tamil,https://youtube.com/results?search_query=glsl+fragment+color+telugu
GLSL,Basic,What is gl_Position in vertex shader?,Vertex output,Clip space position,Vertex position,GLSL built-in,A,Built-in variable to output vertex position in clip space.,gl_Position,https://www.khronos.org/opengl/wiki/Vertex_Shader#Outputs,https://youtube.com/results?search_query=glsl+gl_position,https://youtube.com/results?search_query=glsl+gl_position+hindi,https://youtube.com/results?search_query=glsl+gl_position+kannada,https://youtube.com/results?search_query=glsl+gl_position+tamil,https://youtube.com/results?search_query=glsl+gl_position+telugu
GLSL,Basic,What is gl_FragCoord in fragment shader?,Fragment coordinate,Pixel position,Screen coordinates,GLSL built-in,A,Built-in variable containing window-relative coordinates of fragment.,gl_FragCoord,https://www.khronos.org/opengl/wiki/Fragment_Shader#Inputs,https://youtube.com/results?search_query=glsl+gl_fragcoord,https://youtube.com/results?search_query=glsl+gl_fragcoord+hindi,https://youtube.com/results?search_query=glsl+gl_fragcoord+kannada,https://youtube.com/results?search_query=glsl+gl_fragcoord+tamil,https://youtube.com/results?search_query=glsl+gl_fragcoord+telugu
GLSL,Basic,How do you perform vector addition in GLSL?,Vector operations,Addition,Math operations,GLSL math,A,vec2 a + vec2 b or use add() function.,Vector Addition,https://www.khronos.org/opengl/wiki/GLSL_Operators,https://youtube.com/results?search_query=glsl+vector+addition,https://youtube.com/results?search_query=glsl+vector+addition+hindi,https://youtube.com/results?search_query=glsl+vector+addition+kannada,https://youtube.com/results?search_query=glsl+vector+addition+tamil,https://youtube.com/results?search_query=glsl+vector+addition+telugu
GLSL,Basic,How do you perform vector multiplication in GLSL?,Vector multiplication,Component-wise,Hadamard product,GLSL multiply,A,vec2 a * vec2 b (component-wise) or mat2 * vec2 for matrix multiplication.,Vector Multiplication,https://www.khronos.org/opengl/wiki/GLSL_Operators,https://youtube.com/results?search_query=glsl+vector+multiplication,https://youtube.com/results?search_query=glsl+vector+multiplication+hindi,https://youtube.com/results?search_query=glsl+vector+multiplication+kannada,https://youtube.com/results?search_query=glsl+vector+multiplication+tamil,https://youtube.com/results?search_query=glsl+vector+multiplication+telugu
GLSL,Basic,How do you access vector components in GLSL?,Component access,Swizzling,Vector fields,xyzw rgba,A,"vec.x, vec.y, vec.z, vec.w or vec.r, vec.g, vec.b, vec.a or swizzling: vec.xy.",Component Access,https://www.khronos.org/opengl/wiki/Data_Type_(GLSL)#Swizzling,https://youtube.com/results?search_query=glsl+vector+components,https://youtube.com/results?search_query=glsl+vector+components+hindi,https://youtube.com/results?search_query=glsl+vector+components+kannada,https://youtube.com/results?search_query=glsl+vector+components+tamil,https://youtube.com/results?search_query=glsl+vector+components+telugu
GLSL,Basic,What is swizzling in GLSL?,Swizzle operations,Component rearrangement,Vector manipulation,GLSL feature,A,Reordering vector components: vec4 rgba = color.abgr; or vec2 xy = pos.yx;,Swizzling,https://www.khronos.org/opengl/wiki/Data_Type_(GLSL)#Swizzling,https://youtube.com/results?search_query=glsl+swizzling,https://youtube.com/results?search_query=glsl+swizzling+hindi,https://youtube.com/results?search_query=glsl+swizzling+kannada,https://youtube.com/results?search_query=glsl+swizzling+tamil,https://youtube.com/results?search_query=glsl+swizzling+telugu
GLSL,Basic,How do you normalize a vector in GLSL?,Vector normalization,Unit vector,Length 1,normalize(),A,vec3 normalized = normalize(vector);,Normalize Vector,https://www.khronos.org/opengl/wiki/GLSL_Common_Functions,https://youtube.com/results?search_query=glsl+normalize+vector,https://youtube.com/results?search_query=glsl+normalize+vector+hindi,https://youtube.com/results?search_query=glsl+normalize+vector+kannada,https://youtube.com/results?search_query=glsl+normalize+vector+tamil,https://youtube.com/results?search_query=glsl+normalize+vector+telugu
GLSL,Basic,How do you calculate vector length in GLSL?,Vector length,Magnitude,Distance,length(),A,float len = length(vector);,Vector Length,https://www.khronos.org/opengl/wiki/GLSL_Common_Functions,https://youtube.com/results?search_query=glsl+vector+length,https://youtube.com/results?search_query=glsl+vector+length+hindi,https://youtube.com/results?search_query=glsl+vector+length+kannada,https://youtube.com/results?search_query=glsl+vector+length+tamil,https://youtube.com/results?search_query=glsl+vector+length+telugu
GLSL,Basic,How do you calculate dot product in GLSL?,Dot product,Scalar product,Vector multiplication,dot(),A,"float product = dot(a, b);",Dot Product,https://www.khronos.org/opengl/wiki/GLSL_Common_Functions,https://youtube.com/results?search_query=glsl+dot+product,https://youtube.com/results?search_query=glsl+dot+product+hindi,https://youtube.com/results?search_query=glsl+dot+product+kannada,https://youtube.com/results?search_query=glsl+dot+product+tamil,https://youtube.com/results?search_query=glsl+dot+product+telugu
GLSL,Basic,How do you calculate cross product in GLSL?,Cross product,Vector product,3D vectors,cross(),A,"vec3 result = cross(a, b); (3D vectors only)",Cross Product,https://www.khronos.org/opengl/wiki/GLSL_Common_Functions,https://youtube.com/results?search_query=glsl+cross+product,https://youtube.com/results?search_query=glsl+cross+product+hindi,https://youtube.com/results?search_query=glsl+cross+product+kannada,https://youtube.com/results?search_query=glsl+cross+product+tamil,https://youtube.com/results?search_query=glsl+cross+product+telugu
GLSL,Basic,How do you mix two values in GLSL?,Linear interpolation,Blending values,Mix function,mix(),A,"float result = mix(a, b, t); where t is interpolation factor.",Mix Function,https://www.khronos.org/opengl/wiki/GLSL_Common_Functions,https://youtube.com/results?search_query=glsl+mix+function,https://youtube.com/results?search_query=glsl+mix+function+hindi,https://youtube.com/results?search_query=glsl+mix+function+kannada,https://youtube.com/results?search_query=glsl+mix+function+tamil,https://youtube.com/results?search_query=glsl+mix+function+telugu
GLSL,Basic,How do you clamp a value in GLSL?,Clamping,Limiting values,Range restriction,clamp(),A,"float clamped = clamp(value, min, max);",Clamp Function,https://www.khronos.org/opengl/wiki/GLSL_Common_Functions,https://youtube.com/results?search_query=glsl+clamp+function,https://youtube.com/results?search_query=glsl+clamp+function+hindi,https://youtube.com/results?search_query=glsl+clamp+function+kannada,https://youtube.com/results?search_query=glsl+clamp+function+tamil,https://youtube.com/results?search_query=glsl+clamp+function+telugu
GLSL,Basic,How do you sample a texture in GLSL?,Texture sampling,Image lookup,Texture fetch,texture(),A,"vec4 color = texture(sampler2D, texCoord);",Texture Sampling,https://www.khronos.org/opengl/wiki/Sampler_(GLSL),https://youtube.com/results?search_query=glsl+texture+sampling,https://youtube.com/results?search_query=glsl+texture+sampling+hindi,https://youtube.com/results?search_query=glsl+texture+sampling+kannada,https://youtube.com/results?search_query=glsl+texture+sampling+tamil,https://youtube.com/results?search_query=glsl+texture+sampling+telugu
GLSL,Basic,What are texture coordinates in GLSL?,UV coordinates,Texture mapping,Texcoords,2D coordinates,A,"vec2 coordinates (0,0 to 1,1) mapping vertices to texture positions.",Texture Coordinates,https://www.khronos.org/opengl/wiki/Texture,https://youtube.com/results?search_query=glsl+texture+coordinates,https://youtube.com/results?search_query=glsl+texture+coordinates+hindi,https://youtube.com/results?search_query=glsl+texture+coordinates+kannada,https://youtube.com/results?search_query=glsl+texture+coordinates+tamil,https://youtube.com/results?search_query=glsl+texture+coordinates+telugu
GLSL,Basic,How do you declare a uniform in GLSL?,Uniform declaration,Shader parameter,External variable,GLSL uniform,A,uniform vec3 lightPosition; or uniform mat4 modelViewProjection;,Uniform Declaration,https://www.khronos.org/opengl/wiki/Uniform_(GLSL),https://youtube.com/results?search_query=glsl+declare+uniform,https://youtube.com/results?search_query=glsl+declare+uniform+hindi,https://youtube.com/results?search_query=glsl+declare+uniform+kannada,https://youtube.com/results?search_query=glsl+declare+uniform+tamil,https://youtube.com/results?search_query=glsl+declare+uniform+telugu
GLSL,Basic,How do you declare an attribute in GLSL? (Legacy),Attribute declaration,Vertex input,Per-vertex data,GLSL attribute,A,"attribute vec3 position; (in modern GLSL, use in)",Attribute Declaration,https://www.khronos.org/opengl/wiki/Vertex_Shader,https://youtube.com/results?search_query=glsl+declare+attribute,https://youtube.com/results?search_query=glsl+declare+attribute+hindi,https://youtube.com/results?search_query=glsl+declare+attribute+kannada,https://youtube.com/results?search_query=glsl+declare+attribute+tamil,https://youtube.com/results?search_query=glsl+declare+attribute+telugu
GLSL,Basic,How do you declare input in modern GLSL?,Input declaration,Shader input,Vertex input,in qualifier,A,"in vec3 position; in vertex shader, in vec4 color; in fragment shader.",Input Declaration,https://www.khronos.org/opengl/wiki/Type_Qualifier_(GLSL),https://youtube.com/results?search_query=glsl+declare+input,https://youtube.com/results?search_query=glsl+declare+input+hindi,https://youtube.com/results?search_query=glsl+declare+input+kannada,https://youtube.com/results?search_query=glsl+declare+input+tamil,https://youtube.com/results?search_query=glsl+declare+input+telugu
GLSL,Basic,How do you declare output in modern GLSL?,Output declaration,Shader output,Fragment output,out qualifier,A,"out vec4 fragColor; in fragment shader, out vec3 normal; in vertex shader.",Output Declaration,https://www.khronos.org/opengl/wiki/Type_Qualifier_(GLSL),https://youtube.com/results?search_query=glsl+declare+output,https://youtube.com/results?search_query=glsl+declare+output+hindi,https://youtube.com/results?search_query=glsl+declare+output+kannada,https://youtube.com/results?search_query=glsl+declare+output+tamil,https://youtube.com/results?search_query=glsl+declare+output+telugu
GLSL,Basic,What is the difference between == and = in GLSL?,Equality vs assignment,Comparison operators,Assignment operators,GLSL operators,A,"== is comparison (returns bool), = is assignment.",Equality vs Assignment,https://www.khronos.org/opengl/wiki/GLSL_Operators,https://youtube.com/results?search_query=glsl+equality+assignment,https://youtube.com/results?search_query=glsl+equality+assignment+hindi,https://youtube.com/results?search_query=glsl+equality+assignment+kannada,https://youtube.com/results?search_query=glsl+equality+assignment+tamil,https://youtube.com/results?search_query=glsl+equality+assignment+telugu
GLSL,Basic,How do you write if statement in GLSL?,Conditional statements,If else,Branching,Control flow,A,if (condition) { } else if (condition) { } else { },If Statement,https://www.khronos.org/opengl/wiki/GLSL_Control_Flow,https://youtube.com/results?search_query=glsl+if+statement,https://youtube.com/results?search_query=glsl+if+statement+hindi,https://youtube.com/results?search_query=glsl+if+statement+kannada,https://youtube.com/results?search_query=glsl+if+statement+tamil,https://youtube.com/results?search_query=glsl+if+statement+telugu
GLSL,Basic,How do you write for loop in GLSL?,Loops,Iteration,Repetition,For loop,A,for (int i = 0; i < 10; i++) { } (loop limits must be constant),For Loop,https://www.khronos.org/opengl/wiki/GLSL_Control_Flow,https://youtube.com/results?search_query=glsl+for+loop,https://youtube.com/results?search_query=glsl+for+loop+hindi,https://youtube.com/results?search_query=glsl+for+loop+kannada,https://youtube.com/results?search_query=glsl+for+loop+tamil,https://youtube.com/results?search_query=glsl+for+loop+telugu
GLSL,Basic,What are constant variables in GLSL?,Constants,Fixed values,Compile-time constants,const qualifier,A,"const float PI = 3.14159; (must be initialized, cannot be modified)",Constants,https://www.khronos.org/opengl/wiki/Type_Qualifier_(GLSL),https://youtube.com/results?search_query=glsl+constants,https://youtube.com/results?search_query=glsl+constants+hindi,https://youtube.com/results?search_query=glsl+constants+kannada,https://youtube.com/results?search_query=glsl+constants+tamil,https://youtube.com/results?search_query=glsl+constants+telugu
GLSL,Basic,How do you convert types in GLSL?,Type conversion,Casting,Type casting,GLSL conversion,A,"float f = float(i); or int i = int(f); or vec3 v = vec3(1.0, 2.0, 3.0);",Type Conversion,https://www.khronos.org/opengl/wiki/Type_Conversion,https://youtube.com/results?search_query=glsl+type+conversion,https://youtube.com/results?search_query=glsl+type+conversion+hindi,https://youtube.com/results?search_query=glsl+type+conversion+kannada,https://youtube.com/results?search_query=glsl+type+conversion+tamil,https://youtube.com/results?search_query=glsl+type+conversion+telugu
GLSL,Basic,What are built-in functions in GLSL?,Built-in functions,Standard library,Math functions,GLSL functions,A,"length(), normalize(), dot(), cross(), mix(), clamp(), sin(), cos(), etc.",Built-in Functions,https://www.khronos.org/opengl/wiki/GLSL_Common_Functions,https://youtube.com/results?search_query=glsl+builtin+functions,https://youtube.com/results?search_query=glsl+builtin+functions+hindi,https://youtube.com/results?search_query=glsl+builtin+functions+kannada,https://youtube.com/results?search_query=glsl+builtin+functions+tamil,https://youtube.com/results?search_query=glsl+builtin+functions+telugu
GLSL,Basic,How do you use sin() and cos() in GLSL?,Trigonometric functions,Sine cosine,Wave functions,GLSL math,A,float s = sin(angle); float c = cos(angle);,Sin Cos Functions,https://www.khronos.org/opengl/wiki/GLSL_Common_Functions,https://youtube.com/results?search_query=glsl+sin+cos,https://youtube.com/results?search_query=glsl+sin+cos+hindi,https://youtube.com/results?search_query=glsl+sin+cos+kannada,https://youtube.com/results?search_query=glsl+sin+cos+tamil,https://youtube.com/results?search_query=glsl+sin+cos+telugu
GLSL,Basic,How do you use sqrt() in GLSL?,Square root,Math function,Root calculation,sqrt(),A,float root = sqrt(value);,Square Root,https://www.khronos.org/opengl/wiki/GLSL_Common_Functions,https://youtube.com/results?search_query=glsl+sqrt+function,https://youtube.com/results?search_query=glsl+sqrt+function+hindi,https://youtube.com/results?search_query=glsl+sqrt+function+kannada,https://youtube.com/results?search_query=glsl+sqrt+function+tamil,https://youtube.com/results?search_query=glsl+sqrt+function+telugu
GLSL,Basic,How do you use pow() in GLSL?,Power function,Exponentiation,Power calculation,pow(),A,"float result = pow(base, exponent);",Power Function,https://www.khronos.org/opengl/wiki/GLSL_Common_Functions,https://youtube.com/results?search_query=glsl+pow+function,https://youtube.com/results?search_query=glsl+pow+function+hindi,https://youtube.com/results?search_query=glsl+pow+function+kannada,https://youtube.com/results?search_query=glsl+pow+function+tamil,https://youtube.com/results?search_query=glsl+pow+function+telugu
GLSL,Basic,What is step() function in GLSL?,Step function,Threshold,Comparison function,step(),A,"float result = step(edge, x); returns 0.0 if x < edge, else 1.0.",Step Function,https://www.khronos.org/opengl/wiki/GLSL_Common_Functions,https://youtube.com/results?search_query=glsl+step+function,https://youtube.com/results?search_query=glsl+step+function+hindi,https://youtube.com/results?search_query=glsl+step+function+kannada,https://youtube.com/results?search_query=glsl+step+function+tamil,https://youtube.com/results?search_query=glsl+step+function+telugu
GLSL,Basic,What is smoothstep() function in GLSL?,Smooth step,Hermite interpolation,Smooth transition,smoothstep(),A,"float result = smoothstep(edge0, edge1, x); smooth interpolation.",Smoothstep Function,https://www.khronos.org/opengl/wiki/GLSL_Common_Functions,https://youtube.com/results?search_query=glsl+smoothstep+function,https://youtube.com/results?search_query=glsl+smoothstep+function+hindi,https://youtube.com/results?search_query=glsl+smoothstep+function+kannada,https://youtube.com/results?search_query=glsl+smoothstep+function+tamil,https://youtube.com/results?search_query=glsl+smoothstep+function+telugu
GLSL,Basic,What is fract() function in GLSL?,Fractional part,Decimal part,Modulo 1,fract(),A,float result = fract(x); returns fractional part of x.,Fract Function,https://www.khronos.org/opengl/wiki/GLSL_Common_Functions,https://youtube.com/results?search_query=glsl+fract+function,https://youtube.com/results?search_query=glsl+fract+function+hindi,https://youtube.com/results?search_query=glsl+fract+function+kannada,https://youtube.com/results?search_query=glsl+fract+function+tamil,https://youtube.com/results?search_query=glsl+fract+function+telugu
GLSL,Basic,What is floor() function in GLSL?,Floor function,Rounding down,Integer part,floor(),A,float result = floor(x); returns largest integer ≤ x.,Floor Function,https://www.khronos.org/opengl/wiki/GLSL_Common_Functions,https://youtube.com/results?search_query=glsl+floor+function,https://youtube.com/results?search_query=glsl+floor+function+hindi,https://youtube.com/results?search_query=glsl+floor+function+kannada,https://youtube.com/results?search_query=glsl+floor+function+tamil,https://youtube.com/results?search_query=glsl+floor+function+telugu
GLSL,Basic,What is ceil() function in GLSL?,Ceil function,Rounding up,Integer ceiling,ceil(),A,float result = ceil(x); returns smallest integer ≥ x.,Ceil Function,https://www.khronos.org/opengl/wiki/GLSL_Common_Functions,https://youtube.com/results?search_query=glsl+ceil+function,https://youtube.com/results?search_query=glsl+ceil+function+hindi,https://youtube.com/results?search_query=glsl+ceil+function+kannada,https://youtube.com/results?search_query=glsl+ceil+function+tamil,https://youtube.com/results?search_query=glsl+ceil+function+telugu
GLSL,Basic,What is abs() function in GLSL?,Absolute value,Positive value,Magnitude,abs(),A,float result = abs(x); returns |x|.,Absolute Value,https://www.khronos.org/opengl/wiki/GLSL_Common_Functions,https://youtube.com/results?search_query=glsl+abs+function,https://youtube.com/results?search_query=glsl+abs+function+hindi,https://youtube.com/results?search_query=glsl+abs+function+kannada,https://youtube.com/results?search_query=glsl+abs+function+tamil,https://youtube.com/results?search_query=glsl+abs+function+telugu
GLSL,Basic,What is mod() function in GLSL?,Modulo function,Remainder,Division remainder,mod(),A,"float result = mod(x, y); returns x - y * floor(x/y).",Modulo Function,https://www.khronos.org/opengl/wiki/GLSL_Common_Functions,https://youtube.com/results?search_query=glsl+mod+function,https://youtube.com/results?search_query=glsl+mod+function+hindi,https://youtube.com/results?search_query=glsl+mod+function+kannada,https://youtube.com/results?search_query=glsl+mod+function+tamil,https://youtube.com/results?search_query=glsl+mod+function+telugu
GLSL,Basic,What is min() and max() in GLSL?,Min max functions,Comparison,Extreme values,min() max(),A,"float m = min(a, b); returns smaller, float m = max(a, b); returns larger.",Min Max Functions,https://www.khronos.org/opengl/wiki/GLSL_Common_Functions,https://youtube.com/results?search_query=glsl+min+max,https://youtube.com/results?search_query=glsl+min+max+hindi,https://youtube.com/results?search_query=glsl+min+max+kannada,https://youtube.com/results?search_query=glsl+min+max+tamil,https://youtube.com/results?search_query=glsl+min+max+telugu
GLSL,Basic,What is distance() function in GLSL?,Distance calculation,Euclidean distance,Vector distance,distance(),A,"float d = distance(a, b); returns Euclidean distance between points.",Distance Function,https://www.khronos.org/opengl/wiki/GLSL_Common_Functions,https://youtube.com/results?search_query=glsl+distance+function,https://youtube.com/results?search_query=glsl+distance+function+hindi,https://youtube.com/results?search_query=glsl+distance+function+kannada,https://youtube.com/results?search_query=glsl+distance+function+tamil,https://youtube.com/results?search_query=glsl+distance+function+telugu
GLSL,Basic,What is reflect() function in GLSL?,Reflection vector,Mirror reflection,Light reflection,reflect(),A,"vec3 reflected = reflect(I, N); reflects vector I across normal N.",Reflect Function,https://www.khronos.org/opengl/wiki/GLSL_Common_Functions,https://youtube.com/results?search_query=glsl+reflect+function,https://youtube.com/results?search_query=glsl+reflect+function+hindi,https://youtube.com/results?search_query=glsl+reflect+function+kannada,https://youtube.com/results?search_query=glsl+reflect+function+tamil,https://youtube.com/results?search_query=glsl+reflect+function+telugu
GLSL,Basic,What is refract() function in GLSL?,Refraction vector,Light refraction,Snell's law,refract(),A,"vec3 refracted = refract(I, N, eta); calculates refraction direction.",Refract Function,https://www.khronos.org/opengl/wiki/GLSL_Common_Functions,https://youtube.com/results?search_query=glsl+refract+function,https://youtube.com/results?search_query=glsl+refract+function+hindi,https://youtube.com/results?search_query=glsl+refract+function+kannada,https://youtube.com/results?search_query=glsl+refract+function+tamil,https://youtube.com/results?search_query=glsl+refract+function+telugu
GLSL,Basic,How do you create a color gradient in GLSL?,Gradient creation,Color interpolation,Linear gradient,Shader effect,A,"mix(color1, color2, uv.x) or smoothstep() for smooth transitions.",Color Gradient,https://www.khronos.org/opengl/wiki/GLSL_Common_Functions,https://youtube.com/results?search_query=glsl+color+gradient,https://youtube.com/results?search_query=glsl+color+gradient+hindi,https://youtube.com/results?search_query=glsl+color+gradient+kannada,https://youtube.com/results?search_query=glsl+color+gradient+tamil,https://youtube.com/results?search_query=glsl+color+gradient+telugu
GLSL,Basic,How do you create a checkerboard pattern in GLSL?,Checkerboard,Pattern generation,Tile pattern,Shader pattern,A,"Use mod(floor(uv.x * tiles) + floor(uv.y * tiles), 2.0) < 1.0",Checkerboard Pattern,https://thebookofshaders.com/10/,https://youtube.com/results?search_query=glsl+checkerboard+pattern,https://youtube.com/results?search_query=glsl+checkerboard+pattern+hindi,https://youtube.com/results?search_query=glsl+checkerboard+pattern+kannada,https://youtube.com/results?search_query=glsl+checkerboard+pattern+tamil,https://youtube.com/results?search_query=glsl+checkerboard+pattern+telugu
GLSL,Basic,How do you create a circle in GLSL?,Circle drawing,Distance field,Shape rendering,Shader shape,A,"float circle = step(distance(uv, center), radius);",Circle Creation,https://thebookofshaders.com/07/,https://youtube.com/results?search_query=glsl+circle+drawing,https://youtube.com/results?search_query=glsl+circle+drawing+hindi,https://youtube.com/results?search_query=glsl+circle+drawing+kannada,https://youtube.com/results?search_query=glsl+circle+drawing+tamil,https://youtube.com/results?search_query=glsl+circle+drawing+telugu
GLSL,Basic,What is noise function in GLSL?,Noise generation,Random patterns,Procedural noise,Shader noise,A,"Procedural functions like snoise(), random() for generating patterns.",Noise Functions,https://thebookofshaders.com/11/,https://youtube.com/results?search_query=glsl+noise+function,https://youtube.com/results?search_query=glsl+noise+function+hindi,https://youtube.com/results?search_query=glsl+noise+function+kannada,https://youtube.com/results?search_query=glsl+noise+function+tamil,https://youtube.com/results?search_query=glsl+noise+function+telugu
GLSL,Basic,How do you create animation in GLSL?,Shader animation,Time-based effects,Motion,Uniform time,A,Use uniform float time; and functions like sin(time) for motion.,Shader Animation,https://thebookofshaders.com/05/,https://youtube.com/results?search_query=glsl+animation,https://youtube.com/results?search_query=glsl+animation+hindi,https://youtube.com/results?search_query=glsl+animation+kannada,https://youtube.com/results?search_query=glsl+animation+tamil,https://youtube.com/results?search_query=glsl+animation+telugu
GLSL,Basic,What is Phong lighting model in GLSL?,Lighting model,Phong shading,Light calculation,Shader lighting,A,Calculates ambient + diffuse + specular lighting components.,Phong Lighting,https://learnopengl.com/Lighting/Basic-Lighting,https://youtube.com/results?search_query=glsl+phong+lighting,https://youtube.com/results?search_query=glsl+phong+lighting+hindi,https://youtube.com/results?search_query=glsl+phong+lighting+kannada,https://youtube.com/results?search_query=glsl+phong+lighting+tamil,https://youtube.com/results?search_query=glsl+phong+lighting+telugu
GLSL,Basic,What is ambient lighting in GLSL?,Ambient light,Base illumination,Constant light,Lighting component,A,Uniform minimum light: ambient = lightColor * ambientStrength.,Ambient Lighting,https://learnopengl.com/Lighting/Basic-Lighting,https://youtube.com/results?search_query=glsl+ambient+lighting,https://youtube.com/results?search_query=glsl+ambient+lighting+hindi,https://youtube.com/results?search_query=glsl+ambient+lighting+kannada,https://youtube.com/results?search_query=glsl+ambient+lighting+tamil,https://youtube.com/results?search_query=glsl+ambient+lighting+telugu
GLSL,Basic,What is diffuse lighting in GLSL?,Diffuse light,Lambertian reflection,Surface scattering,Lighting component,A,"Depends on light direction and surface normal: diffuse = max(dot(normal, lightDir), 0.0).",Diffuse Lighting,https://learnopengl.com/Lighting/Basic-Lighting,https://youtube.com/results?search_query=glsl+diffuse+lighting,https://youtube.com/results?search_query=glsl+diffuse+lighting+hindi,https://youtube.com/results?search_query=glsl+diffuse+lighting+kannada,https://youtube.com/results?search_query=glsl+diffuse+lighting+tamil,https://youtube.com/results?search_query=glsl+diffuse+lighting+telugu
GLSL,Basic,What is specular lighting in GLSL?,Specular light,Highlight,Reflection highlight,Lighting component,A,"Bright spot from reflection: specular = pow(max(dot(viewDir, reflectDir), 0.0), shininess).",Specular Lighting,https://learnopengl.com/Lighting/Basic-Lighting,https://youtube.com/results?search_query=glsl+specular+lighting,https://youtube.com/results?search_query=glsl+specular+lighting+hindi,https://youtube.com/results?search_query=glsl+specular+lighting+kannada,https://youtube.com/results?search_query=glsl+specular+lighting+tamil,https://youtube.com/results?search_query=glsl+specular+lighting+telugu
GLSL,Basic,How do you calculate normal in fragment shader?,Normal calculation,Surface normal,Per-pixel normal,Fragment normal,A,Can pass from vertex shader or calculate from derivatives/depth.,Normal Calculation,https://learnopengl.com/Advanced-Lighting/Normal-Mapping,https://youtube.com/results?search_query=glsl+normal+calculation,https://youtube.com/results?search_query=glsl+normal+calculation+hindi,https://youtube.com/results?search_query=glsl+normal+calculation+kannada,https://youtube.com/results?search_query=glsl+normal+calculation+tamil,https://youtube.com/results?search_query=glsl+normal+calculation+telugu
GLSL,Basic,What is normal mapping in GLSL?,Normal mapping,Surface detail,Bump mapping,Texture technique,A,Uses texture to store surface normals for detailed lighting without geometry.,Normal Mapping,https://learnopengl.com/Advanced-Lighting/Normal-Mapping,https://youtube.com/results?search_query=glsl+normal+mapping,https://youtube.com/results?search_query=glsl+normal+mapping+hindi,https://youtube.com/results?search_query=glsl+normal+mapping+kannada,https://youtube.com/results?search_query=glsl+normal+mapping+tamil,https://youtube.com/results?search_query=glsl+normal+mapping+telugu
GLSL,Basic,What is mipmapping in GLSL?,Mipmaps,Texture filtering,Level of detail,Performance optimization,A,Pre-calculated smaller versions of texture for distance viewing.,Mipmapping,https://www.khronos.org/opengl/wiki/Texture#Mip_maps,https://youtube.com/results?search_query=glsl+mipmapping,https://youtube.com/results?search_query=glsl+mipmapping+hindi,https://youtube.com/results?search_query=glsl+mipmapping+kannada,https://youtube.com/results?search_query=glsl+mipmapping+tamil,https://youtube.com/results?search_query=glsl+mipmapping+telugu
GLSL,Basic,What is texture filtering in GLSL?,Texture filtering,Sampling quality,Image interpolation,Filter modes,A,NEAREST (pixelated) or LINEAR (smooth interpolation) filtering.,Texture Filtering,https://www.khronos.org/opengl/wiki/Texture#Texture_filtering,https://youtube.com/results?search_query=glsl+texture+filtering,https://youtube.com/results?search_query=glsl+texture+filtering+hindi,https://youtube.com/results?search_query=glsl+texture+filtering+kannada,https://youtube.com/results?search_query=glsl+texture+filtering+tamil,https://youtube.com/results?search_query=glsl+texture+filtering+telugu
GLSL,Basic,What is texture wrapping in GLSL?,Texture wrap,Coordinate wrapping,Edge behavior,Wrap modes,A,"REPEAT, MIRRORED_REPEAT, CLAMP_TO_EDGE, CLAMP_TO_BORDER.",Texture Wrapping,https://www.khronos.org/opengl/wiki/Texture#Texture_wrap_modes,https://youtube.com/results?search_query=glsl+texture+wrapping,https://youtube.com/results?search_query=glsl+texture+wrapping+hindi,https://youtube.com/results?search_query=glsl+texture+wrapping+kannada,https://youtube.com/results?search_query=glsl+texture+wrapping+tamil,https://youtube.com/results?search_query=glsl+texture+wrapping+telugu
GLSL,Basic,What is alpha blending in GLSL?,Alpha blending,Transparency,Color mixing,Blending equation,A,Mixes fragment color with background based on alpha: glBlendFunc().,Alpha Blending,https://www.khronos.org/opengl/wiki/Blending,https://youtube.com/results?search_query=glsl+alpha+blending,https://youtube.com/results?search_query=glsl+alpha+blending+hindi,https://youtube.com/results?search_query=glsl+alpha+blending+kannada,https://youtube.com/results?search_query=glsl+alpha+blending+tamil,https://youtube.com/results?search_query=glsl+alpha+blending+telugu
GLSL,Basic,What is depth testing in GLSL?,Depth test,Visibility,Z-buffer,Hidden surface removal,A,Compares fragment depth with depth buffer to determine visibility.,Depth Testing,https://www.khronos.org/opengl/wiki/Depth_Test,https://youtube.com/results?search_query=glsl+depth+testing,https://youtube.com/results?search_query=glsl+depth+testing+hindi,https://youtube.com/results?search_query=glsl+depth+testing+kannada,https://youtube.com/results?search_query=glsl+depth+testing+tamil,https://youtube.com/results?search_query=glsl+depth+testing+telugu
GLSL,Basic,What is stencil testing in GLSL?,Stencil test,Masking,Template buffer,Selection test,A,Uses stencil buffer for masking/outlining/selection effects.,Stencil Testing,https://www.khronos.org/opengl/wiki/Stencil_Test,https://youtube.com/results?search_query=glsl+stencil+testing,https://youtube.com/results?search_query=glsl+stencil+testing+hindi,https://youtube.com/results?search_query=glsl+stencil+testing+kannada,https://youtube.com/results?search_query=glsl+stencil+testing+tamil,https://youtube.com/results?search_query=glsl+stencil+testing+telugu
GLSL,Basic,What is face culling in GLSL?,Face culling,Backface removal,Performance optimization,Culling,A,Discards back-facing or front-facing triangles to improve performance.,Face Culling,https://www.khronos.org/opengl/wiki/Face_Culling,https://youtube.com/results?search_query=glsl+face+culling,https://youtube.com/results?search_query=glsl+face+culling+hindi,https://youtube.com/results?search_query=glsl+face+culling+kannada,https://youtube.com/results?search_query=glsl+face+culling+tamil,https://youtube.com/results?search_query=glsl+face+culling+telugu
GLSL,Basic,What is geometry shader in GLSL?,Geometry shader,Primitive processing,Shape generation,Shader type,A,"Processes primitives (points, lines, triangles) and can generate new geometry.",Geometry Shader,https://www.khronos.org/opengl/wiki/Geometry_Shader,https://youtube.com/results?search_query=glsl+geometry+shader,https://youtube.com/results?search_query=glsl+geometry+shader+hindi,https://youtube.com/results?search_query=glsl+geometry+shader+kannada,https://youtube.com/results?search_query=glsl+geometry+shader+tamil,https://youtube.com/results?search_query=glsl+geometry+shader+telugu
GLSL,Basic,What is compute shader in GLSL?,Compute shader,General purpose,GPGPU,Parallel computation,A,General-purpose shader for non-graphics parallel computations.,Compute Shader,https://www.khronos.org/opengl/wiki/Compute_Shader,https://youtube.com/results?search_query=glsl+compute+shader,https://youtube.com/results?search_query=glsl+compute+shader+hindi,https://youtube.com/results?search_query=glsl+compute+shader+kannada,https://youtube.com/results?search_query=glsl+compute+shader+tamil,https://youtube.com/results?search_query=glsl+compute+shader+telugu
GLSL,Basic,What is tessellation shader in GLSL?,Tessellation shader,Subdivision,Dynamic LOD,Shader type,A,Dynamically subdivides surfaces for smoother geometry.,Tessellation Shader,https://www.khronos.org/opengl/wiki/Tessellation,https://youtube.com/results?search_query=glsl+tessellation+shader,https://youtube.com/results?search_query=glsl+tessellation+shader+hindi,https://youtube.com/results?search_query=glsl+tessellation+shader+kannada,https://youtube.com/results?search_query=glsl+tessellation+shader+tamil,https://youtube.com/results?search_query=glsl+tessellation+shader+telugu
GLSL,Basic,What is shader storage buffer in GLSL?,SSBO,Shader storage,Read-write buffer,GPU memory,A,Read-write buffer object for large data exchange between shaders.,Shader Storage Buffer,https://www.khronos.org/opengl/wiki/Shader_Storage_Buffer_Object,https://youtube.com/results?search_query=glsl+shader+storage+buffer,https://youtube.com/results?search_query=glsl+shader+storage+buffer+hindi,https://youtube.com/results?search_query=glsl+shader+storage+buffer+kannada,https://youtube.com/results?search_query=glsl+shader+storage+buffer+tamil,https://youtube.com/results?search_query=glsl+shader+storage+buffer+telugu
GLSL,Basic,What is atomic operation in GLSL?,Atomic operations,Thread-safe,Memory synchronization,GPU synchronization,A,Operations guaranteed to complete without interruption by other threads.,Atomic Operations,https://www.khronos.org/opengl/wiki/Memory_Model#Atomic_operations,https://youtube.com/results?search_query=glsl+atomic+operations,https://youtube.com/results?search_query=glsl+atomic+operations+hindi,https://youtube.com/results?search_query=glsl+atomic+operations+kannada,https://youtube.com/results?search_query=glsl+atomic+operations+tamil,https://youtube.com/results?search_query=glsl+atomic+operations+telugu
GLSL,Basic,What is barrier() in GLSL?,Barrier synchronization,Thread synchronization,Compute shader,Memory barrier,A,Synchronizes threads in a work group in compute shaders.,Barrier Function,https://www.khronos.org/opengl/wiki/Compute_Shader,https://youtube.com/results?search_query=glsl+barrier+function,https://youtube.com/results?search_query=glsl+barrier+function+hindi,https://youtube.com/results?search_query=glsl+barrier+function+kannada,https://youtube.com/results?search_query=glsl+barrier+function+tamil,https://youtube.com/results?search_query=glsl+barrier+function+telugu
GLSL,Basic,What is gl_VertexID in vertex shader?,Vertex ID,Index identification,Vertex index,Built-in variable,A,Built-in variable containing index of current vertex being processed.,gl_VertexID,https://www.khronos.org/opengl/wiki/Vertex_Shader#Inputs,https://youtube.com/results?search_query=glsl+gl_vertexid,https://youtube.com/results?search_query=glsl+gl_vertexid+hindi,https://youtube.com/results?search_query=glsl+gl_vertexid+kannada,https://youtube.com/results?search_query=glsl+gl_vertexid+tamil,https://youtube.com/results?search_query=glsl+gl_vertexid+telugu
GLSL,Basic,What is gl_InstanceID in vertex shader?,Instance ID,Instancing identification,Instance index,Built-in variable,A,Built-in variable containing index of current instance in instanced rendering.,gl_InstanceID,https://www.khronos.org/opengl/wiki/Vertex_Shader#Inputs,https://youtube.com/results?search_query=glsl+gl_instanceid,https://youtube.com/results?search_query=glsl+gl_instanceid+hindi,https://youtube.com/results?search_query=glsl+gl_instanceid+kannada,https://youtube.com/results?search_query=glsl+gl_instanceid+tamil,https://youtube.com/results?search_query=glsl+gl_instanceid+telugu
GLSL,Basic,What is gl_FrontFacing in fragment shader?,Front facing,Face orientation,Backface detection,Built-in variable,A,Built-in bool indicating if fragment is from front-facing primitive.,gl_FrontFacing,https://www.khronos.org/opengl/wiki/Fragment_Shader#Inputs,https://youtube.com/results?search_query=glsl+gl_frontfacing,https://youtube.com/results?search_query=glsl+gl_frontfacing+hindi,https://youtube.com/results?search_query=glsl+gl_frontfacing+kannada,https://youtube.com/results?search_query=glsl+gl_frontfacing+tamil,https://youtube.com/results?search_query=glsl+gl_frontfacing+telugu
GLSL,Basic,What is gl_PointSize in vertex shader?,Point size,Particle size,Point rendering,Built-in variable,A,Built-in variable to set size of points in point primitive rendering.,gl_PointSize,https://www.khronos.org/opengl/wiki/Vertex_Shader#Outputs,https://youtube.com/results?search_query=glsl+gl_pointsize,https://youtube.com/results?search_query=glsl+gl_pointsize+hindi,https://youtube.com/results?search_query=glsl+gl_pointsize+kannada,https://youtube.com/results?search_query=glsl+gl_pointsize+tamil,https://youtube.com/results?search_query=glsl+gl_pointsize+telugu
GLSL,Basic,What is gl_DepthRange in fragment shader?,Depth range,Depth buffer range,Depth mapping,Built-in variable,A,Built-in struct containing near and far depth range values.,gl_DepthRange,https://www.khronos.org/opengl/wiki/Fragment_Shader#Inputs,https://youtube.com/results?search_query=glsl+gl_depthrange,https://youtube.com/results?search_query=glsl+gl_depthrange+hindi,https://youtube.com/results?search_query=glsl+gl_depthrange+kannada,https://youtube.com/results?search_query=glsl+gl_depthrange+tamil,https://youtube.com/results?search_query=glsl+gl_depthrange+telugu
GLSL,Basic,What is gl_PointCoord in fragment shader?,Point coordinate,Point sprite coordinates,Particle texture,Built-in variable,A,Built-in vec2 containing coordinates within point primitive (0 to 1).,gl_PointCoord,https://www.khronos.org/opengl/wiki/Fragment_Shader#Inputs,https://youtube.com/results?search_query=glsl+gl_pointcoord,https://youtube.com/results?search_query=glsl+gl_pointcoord+hindi,https://youtube.com/results?search_query=glsl+gl_pointcoord+kannada,https://youtube.com/results?search_query=glsl+gl_pointcoord+tamil,https://youtube.com/results?search_query=glsl+gl_pointcoord+telugu
GLSL,Basic,What is gl_TexCoord[] in legacy GLSL?,Texture coordinate array,Multi-texture coords,Legacy variable,Built-in array,A,Legacy built-in array for texture coordinates (deprecated in modern GLSL).,gl_TexCoord,https://www.khronos.org/opengl/wiki/Built-in_Variable_(GLSL),https://youtube.com/results?search_query=glsl+gl_texcoord,https://youtube.com/results?search_query=glsl+gl_texcoord+hindi,https://youtube.com/results?search_query=glsl+gl_texcoord+kannada,https://youtube.com/results?search_query=glsl+gl_texcoord+tamil,https://youtube.com/results?search_query=glsl+gl_texcoord+telugu
GLSL,Basic,What is gl_Color[] in legacy GLSL?,Color array,Vertex colors,Legacy variable,Built-in array,A,Legacy built-in array for vertex colors (deprecated in modern GLSL).,gl_Color,https://www.khronos.org/opengl/wiki/Built-in_Variable_(GLSL),https://youtube.com/results?search_query=glsl+gl_color,https://youtube.com/results?search_query=glsl+gl_color+hindi,https://youtube.com/results?search_query=glsl+gl_color+kannada,https://youtube.com/results?search_query=glsl+gl_color+tamil,https://youtube.com/results?search_query=glsl+gl_color+telugu
GLSL,Basic,What is gl_Normal in legacy GLSL?,Normal vector,Vertex normal,Legacy variable,Built-in variable,A,Legacy built-in variable for vertex normal (deprecated in modern GLSL).,gl_Normal,https://www.khronos.org/opengl/wiki/Built-in_Variable_(GLSL),https://youtube.com/results?search_query=glsl+gl_normal,https://youtube.com/results?search_query=glsl+gl_normal+hindi,https://youtube.com/results?search_query=glsl+gl_normal+kannada,https://youtube.com/results?search_query=glsl+gl_normal+tamil,https://youtube.com/results?search_query=glsl+gl_normal+telugu
GLSL,Basic,What is gl_ModelViewProjectionMatrix in legacy?,MVP matrix,Transformation matrix,Legacy variable,Built-in matrix,A,"Legacy built-in matrix combining model, view, projection (deprecated).",MVP Matrix,https://www.khronos.org/opengl/wiki/Built-in_Variable_(GLSL),https://youtube.com/results?search_query=glsl+mvp+matrix,https://youtube.com/results?search_query=glsl+mvp+matrix+hindi,https://youtube.com/results?search_query=glsl+mvp+matrix+kannada,https://youtube.com/results?search_query=glsl+mvp+matrix+tamil,https://youtube.com/results?search_query=glsl+mvp+matrix+telugu
GLSL,Basic,How do you debug GLSL shaders?,Shader debugging,Error checking,Debug techniques,Development tools,A,"Use glGetShaderInfoLog(), render debug outputs, or external tools like RenderDoc.",Shader Debugging,https://www.khronos.org/opengl/wiki/Debugging_Tools,https://youtube.com/results?search_query=glsl+debugging,https://youtube.com/results?search_query=glsl+debugging+hindi,https://youtube.com/results?search_query=glsl+debugging+kannada,https://youtube.com/results?search_query=glsl+debugging+tamil,https://youtube.com/results?search_query=glsl+debugging+telugu
GLSL,Basic,What are shader compile errors in GLSL?,Compile errors,Syntax errors,Shader compilation,Error messages,A,"Errors when compiling shader source code: syntax errors, type mismatches.",Compile Errors,https://www.khronos.org/opengl/wiki/Shader_Compilation,https://youtube.com/results?search_query=glsl+compile+errors,https://youtube.com/results?search_query=glsl+compile+errors+hindi,https://youtube.com/results?search_query=glsl+compile+errors+kannada,https://youtube.com/results?search_query=glsl+compile+errors+tamil,https://youtube.com/results?search_query=glsl+compile+errors+telugu
GLSL,Basic,What are shader link errors in GLSL?,Link errors,Program linking,Shader compatibility,Error messages,A,"Errors when linking shaders into program: interface mismatches, etc.",Link Errors,https://www.khronos.org/opengl/wiki/Shader_Compilation,https://youtube.com/results?search_query=glsl+link+errors,https://youtube.com/results?search_query=glsl+link+errors+hindi,https://youtube.com/results?search_query=glsl+link+errors+kannada,https://youtube.com/results?search_query=glsl+link+errors+tamil,https://youtube.com/results?search_query=glsl+link+errors+telugu
GLSL,Basic,What is precision qualifier in GLSL ES?,Precision qualifier,Float precision,Mobile optimization,GLSL ES,A,"highp, mediump, lowp for float/int precision in OpenGL ES.",Precision Qualifiers,https://www.khronos.org/opengl/wiki/Type_Qualifier_(GLSL),https://youtube.com/results?search_query=glsl+precision+qualifiers,https://youtube.com/results?search_query=glsl+precision+qualifiers+hindi,https://youtube.com/results?search_query=glsl+precision+qualifiers+kannada,https://youtube.com/results?search_query=glsl+precision+qualifiers+tamil,https://youtube.com/results?search_query=glsl+precision+qualifiers+telugu
GLSL,Basic,What is discard keyword in GLSL?,Discard fragment,Early exit,Fragment rejection,discard keyword,A,"discard; stops fragment processing, no output written.",Discard Keyword,https://www.khronos.org/opengl/wiki/Fragment_Shader,https://youtube.com/results?search_query=glsl+discard+keyword,https://youtube.com/results?search_query=glsl+discard+keyword+hindi,https://youtube.com/results?search_query=glsl+discard+keyword+kannada,https://youtube.com/results?search_query=glsl+discard+keyword+tamil,https://youtube.com/results?search_query=glsl+discard+keyword+telugu
GLSL,Basic,What is gl_FragDepth in fragment shader?,Fragment depth,Depth output,Manual depth,Depth override,A,Built-in variable to manually set fragment depth value.,gl_FragDepth,https://www.khronos.org/opengl/wiki/Fragment_Shader#Outputs,https://youtube.com/results?search_query=glsl+gl_fragdepth,https://youtube.com/results?search_query=glsl+gl_fragdepth+hindi,https://youtube.com/results?search_query=glsl+gl_fragdepth+kannada,https://youtube.com/results?search_query=glsl+gl_fragdepth+tamil,https://youtube.com/results?search_query=glsl+gl_fragdepth+telugu
GLSL,Basic,What is early fragment tests in GLSL?,Early depth test,Optimization,Performance,Layout qualifier,A,layout(early_fragment_tests) in; enables early depth/stencil tests.,Early Fragment Tests,https://www.khronos.org/opengl/wiki/Early_Fragment_Test,https://youtube.com/results?search_query=glsl+early+fragment+tests,https://youtube.com/results?search_query=glsl+early+fragment+tests+hindi,https://youtube.com/results?search_query=glsl+early+fragment+tests+kannada,https://youtube.com/results?search_query=glsl+early+fragment+tests+tamil,https://youtube.com/results?search_query=glsl+early+fragment+tests+telugu
GLSL,Basic,What is invariant qualifier in GLSL?,Invariant,Precision guarantee,Consistent calculations,Layout qualifier,A,invariant qualifier ensures identical calculation results across shaders.,Invariant Qualifier,https://www.khronos.org/opengl/wiki/Type_Qualifier_(GLSL),https://youtube.com/results?search_query=glsl+invariant+qualifier,https://youtube.com/results?search_query=glsl+invariant+qualifier+hindi,https://youtube.com/results?search_query=glsl+invariant+qualifier+kannada,https://youtube.com/results?search_query=glsl+invariant+qualifier+tamil,https://youtube.com/results?search_query=glsl+invariant+qualifier+telugu
GLSL,Basic,What is flat qualifier in GLSL?,Flat shading,No interpolation,Integer interpolation,Interpolation qualifier,A,flat qualifier disables interpolation for integer outputs.,Flat Qualifier,https://www.khronos.org/opengl/wiki/Type_Qualifier_(GLSL),https://youtube.com/results?search_query=glsl+flat+qualifier,https://youtube.com/results?search_query=glsl+flat+qualifier+hindi,https://youtube.com/results?search_query=glsl+flat+qualifier+kannada,https://youtube.com/results?search_query=glsl+flat+qualifier+tamil,https://youtube.com/results?search_query=glsl+flat+qualifier+telugu
GLSL,Basic,What is noperspective qualifier in GLSL?,No perspective,Linear interpolation,Screen-space interpolation,Interpolation qualifier,A,noperspective qualifier uses linear screen-space interpolation.,Noperspective Qualifier,https://www.khronos.org/opengl/wiki/Type_Qualifier_(GLSL),https://youtube.com/results?search_query=glsl+noperspective+qualifier,https://youtube.com/results?search_query=glsl+noperspective+qualifier+hindi,https://youtube.com/results?search_query=glsl+noperspective+qualifier+kannada,https://youtube.com/results?search_query=glsl+noperspective+qualifier+tamil,https://youtube.com/results?search_query=glsl+noperspective+qualifier+telugu
GLSL,Basic,What is smooth qualifier in GLSL?,Smooth interpolation,Perspective correct,Default interpolation,Interpolation qualifier,A,smooth qualifier enables perspective-correct interpolation (default).,Smooth Qualifier,https://www.khronos.org/opengl/wiki/Type_Qualifier_(GLSL),https://youtube.com/results?search_query=glsl+smooth+qualifier,https://youtube.com/results?search_query=glsl+smooth+qualifier+hindi,https://youtube.com/results?search_query=glsl+smooth+qualifier+kannada,https://youtube.com/results?search_query=glsl+smooth+qualifier+tamil,https://youtube.com/results?search_query=glsl+smooth+qualifier+telugu
GLSL,Basic,What is centroid qualifier in GLSL?,Centroid sampling,Multisampling,Anti-aliasing,Interpolation qualifier,A,centroid qualifier ensures interpolation uses samples inside primitive.,Centroid Qualifier,https://www.khronos.org/opengl/wiki/Type_Qualifier_(GLSL),https://youtube.com/results?search_query=glsl+centroid+qualifier,https://youtube.com/results?search_query=glsl+centroid+qualifier+hindi,https://youtube.com/results?search_query=glsl+centroid+qualifier+kannada,https://youtube.com/results?search_query=glsl+centroid+qualifier+tamil,https://youtube.com/results?search_query=glsl+centroid+qualifier+telugu
GLSL,Basic,What is sample qualifier in GLSL?,Sample shading,Per-sample processing,Multisampling,Interpolation qualifier,A,sample qualifier forces per-sample interpolation for multisampling.,Sample Qualifier,https://www.khronos.org/opengl/wiki/Type_Qualifier_(GLSL),https://youtube.com/results?search_query=glsl+sample+qualifier,https://youtube.com/results?search_query=glsl+sample+qualifier+hindi,https://youtube.com/results?search_query=glsl+sample+qualifier+kannada,https://youtube.com/results?search_query=glsl+sample+qualifier+tamil,https://youtube.com/results?search_query=glsl+sample+qualifier+telugu
GLSL,Basic,What is patch qualifier in GLSL?,Tessellation patch,Control points,Tessellation input,Type qualifier,A,patch qualifier for tessellation control shader input/output.,Patch Qualifier,https://www.khronos.org/opengl/wiki/Type_Qualifier_(GLSL),https://youtube.com/results?search_query=glsl+patch+qualifier,https://youtube.com/results?search_query=glsl+patch+qualifier+hindi,https://youtube.com/results?search_query=glsl+patch+qualifier+kannada,https://youtube.com/results?search_query=glsl+patch+qualifier+tamil,https://youtube.com/results?search_query=glsl+patch+qualifier+telugu
GLSL,Basic,What is subroutine in GLSL?,Shader subroutines,Dynamic branching,Function pointers,Performance feature,A,Allows dynamic selection of shader functions at runtime.,Subroutines,https://www.khronos.org/opengl/wiki/Shader_Subroutine,https://youtube.com/results?search_query=glsl+subroutines,https://youtube.com/results?search_query=glsl+subroutines+hindi,https://youtube.com/results?search_query=glsl+subroutines+kannada,https://youtube.com/results?search_query=glsl+subroutines+tamil,https://youtube.com/results?search_query=glsl+subroutines+telugu
GLSL,Basic,What is interface block in GLSL?,Interface blocks,Structured data,Shader interface,Data organization,A,Groups variables into blocks for organized shader input/output.,Interface Blocks,https://www.khronos.org/opengl/wiki/Interface_Block_(GLSL),https://youtube.com/results?search_query=glsl+interface+blocks,https://youtube.com/results?search_query=glsl+interface+blocks+hindi,https://youtube.com/results?search_query=glsl+interface+blocks+kannada,https://youtube.com/results?search_query=glsl+interface+blocks+tamil,https://youtube.com/results?search_query=glsl+interface+blocks+telugu
GLSL,Basic,What is memory qualifier in GLSL?,Memory access,Buffer qualifiers,Read write,Memory semantics,A,"coherent, volatile, restrict, read_only, write_only for memory access.",Memory Qualifiers,https://www.khronos.org/opengl/wiki/Type_Qualifier_(GLSL),https://youtube.com/results?search_query=glsl+memory+qualifiers,https://youtube.com/results?search_query=glsl+memory+qualifiers+hindi,https://youtube.com/results?search_query=glsl+memory+qualifiers+kannada,https://youtube.com/results?search_query=glsl+memory+qualifiers+tamil,https://youtube.com/results?search_query=glsl+memory+qualifiers+telugu
GLSL,Basic,What is layout qualifier in GLSL?,Layout specification,Memory layout,Interface layout,Qualifier,A,"Specifies memory layout, location, binding for variables/buffers.",Layout Qualifier,https://www.khronos.org/opengl/wiki/Layout_Qualifier_(GLSL),https://youtube.com/results?search_query=glsl+layout+qualifier,https://youtube.com/results?search_query=glsl+layout+qualifier+hindi,https://youtube.com/results?search_query=glsl+layout+qualifier+kannada,https://youtube.com/results?search_query=glsl+layout+qualifier+tamil,https://youtube.com/results?search_query=glsl+layout+qualifier+telugu
GLSL,Basic,What is binding point in GLSL?,Texture binding,Uniform binding,Resource binding,Layout binding,A,layout(binding = 0) uniform sampler2D tex; assigns texture unit.,Binding Points,https://www.khronos.org/opengl/wiki/Layout_Qualifier_(GLSL),https://youtube.com/results?search_query=glsl+binding+points,https://youtube.com/results?search_query=glsl+binding+points+hindi,https://youtube.com/results?search_query=glsl+binding+points+kannada,https://youtube.com/results?search_query=glsl+binding+points+tamil,https://youtube.com/results?search_query=glsl+binding+points+telugu
GLSL,Basic,What is location qualifier in GLSL?,Attribute location,Vertex attribute,Input location,Layout location,A,layout(location = 0) in vec3 position; specifies attribute location.,Location Qualifier,https://www.khronos.org/opengl/wiki/Layout_Qualifier_(GLSL),https://youtube.com/results?search_query=glsl+location+qualifier,https://youtube.com/results?search_query=glsl+location+qualifier+hindi,https://youtube.com/results?search_query=glsl+location+qualifier+kannada,https://youtube.com/results?search_query=glsl+location+qualifier+tamil,https://youtube.com/results?search_query=glsl+location+qualifier+telugu
GLSL,Basic,What is component qualifier in GLSL?,Component packing,Vector packing,Memory packing,Layout component,A,"layout(location = 0, component = 0) for packing multiple variables.",Component Qualifier,https://www.khronos.org/opengl/wiki/Layout_Qualifier_(GLSL),https://youtube.com/results?search_query=glsl+component+qualifier,https://youtube.com/results?search_query=glsl+component+qualifier+hindi,https://youtube.com/results?search_query=glsl+component+qualifier+kannada,https://youtube.com/results?search_query=glsl+component+qualifier+tamil,https://youtube.com/results?search_query=glsl+component+qualifier+telugu
GLSL,Basic,What is std140 layout in GLSL?,Memory layout,Uniform buffer layout,Block layout,Layout std140,A,Standard layout for uniform blocks ensuring specific memory alignment.,Std140 Layout,https://www.khronos.org/opengl/wiki/Uniform_Buffer_Object,https://youtube.com/results?search_query=glsl+std140+layout,https://youtube.com/results?search_query=glsl+std140+layout+hindi,https://youtube.com/results?search_query=glsl+std140+layout+kannada,https://youtube.com/results?search_query=glsl+std140+layout+tamil,https://youtube.com/results?search_query=glsl+std140+layout+telugu
GLSL,Basic,What is std430 layout in GLSL?,Memory layout,Shader storage layout,Compute layout,Layout std430,A,Layout for shader storage blocks with different alignment rules.,Std430 Layout,https://www.khronos.org/opengl/wiki/Shader_Storage_Buffer_Object,https://youtube.com/results?search_query=glsl+std430+layout,https://youtube.com/results?search_query=glsl+std430+layout+hindi,https://youtube.com/results?search_query=glsl+std430+layout+kannada,https://youtube.com/results?search_query=glsl+std430+layout+tamil,https://youtube.com/results?search_query=glsl+std430+layout+telugu
GLSL,Basic,What is shared layout in GLSL?,Compute shared,Work group shared,Local memory,Layout shared,A,layout(shared) for compute shader shared memory within work group.,Shared Layout,https://www.khronos.org/opengl/wiki/Compute_Shader,https://youtube.com/results?search_query=glsl+shared+layout,https://youtube.com/results?search_query=glsl+shared+layout+hindi,https://youtube.com/results?search_query=glsl+shared+layout+kannada,https://youtube.com/results?search_query=glsl+shared+layout+tamil,https://youtube.com/results?search_query=glsl+shared+layout+telugu
GLSL,Basic,What is packed layout in GLSL?,Memory packing,Dense packing,Space optimization,Layout packed,A,layout(packed) for minimal memory usage (implementation dependent).,Packed Layout,https://www.khronos.org/opengl/wiki/Layout_Qualifier_(GLSL),https://youtube.com/results?search_query=glsl+packed+layout,https://youtube.com/results?search_query=glsl+packed+layout+hindi,https://youtube.com/results?search_query=glsl+packed+layout+kannada,https://youtube.com/results?search_query=glsl+packed+layout+tamil,https://youtube.com/results?search_query=glsl+packed+layout+telugu
GLSL,Basic,What is row_major layout in GLSL?,Matrix layout,Row major,Memory ordering,Layout row_major,A,layout(row_major) for row-major matrix storage (default is column-major).,Row Major Layout,https://www.khronos.org/opengl/wiki/Layout_Qualifier_(GLSL),https://youtube.com/results?search_query=glsl+row_major+layout,https://youtube.com/results?search_query=glsl+row_major+layout+hindi,https://youtube.com/results?search_query=glsl+row_major+layout+kannada,https://youtube.com/results?search_query=glsl+row_major+layout+tamil,https://youtube.com/results?search_query=glsl+row_major+layout+telugu
GLSL,Basic,What is column_major layout in GLSL?,Matrix layout,Column major,Default ordering,Layout column_major,A,layout(column_major) for column-major matrix storage (default).,Column Major Layout,https://www.khronos.org/opengl/wiki/Layout_Qualifier_(GLSL),https://youtube.com/results?search_query=glsl+column_major+layout,https://youtube.com/results?search_query=glsl+column_major+layout+hindi,https://youtube.com/results?search_query=glsl+column_major+layout+kannada,https://youtube.com/results?search_query=glsl+column_major+layout+tamil,https://youtube.com/results?search_query=glsl+column_major+layout+telugu
GLSL,Basic,What is offset qualifier in GLSL?,Memory offset,Field offset,Buffer offset,Layout offset,A,layout(offset = 16) for specifying byte offset in buffer blocks.,Offset Qualifier,https://www.khronos.org/opengl/wiki/Layout_Qualifier_(GLSL),https://youtube.com/results?search_query=glsl+offset+qualifier,https://youtube.com/results?search_query=glsl+offset+qualifier+hindi,https://youtube.com/results?search_query=glsl+offset+qualifier+kannada,https://youtube.com/results?search_query=glsl+offset+qualifier+tamil,https://youtube.com/results?search_query=glsl+offset+qualifier+telugu
GLSL,Basic,What is align qualifier in GLSL?,Memory alignment,Data alignment,Performance optimization,Layout align,A,layout(align = 16) for specifying alignment requirement in bytes.,Align Qualifier,https://www.khronos.org/opengl/wiki/Layout_Qualifier_(GLSL),https://youtube.com/results?search_query=glsl+align+qualifier,https://youtube.com/results?search_query=glsl+align+qualifier+hindi,https://youtube.com/results?search_query=glsl+align+qualifier+kannada,https://youtube.com/results?search_query=glsl+align+qualifier+tamil,https://youtube.com/results?search_query=glsl+align+qualifier+telugu
GLSL,Basic,What is push_constant in GLSL? (Vulkan),Push constants,Fast uniforms,Vulkan feature,Performance optimization,A,Small uniform data pushed directly to command buffer (Vulkan feature).,Push Constants,https://www.khronos.org/registry/vulkan/specs/1.3-extensions/man/html/vkCmdPushConstants.html,https://youtube.com/results?search_query=glsl+push+constants,https://youtube.com/results?search_query=glsl+push+constants+hindi,https://youtube.com/results?search_query=glsl+push+constants+kannada,https://youtube.com/results?search_query=glsl+push+constants+tamil,https://youtube.com/results?search_query=glsl+push+constants+telugu
GLSL,Basic,What is specialization constant in GLSL? (Vulkan),Specialization constants,Compile-time constants,Vulkan feature,Shader customization,A,Constants specified at pipeline creation time (Vulkan feature).,Specialization Constants,https://www.khronos.org/registry/vulkan/specs/1.3-extensions/man/html/VkSpecializationInfo.html,https://youtube.com/results?search_query=glsl+specialization+constants,https://youtube.com/results?search_query=glsl+specialization+constants+hindi,https://youtube.com/results?search_query=glsl+specialization+constants+kannada,https://youtube.com/results?search_query=glsl+specialization+constants+tamil,https://youtube.com/results?search_query=glsl+specialization+constants+telugu
GLSL,Basic,What is gl_WorkGroupSize in compute shader?,Work group size,Compute dimensions,Dispatch size,Built-in variable,A,gl_WorkGroupSize contains dimensions of work group in compute shader.,Work Group Size,https://www.khronos.org/opengl/wiki/Compute_Shader,https://youtube.com/results?search_query=glsl+workgroup+size,https://youtube.com/results?search_query=glsl+workgroup+size+hindi,https://youtube.com/results?search_query=glsl+workgroup+size+kannada,https://youtube.com/results?search_query=glsl+workgroup+size+tamil,https://youtube.com/results?search_query=glsl+workgroup+size+telugu
GLSL,Basic,What is gl_GlobalInvocationID in compute shader?,Global invocation ID,Unique thread ID,Compute thread,Built-in variable,A,gl_GlobalInvocationID contains unique global ID of compute invocation.,Global Invocation ID,https://www.khronos.org/opengl/wiki/Compute_Shader,https://youtube.com/results?search_query=glsl+globalinvocationid,https://youtube.com/results?search_query=glsl+globalinvocationid+hindi,https://youtube.com/results?search_query=glsl+globalinvocationid+kannada,https://youtube.com/results?search_query=glsl+globalinvocationid+tamil,https://youtube.com/results?search_query=glsl+globalinvocationid+telugu
GLSL,Basic,What is gl_LocalInvocationID in compute shader?,Local invocation ID,Work group thread ID,Compute thread,Built-in variable,A,gl_LocalInvocationID contains ID within work group in compute shader.,Local Invocation ID,https://www.khronos.org/opengl/wiki/Compute_Shader,https://youtube.com/results?search_query=glsl+localinvocationid,https://youtube.com/results?search_query=glsl+localinvocationid+hindi,https://youtube.com/results?search_query=glsl+localinvocationid+kannada,https://youtube.com/results?search_query=glsl+localinvocationid+tamil,https://youtube.com/results?search_query=glsl+localinvocationid+telugu
GLSL,Basic,What is gl_WorkGroupID in compute shader?,Work group ID,Group index,Compute group,Built-in variable,A,gl_WorkGroupID contains ID of work group in global dispatch.,Work Group ID,https://www.khronos.org/opengl/wiki/Compute_Shader,https://youtube.com/results?search_query=glsl+workgroupid,https://youtube.com/results?search_query=glsl+workgroupid+hindi,https://youtube.com/results?search_query=glsl+workgroupid+kannada,https://youtube.com/results?search_query=glsl+workgroupid+tamil,https://youtube.com/results?search_query=glsl+workgroupid+telugu
GLSL,Basic,What is gl_LocalInvocationIndex in compute shader?,Local index,Flat work group index,1D thread ID,Built-in variable,A,gl_LocalInvocationIndex contains 1D index of invocation within work group.,Local Invocation Index,https://www.khronos.org/opengl/wiki/Compute_Shader,https://youtube.com/results?search_query=glsl+localinvocationindex,https://youtube.com/results?search_query=glsl+localinvocationindex+hindi,https://youtube.com/results?search_query=glsl+localinvocationindex+kannada,https://youtube.com/results?search_query=glsl+localinvocationindex+tamil,https://youtube.com/results?search_query=glsl+localinvocationindex+telugu
GLSL,Basic,What is gl_NumWorkGroups in compute shader?,Number of groups,Dispatch size,Total groups,Built-in variable,A,gl_NumWorkGroups contains total number of work groups dispatched.,Num Work Groups,https://www.khronos.org/opengl/wiki/Compute_Shader,https://youtube.com/results?search_query=glsl+numworkgroups,https://youtube.com/results?search_query=glsl+numworkgroups+hindi,https://youtube.com/results?search_query=glsl+numworkgroups+kannada,https://youtube.com/results?search_query=glsl+numworkgroups+tamil,https://youtube.com/results?search_query=glsl+numworkgroups+telugu
GLSL,Basic,What is gl_PrimitiveID in geometry shader?,Primitive ID,Geometry identification,Shape index,Built-in variable,A,gl_PrimitiveID contains index of current primitive in geometry shader.,Primitive ID,https://www.khronos.org/opengl/wiki/Geometry_Shader,https://youtube.com/results?search_query=glsl+primitiveid,https://youtube.com/results?search_query=glsl+primitiveid+hindi,https://youtube.com/results?search_query=glsl+primitiveid+kannada,https://youtube.com/results?search_query=glsl+primitiveid+tamil,https://youtube.com/results?search_query=glsl+primitiveid+telugu
GLSL,Basic,What is gl_InvocationID in tessellation shader?,Invocation ID,Tessellation instance,Control point ID,Built-in variable,A,gl_InvocationID contains index of invocation in tessellation control shader.,Invocation ID,https://www.khronos.org/opengl/wiki/Tessellation_Control_Shader,https://youtube.com/results?search_query=glsl+invocationid,https://youtube.com/results?search_query=glsl+invocationid+hindi,https://youtube.com/results?search_query=glsl+invocationid+kannada,https://youtube.com/results?search_query=glsl+invocationid+tamil,https://youtube.com/results?search_query=glsl+invocationid+telugu
GLSL,Basic,What is gl_TessLevelInner[] in tessellation shader?,Tessellation levels,Inner subdivision,Detail control,Built-in array,A,gl_TessLevelInner[] controls inner tessellation levels.,Tess Level Inner,https://www.khronos.org/opengl/wiki/Tessellation_Control_Shader,https://youtube.com/results?search_query=glsl+tesslevelinner,https://youtube.com/results?search_query=glsl+tesslevelinner+hindi,https://youtube.com/results?search_query=glsl+tesslevelinner+kannada,https://youtube.com/results?search_query=glsl+tesslevelinner+tamil,https://youtube.com/results?search_query=glsl+tesslevelinner+telugu
GLSL,Basic,What is gl_TessLevelOuter[] in tessellation shader?,Tessellation levels,Outer edges,Boundary control,Built-in array,A,gl_TessLevelOuter[] controls outer edge tessellation levels.,Tess Level Outer,https://www.khronos.org/opengl/wiki/Tessellation_Control_Shader,https://youtube.com/results?search_query=glsl+tesslevelouter,https://youtube.com/results?search_query=glsl+tesslevelouter+hindi,https://youtube.com/results?search_query=glsl+tesslevelouter+kannada,https://youtube.com/results?search_query=glsl+tesslevelouter+tamil,https://youtube.com/results?search_query=glsl+tesslevelouter+telugu
GLSL,Basic,What is gl_TessCoord in tessellation evaluation shader?,Tessellation coordinates,UVW coordinates,Parametric coordinates,Built-in variable,A,gl_TessCoord contains barycentric/parametric coordinates within patch.,Tess Coord,https://www.khronos.org/opengl/wiki/Tessellation_Evaluation_Shader,https://youtube.com/results?search_query=glsl+tesscoord,https://youtube.com/results?search_query=glsl+tesscoord+hindi,https://youtube.com/results?search_query=glsl+tesscoord+kannada,https://youtube.com/results?search_query=glsl+tesscoord+tamil,https://youtube.com/results?search_query=glsl+tesscoord+telugu
GLSL,Basic,What is gl_PatchVerticesIn in tessellation shader?,Patch vertices,Input size,Patch size,Built-in variable,A,gl_PatchVerticesIn contains number of vertices in input patch.,Patch Vertices In,https://www.khronos.org/opengl/wiki/Tessellation_Control_Shader,https://youtube.com/results?search_query=glsl+patchverticesin,https://youtube.com/results?search_query=glsl+patchverticesin+hindi,https://youtube.com/results?search_query=glsl+patchverticesin+kannada,https://youtube.com/results?search_query=glsl+patchverticesin+tamil,https://youtube.com/results?search_query=glsl+patchverticesin+telugu
GLSL,Basic,What is gl_in[] in geometry/tessellation shader?,Input array,Primitive data,Shader input,Built-in array,A,gl_in[] array contains input data in geometry/tessellation shaders.,gl_in Array,https://www.khronos.org/opengl/wiki/Geometry_Shader,https://youtube.com/results?search_query=glsl+gl_in+array,https://youtube.com/results?search_query=glsl+gl_in+array+hindi,https://youtube.com/results?search_query=glsl+gl_in+array+kannada,https://youtube.com/results?search_query=glsl+gl_in+array+tamil,https://youtube.com/results?search_query=glsl+gl_in+array+telugu
GLSL,Basic,What is gl_out[] in geometry/tessellation shader?,Output array,Primitive output,Shader output,Built-in array,A,gl_out[] array for output data in geometry/tessellation shaders.,gl_out Array,https://www.khronos.org/opengl/wiki/Geometry_Shader,https://youtube.com/results?search_query=glsl+gl_out+array,https://youtube.com/results?search_query=glsl+gl_out+array+hindi,https://youtube.com/results?search_query=glsl+gl_out+array+kannada,https://youtube.com/results?search_query=glsl+gl_out+array+tamil,https://youtube.com/results?search_query=glsl+gl_out+array+telugu
GLSL,Basic,What is EmitVertex() in geometry shader?,Vertex emission,Geometry generation,Output creation,Geometry function,A,EmitVertex() outputs a vertex from geometry shader.,EmitVertex Function,https://www.khronos.org/opengl/wiki/Geometry_Shader,https://youtube.com/results?search_query=glsl+emitvertex,https://youtube.com/results?search_query=glsl+emitvertex+hindi,https://youtube.com/results?search_query=glsl+emitvertex+kannada,https://youtube.com/results?search_query=glsl+emitvertex+tamil,https://youtube.com/results?search_query=glsl+emitvertex+telugu
GLSL,Basic,What is EndPrimitive() in geometry shader?,Primitive completion,Geometry finalization,Shape ending,Geometry function,A,EndPrimitive() completes current primitive in geometry shader.,EndPrimitive Function,https://www.khronos.org/opengl/wiki/Geometry_Shader,https://youtube.com/results?search_query=glsl+endprimitive,https://youtube.com/results?search_query=glsl+endprimitive+hindi,https://youtube.com/results?search_query=glsl+endprimitive+kannada,https://youtube.com/results?search_query=glsl+endprimitive+tamil,https://youtube.com/results?search_query=glsl+endprimitive+telugu
GLSL,Basic,What is barrier() in compute shader?,Thread synchronization,Memory barrier,Work group sync,Compute function,A,barrier() synchronizes all threads in work group in compute shader.,Barrier Function Compute,https://www.khronos.org/opengl/wiki/Compute_Shader,https://youtube.com/results?search_query=glsl+barrier+compute,https://youtube.com/results?search_query=glsl+barrier+compute+hindi,https://youtube.com/results?search_query=glsl+barrier+compute+kannada,https://youtube.com/results?search_query=glsl+barrier+compute+tamil,https://youtube.com/results?search_query=glsl+barrier+compute+telugu
GLSL,Basic,What is memoryBarrier() in GLSL?,Memory barrier,Memory synchronization,Access ordering,Memory function,A,memoryBarrier() ensures memory operations complete before continuing.,Memory Barrier,https://www.khronos.org/opengl/wiki/Memory_Model,https://youtube.com/results?search_query=glsl+memorybarrier,https://youtube.com/results?search_query=glsl+memorybarrier+hindi,https://youtube.com/results?search_query=glsl+memorybarrier+kannada,https://youtube.com/results?search_query=glsl+memorybarrier+tamil,https://youtube.com/results?search_query=glsl+memorybarrier+telugu
GLSL,Basic,What is groupMemoryBarrier() in GLSL?,Group memory barrier,Work group sync,Shared memory,Compute function,A,groupMemoryBarrier() synchronizes shared memory in compute shader.,Group Memory Barrier,https://www.khronos.org/opengl/wiki/Compute_Shader,https://youtube.com/results?search_query=glsl+groupmemorybarrier,https://youtube.com/results?search_query=glsl+groupmemorybarrier+hindi,https://youtube.com/results?search_query=glsl+groupmemorybarrier+kannada,https://youtube.com/results?search_query=glsl+groupmemorybarrier+tamil,https://youtube.com/results?search_query=glsl+groupmemorybarrier+telugu
GLSL,Basic,What is atomicAdd() in GLSL?,Atomic addition,Thread-safe addition,Mutual exclusion,Atomic function,A,"int old = atomicAdd(address, data); atomically adds to variable.",Atomic Add,https://www.khronos.org/opengl/wiki/Memory_Model#Atomic_operations,https://youtube.com/results?search_query=glsl+atomicadd,https://youtube.com/results?search_query=glsl+atomicadd+hindi,https://youtube.com/results?search_query=glsl+atomicadd+kannada,https://youtube.com/results?search_query=glsl+atomicadd+tamil,https://youtube.com/results?search_query=glsl+atomicadd+telugu
GLSL,Basic,What is image2D in GLSL?,Image texture,Read-write texture,Storage image,GLSL image,A,image2D for read-write image access (different from sampler2D).,Image2D Type,https://www.khronos.org/opengl/wiki/Image_Load_Store,https://youtube.com/results?search_query=glsl+image2d,https://youtube.com/results?search_query=glsl+image2d+hindi,https://youtube.com/results?search_query=glsl+image2d+kannada,https://youtube.com/results?search_query=glsl+image2d+tamil,https://youtube.com/results?search_query=glsl+image2d+telugu
GLSL,Basic,What is imageLoad() in GLSL?,Image reading,Texture read,Load pixel,Image function,A,"vec4 pixel = imageLoad(image, ivec2(x, y)); reads from image.",Image Load,https://www.khronos.org/opengl/wiki/Image_Load_Store,https://youtube.com/results?search_query=glsl+imageload,https://youtube.com/results?search_query=glsl+imageload+hindi,https://youtube.com/results?search_query=glsl+imageload+kannada,https://youtube.com/results?search_query=glsl+imageload+tamil,https://youtube.com/results?search_query=glsl+imageload+telugu
GLSL,Basic,What is imageStore() in GLSL?,Image writing,Texture write,Store pixel,Image function,A,"imageStore(image, ivec2(x, y), color); writes to image.",Image Store,https://www.khronos.org/opengl/wiki/Image_Load_Store,https://youtube.com/results?search_query=glsl+imagestore,https://youtube.com/results?search_query=glsl+imagestore+hindi,https://youtube.com/results?search_query=glsl+imagestore+kannada,https://youtube.com/results?search_query=glsl+imagestore+tamil,https://youtube.com/results?search_query=glsl+imagestore+telugu
GLSL,Basic,What is imageAtomicAdd() in GLSL?,Atomic image,Thread-safe image,Image atomic,Atomic function,A,"int old = imageAtomicAdd(image, coord, data); atomically adds to image.",Image Atomic Add,https://www.khronos.org/opengl/wiki/Image_Load_Store,https://youtube.com/results?search_query=glsl+imageatomicadd,https://youtube.com/results?search_query=glsl+imageatomicadd+hindi,https://youtube.com/results?search_query=glsl+imageatomicadd+kannada,https://youtube.com/results?search_query=glsl+imageatomicadd+tamil,https://youtube.com/results?search_query=glsl+imageatomicadd+telugu
GLSL,Basic,What is bitfieldExtract() in GLSL?,Bitfield extraction,Bit manipulation,Packing bits,GLSL bit,A,"int bits = bitfieldExtract(value, offset, bits); extracts bit field.",Bitfield Extract,https://www.khronos.org/opengl/wiki/GLSL_Common_Functions,https://youtube.com/results?search_query=glsl+bitfieldextract,https://youtube.com/results?search_query=glsl+bitfieldextract+hindi,https://youtube.com/results?search_query=glsl+bitfieldextract+kannada,https://youtube.com/results?search_query=glsl+bitfieldextract+tamil,https://youtube.com/results?search_query=glsl+bitfieldextract+telugu
GLSL,Basic,What is bitfieldInsert() in GLSL?,Bitfield insertion,Bit manipulation,Packing bits,GLSL bit,A,"int result = bitfieldInsert(base, insert, offset, bits); inserts bits.",Bitfield Insert,https://www.khronos.org/opengl/wiki/GLSL_Common_Functions,https://youtube.com/results?search_query=glsl+bitfieldinsert,https://youtube.com/results?search_query=glsl+bitfieldinsert+hindi,https://youtube.com/results?search_query=glsl+bitfieldinsert+kannada,https://youtube.com/results?search_query=glsl+bitfieldinsert+tamil,https://youtube.com/results?search_query=glsl+bitfieldinsert+telugu
GLSL,Basic,What is findLSB() in GLSL?,Least significant bit,Bit finding,Bit manipulation,GLSL bit,A,int pos = findLSB(value); finds position of least significant 1 bit.,Find LSB,https://www.khronos.org/opengl/wiki/GLSL_Common_Functions,https://youtube.com/results?search_query=glsl+findlsb,https://youtube.com/results?search_query=glsl+findlsb+hindi,https://youtube.com/results?search_query=glsl+findlsb+kannada,https://youtube.com/results?search_query=glsl+findlsb+tamil,https://youtube.com/results?search_query=glsl+findlsb+telugu
GLSL,Basic,What is findMSB() in GLSL?,Most significant bit,Bit finding,Bit manipulation,GLSL bit,A,int pos = findMSB(value); finds position of most significant 1 bit.,Find MSB,https://www.khronos.org/opengl/wiki/GLSL_Common_Functions,https://youtube.com/results?search_query=glsl+findmsb,https://youtube.com/results?search_query=glsl+findmsb+hindi,https://youtube.com/results?search_query=glsl+findmsb+kannada,https://youtube.com/results?search_query=glsl+findmsb+tamil,https://youtube.com/results?search_query=glsl+findmsb+telugu
GLSL,Basic,What is packUnorm4x8() in GLSL?,Packing,Normalized packing,Color packing,GLSL pack,A,uint packed = packUnorm4x8(vec4); packs normalized vec4 into uint.,Pack Unorm4x8,https://www.khronos.org/opengl/wiki/GLSL_Common_Functions,https://youtube.com/results?search_query=glsl+packunorm4x8,https://youtube.com/results?search_query=glsl+packunorm4x8+hindi,https://youtube.com/results?search_query=glsl+packunorm4x8+kannada,https://youtube.com/results?search_query=glsl+packunorm4x8+tamil,https://youtube.com/results?search_query=glsl+packunorm4x8+telugu
GLSL,Basic,What is unpackUnorm4x8() in GLSL?,Unpacking,Normalized unpacking,Color unpacking,GLSL unpack,A,vec4 color = unpackUnorm4x8(packed); unpacks uint to normalized vec4.,Unpack Unorm4x8,https://www.khronos.org/opengl/wiki/GLSL_Common_Functions,https://youtube.com/results?search_query=glsl+unpackunorm4x8,https://youtube.com/results?search_query=glsl+unpackunorm4x8+hindi,https://youtube.com/results?search_query=glsl+unpackunorm4x8+kannada,https://youtube.com/results?search_query=glsl+unpackunorm4x8+tamil,https://youtube.com/results?search_query=glsl+unpackunorm4x8+telugu
GLSL,Basic,What is packSnorm4x8() in GLSL?,Signed packing,Normalized signed,Color packing,GLSL pack,A,uint packed = packSnorm4x8(vec4); packs signed normalized vec4.,Pack Snorm4x8,https://www.khronos.org/opengl/wiki/GLSL_Common_Functions,https://youtube.com/results?search_query=glsl+packsnorm4x8,https://youtube.com/results?search_query=glsl+packsnorm4x8+hindi,https://youtube.com/results?search_query=glsl+packsnorm4x8+kannada,https://youtube.com/results?search_query=glsl+packsnorm4x8+tamil,https://youtube.com/results?search_query=glsl+packsnorm4x8+telugu
GLSL,Basic,What is unpackSnorm4x8() in GLSL?,Signed unpacking,Normalized signed,Color unpacking,GLSL unpack,A,vec4 color = unpackSnorm4x8(packed); unpacks to signed normalized vec4.,Unpack Snorm4x8,https://www.khronos.org/opengl/wiki/GLSL_Common_Functions,https://youtube.com/results?search_query=glsl+unpacksnorm4x8,https://youtube.com/results?search_query=glsl+unpacksnorm4x8+hindi,https://youtube.com/results?search_query=glsl+unpacksnorm4x8+kannada,https://youtube.com/results?search_query=glsl+unpacksnorm4x8+tamil,https://youtube.com/results?search_query=glsl+unpacksnorm4x8+telugu
GLSL,Basic,What is packHalf2x16() in GLSL?,Half float packing,FP16 packing,Vector packing,GLSL pack,A,uint packed = packHalf2x16(vec2); packs two half floats into uint.,Pack Half2x16,https://www.khronos.org/opengl/wiki/GLSL_Common_Functions,https://youtube.com/results?search_query=glsl+packhalf2x16,https://youtube.com/results?search_query=glsl+packhalf2x16+hindi,https://youtube.com/results?search_query=glsl+packhalf2x16+kannada,https://youtube.com/results?search_query=glsl+packhalf2x16+tamil,https://youtube.com/results?search_query=glsl+packhalf2x16+telugu
GLSL,Basic,What is unpackHalf2x16() in GLSL?,Half float unpacking,FP16 unpacking,Vector unpacking,GLSL unpack,A,vec2 values = unpackHalf2x16(packed); unpacks uint to two half floats.,Unpack Half2x16,https://www.khronos.org/opengl/wiki/GLSL_Common_Functions,https://youtube.com/results?search_query=glsl+unpackhalf2x16,https://youtube.com/results?search_query=glsl+unpackhalf2x16+hindi,https://youtube.com/results?search_query=glsl+unpackhalf2x16+kannada,https://youtube.com/results?search_query=glsl+unpackhalf2x16+tamil,https://youtube.com/results?search_query=glsl+unpackhalf2x16+telugu
GLSL,Basic,What is packDouble2x32() in GLSL?,Double packing,64-bit packing,Vector packing,GLSL pack,A,double packed = packDouble2x32(uvec2); packs two uints into double.,Pack Double2x32,https://www.khronos.org/opengl/wiki/GLSL_Common_Functions,https://youtube.com/results?search_query=glsl+packdouble2x32,https://youtube.com/results?search_query=glsl+packdouble2x32+hindi,https://youtube.com/results?search_query=glsl+packdouble2x32+kannada,https://youtube.com/results?search_query=glsl+packdouble2x32+tamil,https://youtube.com/results?search_query=glsl+packdouble2x32+telugu
GLSL,Basic,What is unpackDouble2x32() in GLSL?,Double unpacking,64-bit unpacking,Vector unpacking,GLSL unpack,A,uvec2 values = unpackDouble2x32(packed); unpacks double to two uints.,Unpack Double2x32,https://www.khronos.org/opengl/wiki/GLSL_Common_Functions,https://youtube.com/results?search_query=glsl+unpackdouble2x32,https://youtube.com/results?search_query=glsl+unpackdouble2x32+hindi,https://youtube.com/results?search_query=glsl+unpackdouble2x32+kannada,https://youtube.com/results?search_query=glsl+unpackdouble2x32+tamil,https://youtube.com/results?search_query=glsl+unpackdouble2x32+telugu
GLSL,Basic,What is packUnorm2x16() in GLSL?,2-component packing,Normalized packing,Vector packing,GLSL pack,A,uint packed = packUnorm2x16(vec2); packs normalized vec2 into uint.,Pack Unorm2x16,https://www.khronos.org/opengl/wiki/GLSL_Common_Functions,https://youtube.com/results?search_query=glsl+packunorm2x16,https://youtube.com/results?search_query=glsl+packunorm2x16+hindi,https://youtube.com/results?search_query=glsl+packunorm2x16+kannada,https://youtube.com/results?search_query=glsl+packunorm2x16+tamil,https://youtube.com/results?search_query=glsl+packunorm2x16+telugu
GLSL,Basic,What is unpackUnorm2x16() in GLSL?,2-component unpacking,Normalized unpacking,Vector unpacking,GLSL unpack,A,vec2 values = unpackUnorm2x16(packed); unpacks uint to normalized vec2.,Unpack Unorm2x16,https://www.khronos.org/opengl/wiki/GLSL_Common_Functions,https://youtube.com/results?search_query=glsl+unpackunorm2x16,https://youtube.com/results?search_query=glsl+unpackunorm2x16+hindi,https://youtube.com/results?search_query=glsl+unpackunorm2x16+kannada,https://youtube.com/results?search_query=glsl+unpackunorm2x16+tamil,https://youtube.com/results?search_query=glsl+unpackunorm2x16+telugu
GLSL,Basic,What is packSnorm2x16() in GLSL?,Signed 2-component packing,Normalized signed,Vector packing,GLSL pack,A,uint packed = packSnorm2x16(vec2); packs signed normalized vec2.,Pack Snorm2x16,https://www.khronos.org/opengl/wiki/GLSL_Common_Functions,https://youtube.com/results?search_query=glsl+packsnorm2x16,https://youtube.com/results?search_query=glsl+packsnorm2x16+hindi,https://youtube.com/results?search_query=glsl+packsnorm2x16+kannada,https://youtube.com/results?search_query=glsl+packsnorm2x16+tamil,https://youtube.com/results?search_query=glsl+packsnorm2x16+telugu
GLSL,Basic,What is unpackSnorm2x16() in GLSL?,Signed 2-component unpacking,Normalized signed,Vector unpacking,GLSL unpack,A,vec2 values = unpackSnorm2x16(packed); unpacks to signed normalized vec2.,Unpack Snorm2x16,https://www.khronos.org/opengl/wiki/GLSL_Common_Functions,https://youtube.com/results?search_query=glsl+unpacksnorm2x16,https://youtube.com/results?search_query=glsl+unpacksnorm2x16+hindi,https://youtube.com/results?search_query=glsl+unpacksnorm2x16+kannada,https://youtube.com/results?search_query=glsl+unpacksnorm2x16+tamil,https://youtube.com/results?search_query=glsl+unpacksnorm2x16+telugu