AWS,Advanced,What is AWS Global Accelerator?,Network acceleration,Global routing,Performance optimization,Traffic manager,A,Global Accelerator improves availability and performance of global applications.,Networking,https://docs.aws.amazon.com/global-accelerator/latest/dg/what-is-global-accelerator.html,https://youtube.com/results?search_query=aws+global+accelerator,https://youtube.com/results?search_query=aws+global+accelerator+hindi,https://youtube.com/results?search_query=aws+global+accelerator+kannada,https://youtube.com/results?search_query=aws+global+accelerator+tamil,https://youtube.com/results?search_query=aws+global+accelerator+telugu
AWS,Advanced,What is AWS App Mesh?,Service mesh,Microservices networking,Service communication,App networking,A,App Mesh makes it easy to monitor and control microservices.,Containers,https://docs.aws.amazon.com/app-mesh/latest/userguide/what-is-app-mesh.html,https://youtube.com/results?search_query=aws+app+mesh,https://youtube.com/results?search_query=aws+app+mesh+hindi,https://youtube.com/results?search_query=aws+app+mesh+kannada,https://youtube.com/results?search_query=aws+app+mesh+tamil,https://youtube.com/results?search_query=aws+app+mesh+telugu
AWS,Advanced,What is AWS Network Firewall?,Network security,Stateful firewall,Network protection,Traffic inspection,A,Network Firewall provides network protection across VPCs.,Security,https://docs.aws.amazon.com/network-firewall/latest/developerguide/what-is-aws-network-firewall.html,https://youtube.com/results?search_query=aws+network+firewall,https://youtube.com/results?search_query=aws+network+firewall+hindi,https://youtube.com/results?search_query=aws+network+firewall+kannada,https://youtube.com/results?search_query=aws+network+firewall+tamil,https://youtube.com/results?search_query=aws+network+firewall+telugu
AWS,Advanced,What is AWS Firewall Manager?,Central firewall management,Security management,Policy management,Firewall governance,A,Firewall Manager centrally manages firewall rules across accounts.,Security,https://docs.aws.amazon.com/waf/latest/developerguide/what-is-aws-firewall-manager.html,https://youtube.com/results?search_query=aws+firewall+manager,https://youtube.com/results?search_query=aws+firewall+manager+hindi,https://youtube.com/results?search_query=aws+firewall+manager+kannada,https://youtube.com/results?search_query=aws+firewall+manager+tamil,https://youtube.com/results?search_query=aws+firewall+manager+telugu
AWS,Advanced,What is AWS Certificate Manager?,SSL/TLS certificate management,Certificate authority,SSL certificates,Security certificates,A,Certificate Manager provisions, manages, and deploys SSL/TLS certificates.,Security,https://docs.aws.amazon.com/acm/latest/userguide/acm-overview.html,https://youtube.com/results?search_query=aws+certificate+manager,https://youtube.com/results?search_query=aws+certificate+manager+hindi,https://youtube.com/results?search_query=aws+certificate+manager+kannada,https://youtube.com/results?search_query=aws+certificate+manager+tamil,https://youtube.com/results?search_query=aws+certificate+manager+telugu
AWS,Advanced,What is AWS Artifact?,Compliance documents,Audit artifacts,Security reports,Compliance portal,A,Artifact provides on-demand access to AWS security and compliance reports.,Security,https://docs.aws.amazon.com/artifact/latest/ug/what-is-aws-artifact.html,https://youtube.com/results?search_query=aws+artifact,https://youtube.com/results?search_query=aws+artifact+hindi,https://youtube.com/results?search_query=aws+artifact+kannada,https://youtube.com/results?search_query=aws+artifact+tamil,https://youtube.com/results?search_query=aws+artifact+telugu
AWS,Advanced,What is AWS Detective?,Security investigation,Threat investigation,Security analysis,Incident investigation,A,Detective analyzes security findings to identify root causes.,Security,https://docs.aws.amazon.com/detective/latest/adminguide/what-is-detective.html,https://youtube.com/results?search_query=aws+detective,https://youtube.com/results?search_query=aws+detective+hindi,https://youtube.com/results?search_query=aws+detective+kannada,https://youtube.com/results?search_query=aws+detective+tamil,https://youtube.com/results?search_query=aws+detective+telugu
AWS,Advanced,What is AWS Security Hub?,Security compliance,Security findings aggregation,Security dashboard,Compliance monitoring,A,Security Hub provides comprehensive view of security alerts and compliance.,Security,https://docs.aws.amazon.com/securityhub/latest/userguide/what-is-securityhub.html,https://youtube.com/results?search_query=aws+security+hub,https://youtube.com/results?search_query=aws+security+hub+hindi,https://youtube.com/results?search_query=aws+security+hub+kannada,https://youtube.com/results?search_query=aws+security+hub+tamil,https://youtube.com/results?search_query=aws+security+hub+telugu
AWS,Advanced,What is AWS SSO?,Single sign-on,Identity federation,Centralized access,User management,A,SSO provides centralized access to multiple AWS accounts and applications.,Security,https://docs.aws.amazon.com/singlesignon/latest/userguide/what-is.html,https://youtube.com/results?search_query=aws+sso,https://youtube.com/results?search_query=aws+sso+hindi,https://youtube.com/results?search_query=aws+sso+kannada,https://youtube.com/results?search_query=aws+sso+tamil,https://youtube.com/results?search_query=aws+sso+telugu
AWS,Advanced,What is AWS Control Tower?,Multi-account governance,Landing zone setup,Account management,Compliance guardrails,A,Control Tower sets up and governs secure multi-account AWS environments.,Governance,https://docs.aws.amazon.com/controltower/latest/userguide/what-is-control-tower.html,https://youtube.com/results?search_query=aws+control+tower,https://youtube.com/results?search_query=aws+control+tower+hindi,https://youtube.com/results?search_query=aws+control+tower+kannada,https://youtube.com/results?search_query=aws+control+tower+tamil,https://youtube.com/results?search_query=aws+control+tower+telugu
AWS,Advanced,What is AWS CloudShell?,Browser-based shell,Command line,Cloud terminal,Shell access,A,CloudShell provides browser-based shell access to AWS resources.,Management,https://docs.aws.amazon.com/cloudshell/latest/userguide/welcome.html,https://youtube.com/results?search_query=aws+cloudshell,https://youtube.com/results?search_query=aws+cloudshell+hindi,https://youtube.com/results?search_query=aws+cloudshell+kannada,https://youtube.com/results?search_query=aws+cloudshell+tamil,https://youtube.com/results?search_query=aws+cloudshell+telugu
AWS,Advanced,What is AWS Data Exchange?,Find and subscribe to data,Data marketplace,Data subscription,Third-party data,A,Data Exchange makes it easy to find, subscribe to, and use third-party data.,Analytics,https://docs.aws.amazon.com/data-exchange/latest/userguide/what-is.html,https://youtube.com/results?search_query=aws+data+exchange,https://youtube.com/results?search_query=aws+data+exchange+hindi,https://youtube.com/results?search_query=aws+data+exchange+kannada,https://youtube.com/results?search_query=aws+data+exchange+tamil,https://youtube.com/results?search_query=aws+data+exchange+telugu
AWS,Advanced,What is AWS Managed Grafana?,Visualization platform,Dashboard service,Metrics visualization,Monitoring dashboards,A,Managed Grafana provides managed service for Grafana dashboards.,Monitoring,https://docs.aws.amazon.com/grafana/latest/userguide/what-is-Amazon-Managed-Service-Grafana.html,https://youtube.com/results?search_query=aws+managed+grafana,https://youtube.com/results?search_query=aws+managed+grafana+hindi,https://youtube.com/results?search_query=aws+managed+grafana+kannada,https://youtube.com/results?search_query=aws+managed+grafana+tamil,https://youtube.com/results?search_query=aws+managed+grafana+telugu
AWS,Advanced,What is AWS Managed Prometheus?,Metrics collection,Prometheus monitoring,Time-series metrics,Container metrics,A,Managed Prometheus provides managed service for Prometheus monitoring.,Monitoring,https://docs.aws.amazon.com/prometheus/latest/userguide/what-is-Amazon-Managed-Service-Prometheus.html,https://youtube.com/results?search_query=aws+managed+prometheus,https://youtube.com/results?search_query=aws+managed+prometheus+hindi,https://youtube.com/results?search_query=aws+managed+prometheus+kannada,https://youtube.com/results?search_query=aws+managed+prometheus+tamil,https://youtube.com/results?search_query=aws+managed+prometheus+telugu
AWS,Advanced,What is AWS PrivateLink?,Private connectivity,Private endpoint,VPC endpoint service,Secure connection,A,PrivateLink enables private connectivity between VPCs and AWS services.,Networking,https://docs.aws.amazon.com/vpc/latest/privatelink/what-is-privatelink.html,https://youtube.com/results?search_query=aws+privatelink,https://youtube.com/results?search_query=aws+privatelink+hindi,https://youtube.com/results?search_query=aws+privatelink+kannada,https://youtube.com/results?search_query=aws+privatelink+tamil,https://youtube.com/results?search_query=aws+privatelink+telugu

skill,level,question_text,option_a,option_b,option_c,option_d,correct_answer,explanation,topic,mdn_link,youtube_english,youtube_hindi,youtube_kannada,youtube_tamil,youtube_telugu
AWS,Advanced,What is AWS Organizations used for?,Manage multiple AWS accounts,Store files,Run EC2 instances,Monitor logs,A,AWS Organizations helps manage billing and policies across multiple accounts.,Account Management,https://docs.aws.amazon.com/organizations/latest/userguide/orgs_introduction.html,https://youtube.com/results?search_query=aws+organizations+advanced,https://youtube.com/results?search_query=aws+organizations+hindi,https://youtube.com/results?search_query=aws+organizations+kannada,https://youtube.com/results?search_query=aws+organizations+tamil,https://youtube.com/results?search_query=aws+organizations+telugu
AWS,Advanced,What is SCP in AWS?,Service Control Policy,Security Control Panel,System Control Process,Storage Control Policy,A,SCP restricts permissions across accounts.,Security,https://docs.aws.amazon.com/organizations/latest/userguide/orgs_manage_policies_scps.html,https://youtube.com/results?search_query=aws+scp+tutorial,https://youtube.com/results?search_query=aws+scp+hindi,https://youtube.com/results?search_query=aws+scp+kannada,https://youtube.com/results?search_query=aws+scp+tamil,https://youtube.com/results?search_query=aws+scp+telugu
AWS,Advanced,What is AWS CloudFormation?,Infrastructure as Code service,Monitoring tool,Database engine,CDN,A,CloudFormation automates infrastructure setup.,Infrastructure,https://docs.aws.amazon.com/cloudformation/index.html,https://youtube.com/results?search_query=aws+cloudformation+advanced,https://youtube.com/results?search_query=aws+cloudformation+hindi,https://youtube.com/results?search_query=aws+cloudformation+kannada,https://youtube.com/results?search_query=aws+cloudformation+tamil,https://youtube.com/results?search_query=aws+cloudformation+telugu
AWS,Advanced,Template format in CloudFormation?,JSON/YAML,XML,INI,CSV,A,CloudFormation supports JSON and YAML.,Infrastructure,https://docs.aws.amazon.com/AWSCloudFormation/latest/UserGuide/template-formats.html,https://youtube.com/results?search_query=aws+cloudformation+advanced,https://youtube.com/results?search_query=aws+cloudformation+hindi,https://youtube.com/results?search_query=aws+cloudformation+kannada,https://youtube.com/results?search_query=aws+cloudformation+tamil,https://youtube.com/results?search_query=aws+cloudformation+telugu
AWS,Advanced,What is AWS Lambda?,Serverless compute,Database,Storage service,CDN,A,Lambda runs code without managing servers.,Serverless,https://docs.aws.amazon.com/lambda/latest/dg/welcome.html,https://youtube.com/results?search_query=aws+lambda+advanced,https://youtube.com/results?search_query=aws+lambda+hindi,https://youtube.com/results?search_query=aws+lambda+kannada,https://youtube.com/results?search_query=aws+lambda+tamil,https://youtube.com/results?search_query=aws+lambda+telugu
AWS,Advanced,Max Lambda timeout?,15 minutes,5 minutes,1 hour,30 minutes,A,Maximum execution time is 15 minutes.,Serverless,https://docs.aws.amazon.com/lambda/latest/dg/configuration-timeout.html,https://youtube.com/results?search_query=aws+lambda+advanced,https://youtube.com/results?search_query=aws+lambda+hindi,https://youtube.com/results?search_query=aws+lambda+kannada,https://youtube.com/results?search_query=aws+lambda+tamil,https://youtube.com/results?search_query=aws+lambda+telugu
AWS,Advanced,What is AWS IAM Role?,Temporary permission entity,Database role,Network role,Storage policy,A,IAM roles provide temporary credentials.,Security,https://docs.aws.amazon.com/IAM/latest/UserGuide/id_roles.html,https://youtube.com/results?search_query=aws+iam+roles+advanced,https://youtube.com/results?search_query=aws+iam+roles+hindi,https://youtube.com/results?search_query=aws+iam+roles+kannada,https://youtube.com/results?search_query=aws+iam+roles+tamil,https://youtube.com/results?search_query=aws+iam+roles+telugu
AWS,Advanced,What is AWS KMS?,Key Management Service,Knowledge Management System,Kernel Mode Service,Key Monitoring System,A,KMS manages encryption keys.,Security,https://docs.aws.amazon.com/kms/latest/developerguide/overview.html,https://youtube.com/results?search_query=aws+kms+advanced,https://youtube.com/results?search_query=aws+kms+hindi,https://youtube.com/results?search_query=aws+kms+kannada,https://youtube.com/results?search_query=aws+kms+tamil,https://youtube.com/results?search_query=aws+kms+telugu
AWS,Advanced,What is VPC Peering?,Connect two VPCs,Create subnet,Monitor network,Delete VPC,A,VPC peering connects private networks.,Networking,https://docs.aws.amazon.com/vpc/latest/peering/what-is-vpc-peering.html,https://youtube.com/results?search_query=aws+vpc+peering,https://youtube.com/results?search_query=aws+vpc+peering+hindi,https://youtube.com/results?search_query=aws+vpc+peering+kannada,https://youtube.com/results?search_query=aws+vpc+peering+tamil,https://youtube.com/results?search_query=aws+vpc+peering+telugu
AWS,Advanced,What is AWS Transit Gateway?,Network hub,Database,CDN,Firewall,A,Transit Gateway connects multiple VPCs centrally.,Networking,https://docs.aws.amazon.com/vpc/latest/tgw/what-is-transit-gateway.html,https://youtube.com/results?search_query=aws+transit+gateway,https://youtube.com/results?search_query=aws+transit+gateway+hindi,https://youtube.com/results?search_query=aws+transit+gateway+kannada,https://youtube.com/results?search_query=aws+transit+gateway+tamil,https://youtube.com/results?search_query=aws+transit+gateway+telugu
AWS,Advanced,What is CloudWatch?,Monitoring service,Storage service,Compute engine,Database,A,CloudWatch monitors metrics and logs.,Monitoring,https://docs.aws.amazon.com/cloudwatch/index.html,https://youtube.com/results?search_query=aws+cloudwatch+advanced,https://youtube.com/results?search_query=aws+cloudwatch+hindi,https://youtube.com/results?search_query=aws+cloudwatch+kannada,https://youtube.com/results?search_query=aws+cloudwatch+tamil,https://youtube.com/results?search_query=aws+cloudwatch+telugu
AWS,Advanced,What is AWS Auto Scaling?,Automatic resource scaling,Storage scaling,Manual scaling,Static scaling,A,Auto Scaling adjusts resources based on demand.,Scaling,https://docs.aws.amazon.com/autoscaling/index.html,https://youtube.com/results?search_query=aws+autoscaling+advanced,https://youtube.com/results?search_query=aws+autoscaling+hindi,https://youtube.com/results?search_query=aws+autoscaling+kannada,https://youtube.com/results?search_query=aws+autoscaling+tamil,https://youtube.com/results?search_query=aws+autoscaling+telugu
AWS,Advanced,What is Elastic Load Balancer?,Traffic distributor,Database balancer,Storage balancer,Firewall,A,ELB distributes incoming traffic.,Scaling,https://docs.aws.amazon.com/elasticloadbalancing/latest/userguide/what-is-load-balancing.html,https://youtube.com/results?search_query=aws+load+balancer+advanced,https://youtube.com/results?search_query=aws+load+balancer+hindi,https://youtube.com/results?search_query=aws+load+balancer+kannada,https://youtube.com/results?search_query=aws+load+balancer+tamil,https://youtube.com/results?search_query=aws+load+balancer+telugu
AWS,Advanced,What is S3 Lifecycle Policy?,Automated storage transition,Encryption tool,Backup tool,Database,A,Lifecycle moves objects to cheaper tiers.,Storage,https://docs.aws.amazon.com/AmazonS3/latest/userguide/object-lifecycle-mgmt.html,https://youtube.com/results?search_query=aws+s3+lifecycle,https://youtube.com/results?search_query=aws+s3+lifecycle+hindi,https://youtube.com/results?search_query=aws+s3+lifecycle+kannada,https://youtube.com/results?search_query=aws+s3+lifecycle+tamil,https://youtube.com/results?search_query=aws+s3+lifecycle+telugu
AWS,Advanced,What is AWS Direct Connect?,Private network link,VPN service,Firewall,Proxy,A,Direct Connect provides dedicated network connection.,Networking,https://docs.aws.amazon.com/directconnect/latest/UserGuide/Welcome.html,https://youtube.com/results?search_query=aws+direct+connect,https://youtube.com/results?search_query=aws+direct+connect+hindi,https://youtube.com/results?search_query=aws+direct+connect+kannada,https://youtube.com/results?search_query=aws+direct+connect+tamil,https://youtube.com/results?search_query=aws+direct+connect+telugu
AWS,Advanced,What is AWS WAF?,Web Application Firewall,Web Access Filter,Wide Area Firewall,Web Acceleration Firewall,A,WAF protects web applications from attacks.,Security,https://docs.aws.amazon.com/waf/latest/developerguide/what-is-aws-waf.html,https://youtube.com/results?search_query=aws+waf+advanced,https://youtube.com/results?search_query=aws+waf+hindi,https://youtube.com/results?search_query=aws+waf+kannada,https://youtube.com/results?search_query=aws+waf+tamil,https://youtube.com/results?search_query=aws+waf+telugu
AWS,Advanced,What is AWS Shield?,DDoS protection,Firewall,VPN,Encryption,A,Shield provides DDoS protection.,Security,https://docs.aws.amazon.com/shield/latest/developerguide/what-is-shield.html,https://youtube.com/results?search_query=aws+shield+advanced,https://youtube.com/results?search_query=aws+shield+hindi,https://youtube.com/results?search_query=aws+shield+kannada,https://youtube.com/results?search_query=aws+shield+tamil,https://youtube.com/results?search_query=aws+shield+telugu
AWS,Advanced,What is AWS Config?,Resource configuration tracking,Config management tool,Deployment service,Backup service,A,Config tracks resource configurations and compliance.,Governance,https://docs.aws.amazon.com/config/latest/developerguide/WhatIsConfig.html,https://youtube.com/results?search_query=aws+config+advanced,https://youtube.com/results?search_query=aws+config+hindi,https://youtube.com/results?search_query=aws+config+kannada,https://youtube.com/results?search_query=aws+config+tamil,https://youtube.com/results?search_query=aws+config+telugu
AWS,Advanced,What is AWS CloudTrail?,Logs API activity,Traffic monitoring,Performance tracking,Cost analysis,A,CloudTrail logs all AWS API calls.,Monitoring,https://docs.aws.amazon.com/awscloudtrail/latest/userguide/what_is_cloud_trail.html,https://youtube.com/results?search_query=aws+cloudtrail+advanced,https://youtube.com/results?search_query=aws+cloudtrail+hindi,https://youtube.com/results?search_query=aws+cloudtrail+kannada,https://youtube.com/results?search_query=aws+cloudtrail+tamil,https://youtube.com/results?search_query=aws+cloudtrail+telugu
AWS,Advanced,What is AWS Systems Manager?,Operational management,Systems monitoring,Backup system,Database manager,A,Systems Manager automates operational tasks.,Management,https://docs.aws.amazon.com/systems-manager/latest/userguide/what-is-systems-manager.html,https://youtube.com/results?search_query=aws+systems+manager,https://youtube.com/results?search_query=aws+systems+manager+hindi,https://youtube.com/results?search_query=aws+systems+manager+kannada,https://youtube.com/results?search_query=aws+systems+manager+tamil,https://youtube.com/results?search_query=aws+systems+manager+telugu
AWS,Advanced,What is AWS Trusted Advisor?,Best practices advisor,Security scanner,Cost calculator,Performance optimizer,A,Trusted Advisor provides optimization recommendations.,Management,https://docs.aws.amazon.com/awssupport/latest/user/trusted-advisor.html,https://youtube.com/results?search_query=aws+trusted+advisor,https://youtube.com/results?search_query=aws+trusted+advisor+hindi,https://youtube.com/results?search_query=aws+trusted+advisor+kannada,https://youtube.com/results?search_query=aws+trusted+advisor+tamil,https://youtube.com/results?search_query=aws+trusted+advisor+telugu
AWS,Advanced,What is AWS Control Tower?,Multi-account governance,Control panel,Network controller,Security tower,A,Control Tower sets up governed multi-account environments.,Governance,https://docs.aws.amazon.com/controltower/latest/userguide/what-is-control-tower.html,https://youtube.com/results?search_query=aws+control+tower,https://youtube.com/results?search_query=aws+control+tower+hindi,https://youtube.com/results?search_query=aws+control+tower+kannada,https://youtube.com/results?search_query=aws+control+tower+tamil,https://youtube.com/results?search_query=aws+control+tower+telugu
AWS,Advanced,What is AWS Backup?,Centralized backup service,Data recovery,Sync service,Archive service,A,Backup centralizes backup management across AWS services.,Storage,https://docs.aws.amazon.com/aws-backup/latest/devguide/whatisbackup.html,https://youtube.com/results?search_query=aws+backup+advanced,https://youtube.com/results?search_query=aws+backup+hindi,https://youtube.com/results?search_query=aws+backup+kannada,https://youtube.com/results?search_query=aws+backup+tamil,https://youtube.com/results?search_query=aws+backup+telugu
AWS,Advanced,What is AWS Glue?,ETL service,Glue for databases,Data warehouse,Analytics service,A,Glue is a serverless ETL service.,Analytics,https://docs.aws.amazon.com/glue/latest/dg/what-is-glue.html,https://youtube.com/results?search_query=aws+glue+etl,https://youtube.com/results?search_query=aws+glue+hindi,https://youtube.com/results?search_query=aws+glue+kannada,https://youtube.com/results?search_query=aws+glue+tamil,https://youtube.com/results?search_query=aws+glue+telugu
AWS,Advanced,What is AWS Step Functions?,Serverless workflow,Function orchestrator,Step processor,Task manager,A,Step Functions coordinates Lambda functions and services.,Serverless,https://docs.aws.amazon.com/step-functions/latest/dg/welcome.html,https://youtube.com/results?search_query=aws+step+functions,https://youtube.com/results?search_query=aws+step+functions+hindi,https://youtube.com/results?search_query=aws+step+functions+kannada,https://youtube.com/results?search_query=aws+step+functions+tamil,https://youtube.com/results?search_query=aws+step+functions+telugu
AWS,Advanced,What is AWS X-Ray?,Distributed tracing,Monitoring tool,Debugger,Performance analyzer,A,X-Ray helps debug distributed applications.,Monitoring,https://docs.aws.amazon.com/xray/latest/devguide/aws-xray.html,https://youtube.com/results?search_query=aws+x-ray+tracing,https://youtube.com/results?search_query=aws+x-ray+hindi,https://youtube.com/results?search_query=aws+x-ray+kannada,https://youtube.com/results?search_query=aws+x-ray+tamil,https://youtube.com/results?search_query=aws+x-ray+telugu
AWS,Advanced,What is AWS ECS?,Container orchestration,Virtual machines,Serverless containers,Microservices platform,A,ECS runs Docker containers.,Containers,https://docs.aws.amazon.com/AmazonECS/latest/developerguide/Welcome.html,https://youtube.com/results?search_query=aws+ecs+containers,https://youtube.com/results?search_query=aws+ecs+hindi,https://youtube.com/results?search_query=aws+ecs+kannada,https://youtube.com/results?search_query=aws+ecs+tamil,https://youtube.com/results?search_query=aws+ecs+telugu
AWS,Advanced,What is AWS EKS?,Managed Kubernetes,Virtual Kubernetes,Elastic Kubernetes,Container Kubernetes,A,EKS is managed Kubernetes service.,Containers,https://docs.aws.amazon.com/eks/latest/userguide/what-is-eks.html,https://youtube.com/results?search_query=aws+eks+kubernetes,https://youtube.com/results?search_query=aws+eks+hindi,https://youtube.com/results?search_query=aws+eks+kannada,https://youtube.com/results?search_query=aws+eks+tamil,https://youtube.com/results?search_query=aws+eks+telugu
AWS,Advanced,What is AWS Fargate?,Serverless containers,Container registry,Container monitoring,Container security,A,Fargate runs containers without managing servers.,Containers,https://docs.aws.amazon.com/AmazonECS/latest/userguide/what-is-fargate.html,https://youtube.com/results?search_query=aws+fargate+serverless,https://youtube.com/results?search_query=aws+fargate+hindi,https://youtube.com/results?search_query=aws+fargate+kannada,https://youtube.com/results?search_query=aws+fargate+tamil,https://youtube.com/results?search_query=aws+fargate+telugu
AWS,Advanced,What is AWS CodePipeline?,CI/CD pipeline,Build pipeline,Test pipeline,Deploy pipeline,A,CodePipeline automates release pipelines.,DevOps,https://docs.aws.amazon.com/codepipeline/latest/userguide/welcome.html,https://youtube.com/results?search_query=aws+codepipeline,https://youtube.com/results?search_query=aws+codepipeline+hindi,https://youtube.com/results?search_query=aws+codepipeline+kannada,https://youtube.com/results?search_query=aws+codepipeline+tamil,https://youtube.com/results?search_query=aws+codepipeline+telugu
AWS,Advanced,What is AWS CodeBuild?,Build service,Code compiler,Test runner,Deployment tool,A,CodeBuild compiles source code and runs tests.,DevOps,https://docs.aws.amazon.com/codebuild/latest/userguide/welcome.html,https://youtube.com/results?search_query=aws+codebuild,https://youtube.com/results?search_query=aws+codebuild+hindi,https://youtube.com/results?search_query=aws+codebuild+kannada,https://youtube.com/results?search_query=aws+codebuild+tamil,https://youtube.com/results?search_query=aws+codebuild+telugu
AWS,Advanced,What is AWS CodeDeploy?,Deployment automation,Code deployment,Safe deployment,Automated deployment,A,CodeDeploy automates application deployments.,DevOps,https://docs.aws.amazon.com/codedeploy/latest/userguide/welcome.html,https://youtube.com/results?search_query=aws+codedeploy,https://youtube.com/results?search_query=aws+codedeploy+hindi,https://youtube.com/results?search_query=aws+codedeploy+kannada,https://youtube.com/results?search_query=aws+codedeploy+tamil,https://youtube.com/results?search_query=aws+codedeploy+telugu
AWS,Advanced,What is AWS SNS?,Pub/Sub messaging,Simple notification,Email service,SMS service,A,SNS sends notifications to multiple subscribers.,Messaging,https://docs.aws.amazon.com/sns/latest/dg/welcome.html,https://youtube.com/results?search_query=aws+sns+pubsub,https://youtube.com/results?search_query=aws+sns+hindi,https://youtube.com/results?search_query=aws+sns+kannada,https://youtube.com/results?search_query=aws+sns+tamil,https://youtube.com/results?search_query=aws+sns+telugu
AWS,Advanced,What is AWS SQS?,Message queuing service,Queue management,Task queue,Job queue,A,SQS decouples application components.,Messaging,https://docs.aws.amazon.com/AWSSimpleQueueService/latest/SQSDeveloperGuide/welcome.html,https://youtube.com/results?search_query=aws+sqs+queues,https://youtube.com/results?search_query=aws+sqs+hindi,https://youtube.com/results?search_query=aws+sqs+kannada,https://youtube.com/results?search_query=aws+sqs+tamil,https://youtube.com/results?search_query=aws+sqs+telugu
AWS,Advanced,What is AWS EventBridge?,Event bus,Event router,Event processor,Event monitor,A,EventBridge routes events between AWS services.,Event-Driven,https://docs.aws.amazon.com/eventbridge/latest/userguide/what-is-amazon-eventbridge.html,https://youtube.com/results?search_query=aws+eventbridge,https://youtube.com/results?search_query=aws+eventbridge+hindi,https://youtube.com/results?search_query=aws+eventbridge+kannada,https://youtube.com/results?search_query=aws+eventbridge+tamil,https://youtube.com/results?search_query=aws+eventbridge+telugu
AWS,Advanced,What is AWS CloudFront?,CDN service,Content delivery,Edge network,Global accelerator,A,CloudFront delivers content globally with low latency.,Networking,https://docs.aws.amazon.com/AmazonCloudFront/latest/DeveloperGuide/Introduction.html,https://youtube.com/results?search_query=aws+cloudfront+cdn,https://youtube.com/results?search_query=aws+cloudfront+hindi,https://youtube.com/results?search_query=aws+cloudfront+kannada,https://youtube.com/results?search_query=aws+cloudfront+tamil,https://youtube.com/results?search_query=aws+cloudfront+telugu
AWS,Advanced,What is AWS Route 53?,DNS service,Domain registrar,Load balancer,Traffic router,A,Route 53 is a scalable DNS web service.,Networking,https://docs.aws.amazon.com/Route53/latest/DeveloperGuide/Welcome.html,https://youtube.com/results?search_query=aws+route53+dns,https://youtube.com/results?search_query=aws+route53+hindi,https://youtube.com/results?search_query=aws+route53+kannada,https://youtube.com/results?search_query=aws+route53+tamil,https://youtube.com/results?search_query=aws+route53+telugu
AWS,Advanced,What is AWS API Gateway?,API management,REST API gateway,API proxy,API security,A,API Gateway creates and manages APIs.,Serverless,https://docs.aws.amazon.com/apigateway/latest/developerguide/welcome.html,https://youtube.com/results?search_query=aws+api+gateway,https://youtube.com/results?search_query=aws+api+gateway+hindi,https://youtube.com/results?search_query=aws+api+gateway+kannada,https://youtube.com/results?search_query=aws+api+gateway+tamil,https://youtube.com/results?search_query=aws+api+gateway+telugu
AWS,Advanced,What is AWS Cognito?,User authentication,Identity management,User directory,Access control,A,Cognito provides user sign-up and sign-in.,Security,https://docs.aws.amazon.com/cognito/latest/developerguide/what-is-amazon-cognito.html,https://youtube.com/results?search_query=aws+cognito+authentication,https://youtube.com/results?search_query=aws+cognito+hindi,https://youtube.com/results?search_query=aws+cognito+kannada,https://youtube.com/results?search_query=aws+cognito+tamil,https://youtube.com/results?search_query=aws+cognito+telugu
AWS,Advanced,What is AWS Secrets Manager?,Secret storage,Password manager,Key manager,Credential store,A,Secrets Manager stores and rotates secrets securely.,Security,https://docs.aws.amazon.com/secretsmanager/latest/userguide/what-is.html,https://youtube.com/results?search_query=aws+secrets+manager,https://youtube.com/results?search_query=aws+secrets+manager+hindi,https://youtube.com/results?search_query=aws+secrets+manager+kannada,https://youtube.com/results?search_query=aws+secrets+manager+tamil,https://youtube.com/results?search_query=aws+secrets+manager+telugu
AWS,Advanced,What is AWS Parameter Store?,Configuration management,Parameter storage,App config,Environment variables,A,Parameter Store stores configuration data.,Management,https://docs.aws.amazon.com/systems-manager/latest/userguide/systems-manager-parameter-store.html,https://youtube.com/results?search_query=aws+parameter+store,https://youtube.com/results?search_query=aws+parameter+store+hindi,https://youtube.com/results?search_query=aws+parameter+store+kannada,https://youtube.com/results?search_query=aws+parameter+store+tamil,https://youtube.com/results?search_query=aws+parameter+store+telugu
AWS,Advanced,What is AWS CloudHSM?,Hardware security module,Hardware encryption,HSM appliance,Security hardware,A,CloudHSM provides dedicated hardware for key storage.,Security,https://docs.aws.amazon.com/cloudhsm/latest/userguide/introduction.html,https://youtube.com/results?search_query=aws+cloudhsm,https://youtube.com/results?search_query=aws+cloudhsm+hindi,https://youtube.com/results?search_query=aws+cloudhsm+kannada,https://youtube.com/results?search_query=aws+cloudhsm+tamil,https://youtube.com/results?search_query=aws+cloudhsm+telugu
AWS,Advanced,What is AWS GuardDuty?,Threat detection,Security monitoring,Intrusion detection,Vulnerability scanner,A,GuardDuty detects threats using machine learning.,Security,https://docs.aws.amazon.com/guardduty/latest/ug/what-is-guardduty.html,https://youtube.com/results?search_query=aws+guardduty,https://youtube.com/results?search_query=aws+guardduty+hindi,https://youtube.com/results?search_query=aws+guardduty+kannada,https://youtube.com/results?search_query=aws+guardduty+tamil,https://youtube.com/results?search_query=aws+guardduty+telugu
AWS,Advanced,What is AWS Inspector?,Security assessment,Vulnerability assessment,Compliance check,Security audit,A,Inspector assesses security and compliance.,Security,https://docs.aws.amazon.com/inspector/latest/user/what-is-inspector.html,https://youtube.com/results?search_query=aws+inspector,https://youtube.com/results?search_query=aws+inspector+hindi,https://youtube.com/results?search_query=aws+inspector+kannada,https://youtube.com/results?search_query=aws+inspector+tamil,https://youtube.com/results?search_query=aws+inspector+telugu
AWS,Advanced,What is AWS Macie?,Data security,Data classification,PII discovery,Data protection,A,Macie discovers and protects sensitive data.,Security,https://docs.aws.amazon.com/macie/latest/user/what-is-macie.html,https://youtube.com/results?search_query=aws+macie,https://youtube.com/results?search_query=aws+macie+hindi,https://youtube.com/results?search_query=aws+macie+kannada,https://youtube.com/results?search_query=aws+macie+tamil,https://youtube.com/results?search_query=aws+macie+telugu
AWS,Advanced,What is AWS Cost Explorer?,Cost analysis,Cost visualization,Cost reporting,Budget tool,A,Cost Explorer visualizes and analyzes costs.,Cost Management,https://docs.aws.amazon.com/cost-management/latest/userguide/ce-what-is.html,https://youtube.com/results?search_query=aws+cost+explorer,https://youtube.com/results?search_query=aws+cost+explorer+hindi,https://youtube.com/results?search_query=aws+cost+explorer+kannada,https://youtube.com/results?search_query=aws+cost+explorer+tamil,https://youtube.com/results?search_query=aws+cost+explorer+telugu
AWS,Advanced,What is AWS Budgets?,Budget management,Cost alerts,Budget planning,Spend tracking,A,Budgets sets custom cost and usage budgets.,Cost Management,https://docs.aws.amazon.com/cost-management/latest/userguide/budgets-managing-costs.html,https://youtube.com/results?search_query=aws+budgets,https://youtube.com/results?search_query=aws+budgets+hindi,https://youtube.com/results?search_query=aws+budgets+kannada,https://youtube.com/results?search_query=aws+budgets+tamil,https://youtube.com/results?search_query=aws+budgets+telugu
AWS,Advanced,What is AWS Cost and Usage Report?,Detailed billing report,Usage report,Cost report,Billing data,A,CUR provides detailed billing and usage data.,Cost Management,https://docs.aws.amazon.com/cur/latest/userguide/what-is-cur.html,https://youtube.com/results?search_query=aws+cost+usage+report,https://youtube.com/results?search_query=aws+cost+usage+report+hindi,https://youtube.com/results?search_query=aws+cost+usage+report+kannada,https://youtube.com/results?search_query=aws+cost+usage+report+tamil,https://youtube.com/results?search_query=aws+cost+usage+report+telugu
AWS,Advanced,What is AWS Compute Optimizer?,Resource optimization,Cost optimization,Performance optimization,Right-sizing,A,Compute Optimizer recommends optimal AWS resources.,Cost Management,https://docs.aws.amazon.com/compute-optimizer/latest/ug/what-is-compute-optimizer.html,https://youtube.com/results?search_query=aws+compute+optimizer,https://youtube.com/results?search_query=aws+compute+optimizer+hindi,https://youtube.com/results?search_query=aws+compute+optimizer+kannada,https://youtube.com/results?search_query=aws+compute+optimizer+tamil,https://youtube.com/results?search_query=aws+compute+optimizer+telugu
AWS,Advanced,What is AWS Service Catalog?,IT service catalog,Product portfolio,Service management,Resource catalog,A,Service Catalog manages approved IT services.,Governance,https://docs.aws.amazon.com/servicecatalog/latest/adminguide/what-is-service-catalog.html,https://youtube.com/results?search_query=aws+service+catalog,https://youtube.com/results?search_query=aws+service+catalog+hindi,https://youtube.com/results?search_query=aws+service+catalog+kannada,https://youtube.com/results?search_query=aws+service+catalog+tamil,https://youtube.com/results?search_query=aws+service+catalog+telugu
AWS,Advanced,What is AWS OpsWorks?,Configuration management,Chef/Puppet automation,Server configuration,App management,A,OpsWorks uses Chef and Puppet for configuration.,Management,https://docs.aws.amazon.com/opsworks/latest/userguide/welcome.html,https://youtube.com/results?search_query=aws+opsworks,https://youtube.com/results?search_query=aws+opsworks+hindi,https://youtube.com/results?search_query=aws+opsworks+kannada,https://youtube.com/results?search_query=aws+opsworks+tamil,https://youtube.com/results?search_query=aws+opsworks+telugu
AWS,Advanced,What is AWS Resource Access Manager?,Share resources,Security sharing,Resource pooling,Access sharing,A,RAM shares AWS resources across accounts.,Governance,https://docs.aws.amazon.com/ram/latest/userguide/what-is.html,https://youtube.com/results?search_query=aws+ram+sharing,https://youtube.com/results?search_query=aws+ram+hindi,https://youtube.com/results?search_query=aws+ram+kannada,https://youtube.com/results?search_query=aws+ram+tamil,https://youtube.com/results?search_query=aws+ram+telugu
AWS,Advanced,What is AWS Outposts?,On-premises AWS,Hybrid cloud,Local AWS,Edge AWS,A,Outposts bring AWS infrastructure to on-premises.,Hybrid Cloud,https://docs.aws.amazon.com/outposts/latest/userguide/what-is-outposts.html,https://youtube.com/results?search_query=aws+outposts,https://youtube.com/results?search_query=aws+outposts+hindi,https://youtube.com/results?search_query=aws+outposts+kannada,https://youtube.com/results?search_query=aws+outposts+tamil,https://youtube.com/results?search_query=aws+outposts+telugu
AWS,Advanced,What is AWS Snowball?,Data transport,Physical storage,Data migration,Edge computing,A,Snowball physically transports large amounts of data.,Storage,https://docs.aws.amazon.com/snowball/latest/ug/whatissnowball.html,https://youtube.com/results?search_query=aws+snowball,https://youtube.com/results?search_query=aws+snowball+hindi,https://youtube.com/results?search_query=aws+snowball+kannada,https://youtube.com/results?search_query=aws+snowball+tamil,https://youtube.com/results?search_query=aws+snowball+telugu
AWS,Advanced,What is AWS DataSync?,Data transfer,File sync,Data migration,Storage sync,A,DataSync automates data transfer between on-prem and AWS.,Storage,https://docs.aws.amazon.com/datasync/latest/userguide/what-is-datasync.html,https://youtube.com/results?search_query=aws+datasync,https://youtube.com/results?search_query=aws+datasync+hindi,https://youtube.com/results?search_query=aws+datasync+kannada,https://youtube.com/results?search_query=aws+datasync+tamil,https://youtube.com/results?search_query=aws+datasync+telugu
AWS,Advanced,What is AWS Storage Gateway?,Hybrid storage,File gateway,Volume gateway,Tape gateway,A,Storage Gateway connects on-prem environments to AWS storage.,Hybrid Cloud,https://docs.aws.amazon.com/storagegateway/latest/userguide/WhatIsStorageGateway.html,https://youtube.com/results?search_query=aws+storage+gateway,https://youtube.com/results?search_query=aws+storage+gateway+hindi,https://youtube.com/results?search_query=aws+storage+gateway+kannada,https://youtube.com/results?search_query=aws+storage+gateway+tamil,https://youtube.com/results?search_query=aws+storage+gateway+telugu
AWS,Advanced,What is AWS FSx?,Managed file storage,File system,Windows file server,Lustre file system,A,FSx provides managed file storage.,Storage,https://docs.aws.amazon.com/fsx/latest/WindowsGuide/what-is.html,https://youtube.com/results?search_query=aws+fsx,https://youtube.com/results?search_query=aws+fsx+hindi,https://youtube.com/results?search_query=aws+fsx+kannada,https://youtube.com/results?search_query=aws+fsx+tamil,https://youtube.com/results?search_query=aws+fsx+telugu
AWS,Advanced,What is AWS Neptune?,Graph database,Relationship database,Network database,Linked database,A,Neptune is a managed graph database.,Database,https://docs.aws.amazon.com/neptune/latest/userguide/what-is.html,https://youtube.com/results?search_query=aws+neptune,https://youtube.com/results?search_query=aws+neptune+hindi,https://youtube.com/results?search_query=aws+neptune+kannada,https://youtube.com/results?search_query=aws+neptune+tamil,https://youtube.com/results?search_query=aws+neptune+telugu
AWS,Advanced,What is AWS DocumentDB?,MongoDB compatible,Document database,JSON database,NoSQL database,A,DocumentDB is MongoDB compatible document database.,Database,https://docs.aws.amazon.com/documentdb/latest/developerguide/what-is.html,https://youtube.com/results?search_query=aws+documentdb,https://youtube.com/results?search_query=aws+documentdb+hindi,https://youtube.com/results?search_query=aws+documentdb+kannada,https://youtube.com/results?search_query=aws+documentdb+tamil,https://youtube.com/results?search_query=aws+documentdb+telugu
AWS,Advanced,What is AWS QLDB?,Ledger database,Immutable ledger,Transaction ledger,Verifiable ledger,A,QLDB is immutable transactional ledger.,Database,https://docs.aws.amazon.com/qldb/latest/developerguide/what-is.html,https://youtube.com/results?search_query=aws+qldb,https://youtube.com/results?search_query=aws+qldb+hindi,https://youtube.com/results?search_query=aws+qldb+kannada,https://youtube.com/results?search_query=aws+qldb+tamil,https://youtube.com/results?search_query=aws+qldb+telugu
AWS,Advanced,What is AWS Timestream?,Time-series database,Time database,Metrics database,Monitoring database,A,Timestream is managed time-series database.,Database,https://docs.aws.amazon.com/timestream/latest/developerguide/what-is-timestream.html,https://youtube.com/results?search_query=aws+timestream,https://youtube.com/results?search_query=aws+timestream+hindi,https://youtube.com/results?search_query=aws+timestream+kannada,https://youtube.com/results?search_query=aws+timestream+tamil,https://youtube.com/results?search_query=aws+timestream+telugu
AWS,Advanced,What is AWS Keyspaces?,Cassandra compatible,Apache Cassandra,Wide-column database,NoSQL database,A,Keyspaces is Apache Cassandra compatible database.,Database,https://docs.aws.amazon.com/keyspaces/latest/devguide/what-is.html,https://youtube.com/results?search_query=aws+keyspaces,https://youtube.com/results?search_query=aws+keyspaces+hindi,https://youtube.com/results?search_query=aws+keyspaces+kannada,https://youtube.com/results?search_query=aws+keyspaces+tamil,https://youtube.com/results?search_query=aws+keyspaces+telugu
AWS,Advanced,What is AWS Lake Formation?,Data lake management,Lake setup,Data governance,Lake security,A,Lake Formation builds secure data lakes.,Analytics,https://docs.aws.amazon.com/lake-formation/latest/dg/what-is-lake-formation.html,https://youtube.com/results?search_query=aws+lake+formation,https://youtube.com/results?search_query=aws+lake+formation+hindi,https://youtube.com/results?search_query=aws+lake+formation+kannada,https://youtube.com/results?search_query=aws+lake+formation+tamil,https://youtube.com/results?search_query=aws+lake+formation+telugu
AWS,Advanced,What is AWS QuickSight?,Business intelligence,Dashboard tool,Analytics visualization,Reporting tool,A,QuickSight is cloud-powered business intelligence.,Analytics,https://docs.aws.amazon.com/quicksight/latest/user/welcome.html,https://youtube.com/results?search_query=aws+quicksight,https://youtube.com/results?search_query=aws+quicksight+hindi,https://youtube.com/results?search_query=aws+quicksight+kannada,https://youtube.com/results?search_query=aws+quicksight+tamil,https://youtube.com/results?search_query=aws+quicksight+telugu
AWS,Advanced,What is AWS Kinesis?,Real-time data streaming,Data streams,Event streaming,Log streaming,A,Kinesis collects and analyzes real-time streaming data.,Analytics,https://docs.aws.amazon.com/streams/latest/dev/introduction.html,https://youtube.com/results?search_query=aws+kinesis+streaming,https://youtube.com/results?search_query=aws+kinesis+hindi,https://youtube.com/results?search_query=aws+kinesis+kannada,https://youtube.com/results?search_query=aws+kinesis+tamil,https://youtube.com/results?search_query=aws+kinesis+telugu
AWS,Advanced,What is AWS MSK?,Managed Kafka,Apache Kafka,Message streaming,Event streaming,A,MSK is managed Apache Kafka service.,Analytics,https://docs.aws.amazon.com/msk/latest/developerguide/what-is-msk.html,https://youtube.com/results?search_query=aws+msk+kafka,https://youtube.com/results?search_query=aws+msk+hindi,https://youtube.com/results?search_query=aws+msk+kannada,https://youtube.com/results?search_query=aws+msk+tamil,https://youtube.com/results?search_query=aws+msk+telugu
AWS,Advanced,What is AWS Data Pipeline?,Data workflow,Data processing,ETL pipeline,Data orchestration,A,Data Pipeline orchestrates data movement and transformation.,Analytics,https://docs.aws.amazon.com/datapipeline/latest/DeveloperGuide/what-is-datapipeline.html,https://youtube.com/results?search_query=aws+data+pipeline,https://youtube.com/results?search_query=aws+data+pipeline+hindi,https://youtube.com/results?search_query=aws+data+pipeline+kannada,https://youtube.com/results?search_query=aws+data+pipeline+tamil,https://youtube.com/results?search_query=aws+data+pipeline+telugu
AWS,Advanced,What is AWS EMR?,Big data processing,Hadoop cluster,Spark processing,Data analytics,A,EMR processes big data using frameworks like Hadoop.,Analytics,https://docs.aws.amazon.com/emr/latest/ManagementGuide/emr-what-is-emr.html,https://youtube.com/results?search_query=aws+emr+hadoop,https://youtube.com/results?search_query=aws+emr+hindi,https://youtube.com/results?search_query=aws+emr+kannada,https://youtube.com/results?search_query=aws+emr+tamil,https://youtube.com/results?search_query=aws+emr+telugu
AWS,Advanced,What is AWS Redshift?,Data warehouse,Analytics database,Columnar database,OLAP database,A,Redshift is cloud data warehouse service.,Analytics,https://docs.aws.amazon.com/redshift/latest/mgmt/welcome.html,https://youtube.com/results?search_query=aws+redshift+data+warehouse,https://youtube.com/results?search_query=aws+redshift+hindi,https://youtube.com/results?search_query=aws+redshift+kannada,https://youtube.com/results?search_query=aws+redshift+tamil,https://youtube.com/results?search_query=aws+redshift+telugu
AWS,Advanced,What is AWS Athena?,Interactive query service,SQL on S3,Query engine,Analytics query,A,Athena queries data in S3 using SQL.,Analytics,https://docs.aws.amazon.com/athena/latest/ug/what-is.html,https://youtube.com/results?search_query=aws+athena+sql,https://youtube.com/results?search_query=aws+athena+hindi,https://youtube.com/results?search_query=aws+athena+kannada,https://youtube.com/results?search_query=aws+athena+tamil,https://youtube.com/results?search_query=aws+athena+telugu
AWS,Advanced,What is AWS Ground Station?,Satellite communication,Satellite data,Satellite ground station,Satellite control,A,Ground Station controls satellite communications.,Specialized,https://docs.aws.amazon.com/ground-station/latest/ug/what-is-ground-station.html,https://youtube.com/results?search_query=aws+ground+station,https://youtube.com/results?search_query=aws+ground+station+hindi,https://youtube.com/results?search_query=aws+ground+station+kannada,https://youtube.com/results?search_query=aws+ground+station+tamil,https://youtube.com/results?search_query=aws+ground+station+telugu
AWS,Advanced,What is AWS RoboMaker?,Robotics development,Robot simulation,Robotics platform,Robot deployment,A,RoboMaker develops and deploys robotics applications.,Specialized,https://docs.aws.amazon.com/robomaker/latest/dg/what-is-robomaker.html,https://youtube.com/results?search_query=aws+robomaker,https://youtube.com/results?search_query=aws+robomaker+hindi,https://youtube.com/results?search_query=aws+robomaker+kannada,https://youtube.com/results?search_query=aws+robomaker+tamil,https://youtube.com/results?search_query=aws+robomaker+telugu
AWS,Advanced,What is AWS DeepRacer?,Reinforcement learning,Autonomous racing,ML racing car,AI racing,A,DeepRacer is autonomous racing car for reinforcement learning.,Machine Learning,https://docs.aws.amazon.com/deepracer/latest/developerguide/what-is-deepracer.html,https://youtube.com/results?search_query=aws+deepracer,https://youtube.com/results?search_query=aws+deepracer+hindi,https://youtube.com/results?search_query=aws+deepracer+kannada,https://youtube.com/results?search_query=aws+deepracer+tamil,https://youtube.com/results?search_query=aws+deepracer+telugu
AWS,Advanced,What is AWS SageMaker?,Machine learning platform,ML service,Model training,ML deployment,A,SageMaker builds, trains, and deploys ML models.,Machine Learning,https://docs.aws.amazon.com/sagemaker/latest/dg/whatis.html,https://youtube.com/results?search_query=aws+sagemaker+ml,https://youtube.com/results?search_query=aws+sagemaker+hindi,https://youtube.com/results?search_query=aws+sagemaker+kannada,https://youtube.com/results?search_query=aws+sagemaker+tamil,https://youtube.com/results?search_query=aws+sagemaker+telugu
AWS,Advanced,What is AWS Comprehend?,Natural language processing,NLP service,Text analysis,Sentiment analysis,A,Comprehend analyzes text for insights.,Machine Learning,https://docs.aws.amazon.com/comprehend/latest/dg/what-is.html,https://youtube.com/results?search_query=aws+comprehend+nlp,https://youtube.com/results?search_query=aws+comprehend+hindi,https://youtube.com/results?search_query=aws+comprehend+kannada,https://youtube.com/results?search_query=aws+comprehend+tamil,https://youtube.com/results?search_query=aws+comprehend+telugu
AWS,Advanced,What is AWS Rekognition?,Image and video analysis,Computer vision,Face recognition,Object detection,A,Rekognition analyzes images and videos.,Machine Learning,https://docs.aws.amazon.com/rekognition/latest/dg/what-is.html,https://youtube.com/results?search_query=aws+rekognition+vision,https://youtube.com/results?search_query=aws+rekognition+hindi,https://youtube.com/results?search_query=aws+rekognition+kannada,https://youtube.com/results?search_query=aws+rekognition+tamil,https://youtube.com/results?search_query=aws+rekognition+telugu
AWS,Advanced,What is AWS Polly?,Text-to-speech,Speech synthesis,Voice generation,Audio generation,A,Polly converts text into lifelike speech.,Machine Learning,https://docs.aws.amazon.com/polly/latest/dg/what-is.html,https://youtube.com/results?search_query=aws+polly+tts,https://youtube.com/results?search_query=aws+polly+hindi,https://youtube.com/results?search_query=aws+polly+kannada,https://youtube.com/results?search_query=aws+polly+tamil,https://youtube.com/results?search_query=aws+polly+telugu
AWS,Advanced,What is AWS Translate?,Language translation,Machine translation,Text translation,Multilingual translation,A,Translate translates text between languages.,Machine Learning,https://docs.aws.amazon.com/translate/latest/dg/what-is.html,https://youtube.com/results?search_query=aws+translate,https://youtube.com/results?search_query=aws+translate+hindi,https://youtube.com/results?search_query=aws+translate+kannada,https://youtube.com/results?search_query=aws+translate+tamil,https://youtube.com/results?search_query=aws+translate+telugu
AWS,Advanced,What is AWS Lex?,Chatbot building,Conversational interfaces,Voice bots,Chat interface,A,Lex builds conversational interfaces using voice and text.,Machine Learning,https://docs.aws.amazon.com/lex/latest/dg/what-is.html,https://youtube.com/results?search_query=aws+lex+chatbot,https://youtube.com/results?search_query=aws+lex+hindi,https://youtube.com/results?search_query=aws+lex+kannada,https://youtube.com/results?search_query=aws+lex+tamil,https://youtube.com/results?search_query=aws+lex+telugu
AWS,Advanced,What is AWS Textract?,Document text extraction,OCR service,Text extraction,Document analysis,A,Textract extracts text and data from documents.,Machine Learning,https://docs.aws.amazon.com/textract/latest/dg/what-is.html,https://youtube.com/results?search_query=aws+textract+ocr,https://youtube.com/results?search_query=aws+textract+hindi,https://youtube.com/results?search_query=aws+textract+kannada,https://youtube.com/results?search_query=aws+textract+tamil,https://youtube.com/results?search_query=aws+textract+telugu
AWS,Advanced,What is AWS Personalize?,Real-time recommendations,Recommendation engine,Personalization,ML recommendations,A,Personalize creates real-time recommendation systems.,Machine Learning,https://docs.aws.amazon.com/personalize/latest/dg/what-is-personalize.html,https://youtube.com/results?search_query=aws+personalize,https://youtube.com/results?search_query=aws+personalize+hindi,https://youtube.com/results?search_query=aws+personalize+kannada,https://youtube.com/results?search_query=aws+personalize+tamil,https://youtube.com/results?search_query=aws+personalize+telugu
AWS,Advanced,What is AWS Forecast?,Time-series forecasting,Predictive forecasting,ML forecasting,Demand forecasting,A,Forecast uses ML to generate accurate forecasts.,Machine Learning,https://docs.aws.amazon.com/forecast/latest/dg/what-is-forecast.html,https://youtube.com/results?search_query=aws+forecast,https://youtube.com/results?search_query=aws+forecast+hindi,https://youtube.com/results?search_query=aws+forecast+kannada,https://youtube.com/results?search_query=aws+forecast+tamil,https://youtube.com/results?search_query=aws+forecast+telugu
AWS,Advanced,What is AWS DeepLens?,Deep learning camera,AI camera,ML camera,Vision camera,A,DeepLens is deep learning enabled video camera.,Machine Learning,https://docs.aws.amazon.com/deeplens/latest/dg/what-is-deeplens.html,https://youtube.com/results?search_query=aws+deeplens,https://youtube.com/results?search_query=aws+deeplens+hindi,https://youtube.com/results?search_query=aws+deeplens+kannada,https://youtube.com/results?search_query=aws+deeplens+tamil,https://youtube.com/results?search_query=aws+deeplens+telugu
AWS,Advanced,What is AWS IoT Core?,IoT device management,IoT connectivity,IoT messaging,IoT platform,A,IoT Core connects IoT devices to AWS cloud.,IoT,https://docs.aws.amazon.com/iot/latest/developerguide/what-is-aws-iot.html,https://youtube.com/results?search_query=aws+iot+core,https://youtube.com/results?search_query=aws+iot+core+hindi,https://youtube.com/results?search_query=aws+iot+core+kannada,https://youtube.com/results?search_query=aws+iot+core+tamil,https://youtube.com/results?search_query=aws+iot+core+telugu
AWS,Advanced,What is AWS IoT Greengrass?,Edge computing,IoT edge,IoT local compute,Edge IoT,A,Greengrass runs AWS IoT locally on devices.,IoT,https://docs.aws.amazon.com/greengrass/latest/developerguide/what-is-gg.html,https://youtube.com/results?search_query=aws+iot+greengrass,https://youtube.com/results?search_query=aws+iot+greengrass+hindi,https://youtube.com/results?search_query=aws+iot+greengrass+kannada,https://youtube.com/results?search_query=aws+iot+greengrass+tamil,https://youtube.com/results?search_query=aws+iot+greengrass+telugu
AWS,Advanced,What is AWS IoT Analytics?,IoT data analytics,IoT analysis,IoT insights,IoT processing,A,IoT Analytics analyzes IoT device data.,IoT,https://docs.aws.amazon.com/iotanalytics/latest/userguide/welcome.html,https://youtube.com/results?search_query=aws+iot+analytics,https://youtube.com/results?search_query=aws+iot+analytics+hindi,https://youtube.com/results?search_query=aws+iot+analytics+kannada,https://youtube.com/results?search_query=aws+iot+analytics+tamil,https://youtube.com/results?search_query=aws+iot+analytics+telugu
AWS,Advanced,What is AWS IoT Events?,IoT event detection,IoT monitoring,IoT alerts,IoT detection,A,IoT Events detects and responds to events from IoT sensors.,IoT,https://docs.aws.amazon.com/iotevents/latest/developerguide/what-is-iotevents.html,https://youtube.com/results?search_query=aws+iot+events,https://youtube.com/results?search_query=aws+iot+events+hindi,https://youtube.com/results?search_query=aws+iot+events+kannada,https://youtube.com/results?search_query=aws+iot+events+tamil,https://youtube.com/results?search_query=aws+iot+events+telugu
AWS,Advanced,What is AWS IoT SiteWise?,Industrial IoT,IIoT data collection,Industrial data,Site monitoring,A,SiteWise collects and organizes industrial equipment data.,IoT,https://docs.aws.amazon.com/iot-sitewise/latest/userguide/what-is-sitewise.html,https://youtube.com/results?search_query=aws+iot+sitewise,https://youtube.com/results?search_query=aws+iot+sitewise+hindi,https://youtube.com/results?search_query=aws+iot+sitewise+kannada,https://youtube.com/results?search_query=aws+iot+sitewise+tamil,https://youtube.com/results?search_query=aws+iot+sitewise+telugu
AWS,Advanced,What is AWS IoT Things Graph?,IoT workflow,IoT modeling,IoT application,IoT visual,A,Things Graph visually connects devices and services.,IoT,https://docs.aws.amazon.com/thingsgraph/latest/ug/iot-tg-whatis.html,https://youtube.com/results?search_query=aws+iot+things+graph,https://youtube.com/results?search_query=aws+iot+things+graph+hindi,https://youtube.com/results?search_query=aws+iot+things+graph+kannada,https://youtube.com/results?search_query=aws+iot+things+graph+tamil,https://youtube.com/results?search_query=aws+iot+things+graph+telugu
AWS,Advanced,What is AWS Amplify?,Mobile and web app development,App framework,Full-stack development,App deployment,A,Amplify develops and deploys full-stack applications.,Development,https://docs.aws.amazon.com/amplify/latest/userguide/welcome.html,https://youtube.com/results?search_query=aws+amplify,https://youtube.com/results?search_query=aws+amplify+hindi,https://youtube.com/results?search_query=aws+amplify+kannada,https://youtube.com/results?search_query=aws+amplify+tamil,https://youtube.com/results?search_query=aws+amplify+telugu
AWS,Advanced,What is AWS AppSync?,GraphQL service,Real-time data,GraphQL API,Data synchronization,A,AppSync creates GraphQL APIs with real-time capabilities.,Development,https://docs.aws.amazon.com/appsync/latest/devguide/welcome.html,https://youtube.com/results?search_query=aws+appsync+graphql,https://youtube.com/results?search_query=aws+appsync+hindi,https://youtube.com/results?search_query=aws+appsync+kannada,https://youtube.com/results?search_query=aws+appsync+tamil,https://youtube.com/results?search_query=aws+appsync+telugu
AWS,Advanced,What is AWS Device Farm?,Mobile app testing,Device testing,App testing,Mobile testing,A,Device Farm tests apps on real mobile devices.,Development,https://docs.aws.amazon.com/devicefarm/latest/developerguide/welcome.html,https://youtube.com/results?search_query=aws+device+farm,https://youtube.com/results?search_query=aws+device+farm+hindi,https://youtube.com/results?search_query=aws+device+farm+kannada,https://youtube.com/results?search_query=aws+device+farm+tamil,https://youtube.com/results?search_query=aws+device+farm+telugu
AWS,Advanced,What is AWS App Runner?,Container app deployment,App deployment,Container service,Web app service,A,App Runner builds and deploys containerized web applications.,Containers,https://docs.aws.amazon.com/apprunner/latest/dg/what-is-apprunner.html,https://youtube.com/results?search_query=aws+app+runner,https://youtube.com/results?search_query=aws+app+runner+hindi,https://youtube.com/results?search_query=aws+app+runner+kannada,https://youtube.com/results?search_query=aws+app+runner+tamil,https://youtube.com/results?search_query=aws+app+runner+telugu
AWS,Advanced,What is AWS Proton?,Container management,Service templates,App management,Service deployment,A,Proton manages container and serverless deployments.,Containers,https://docs.aws.amazon.com/proton/latest/userguide/what-is-proton.html,https://youtube.com/results?search_query=aws+proton,https://youtube.com/results?search_query=aws+proton+hindi,https://youtube.com/results?search_query=aws+proton+kannada,https://youtube.com/results?search_query=aws+proton+tamil,https://youtube.com/results?search_query=aws+proton+telugu
AWS,Advanced,What is AWS CodeStar?,Project management,DevOps dashboard,Project dashboard,Code management,A,CodeStar develops, builds, and deploys applications.,DevOps,https://docs.aws.amazon.com/codestar/latest/userguide/welcome.html,https://youtube.com/results?search_query=aws+codestar,https://youtube.com/results?search_query=aws+codestar+hindi,https://youtube.com/results?search_query=aws+codestar+kannada,https://youtube.com/results?search_query=aws+codestar+tamil,https://youtube.com/results?search_query=aws+codestar+telugu
AWS,Advanced,What is AWS CodeArtifact?,Artifact repository,Package management,Code repository,Binary storage,A,CodeArtifact stores and shares software packages.,DevOps,https://docs.aws.amazon.com/codeartifact/latest/ug/welcome.html,https://youtube.com/results?search_query=aws+codeartifact,https://youtube.com/results?search_query=aws+codeartifact+hindi,https://youtube.com/results?search_query=aws+codeartifact+kannada,https://youtube.com/results?search_query=aws+codeartifact+tamil,https://youtube.com/results?search_query=aws+codeartifact+telugu
AWS,Advanced,What is AWS Cloud9?,Cloud IDE,Development environment,Code editor,Online IDE,A,Cloud9 is cloud-based integrated development environment.,Development,https://docs.aws.amazon.com/cloud9/latest/user-guide/welcome.html,https://youtube.com/results?search_query=aws+cloud9+ide,https://youtube.com/results?search_query=aws+cloud9+hindi,https://youtube.com/results?search_query=aws+cloud9+kannada,https://youtube.com/results?search_query=aws+cloud9+tamil,https://youtube.com/results?search_query=aws+cloud9+telugu
AWS,Advanced,What is AWS WorkSpaces?,Desktop as a Service,Virtual desktop,Cloud desktop,Remote desktop,A,WorkSpaces provides cloud-based virtual desktops.,Productivity,https://docs.aws.amazon.com/workspaces/latest/adminguide/what-is.html,https://youtube.com/results?search_query=aws+workspaces,https://youtube.com/results?search_query=aws+workspaces+hindi,https://youtube.com/results?search_query=aws+workspaces+kannada,https://youtube.com/results?search_query=aws+workspaces+tamil,https://youtube.com/results?search_query=aws+workspaces+telugu
AWS,Advanced,What is AWS AppStream?,Application streaming,Desktop streaming,App delivery,Streaming service,A,AppStream streams desktop applications to browsers.,Productivity,https://docs.aws.amazon.com/appstream2/latest/developerguide/what-is-appstream.html,https://youtube.com/results?search_query=aws+appstream,https://youtube.com/results?search_query=aws+appstream+hindi,https://youtube.com/results?search_query=aws+appstream+kannada,https://youtube.com/results?search_query=aws+appstream+tamil,https://youtube.com/results?search_query=aws+appstream+telugu
AWS,Advanced,What is AWS Chime?,Communication service,Video conferencing,Meeting service,Chat service,A,Chime enables online meetings and video conferencing.,Productivity,https://docs.aws.amazon.com/chime/latest/ug/what-is-chime.html,https://youtube.com/results?search_query=aws+chime,https://youtube.com/results?search_query=aws+chime+hindi,https://youtube.com/results?search_query=aws+chime+kannada,https://youtube.com/results?search_query=aws+chime+tamil,https://youtube.com/results?search_query=aws+chime+telugu
AWS,Advanced,What is AWS WorkDocs?,Enterprise storage,Document collaboration,File storage,Content management,A,WorkDocs is secure enterprise storage and sharing service.,Productivity,https://docs.aws.amazon.com/workdocs/latest/adminguide/what-is.html,https://youtube.com/results?search_query=aws+workdocs,https://youtube.com/results?search_query=aws+workdocs+hindi,https://youtube.com/results?search_query=aws+workdocs+kannada,https://youtube.com/results?search_query=aws+workdocs+tamil,https://youtube.com/results?search_query=aws+workdocs+telugu
AWS,Advanced,What is AWS WorkMail?,Email service,Enterprise email,Email calendar,Business email,A,WorkMail is secure business email and calendar service.,Productivity,https://docs.aws.amazon.com/workmail/latest/adminguide/what_is.html,https://youtube.com/results?search_query=aws+workmail,https://youtube.com/results?search_query=aws+workmail+hindi,https://youtube.com/results?search_query=aws+workmail+kannada,https://youtube.com/results?search_query=aws+workmail+tamil,https://youtube.com/results?search_query=aws+workmail+telugu
AWS,Advanced,What is AWS Honeycode?,No-code app builder,Spreadsheet apps,Business apps,App builder,A,Honeycode builds apps without programming.,Productivity,https://docs.aws.amazon.com/honeycode/latest/UserGuide/what-is-honeycode.html,https://youtube.com/results?search_query=aws+honeycode,https://youtube.com/results?search_query=aws+honeycode+hindi,https://youtube.com/results?search_query=aws+honeycode+kannada,https://youtube.com/results?search_query=aws+honeycode+tamil,https://youtube.com/results?search_query=aws+honeycode+telugu
AWS,Advanced,What is AWS Managed Services?,Infrastructure operations,Managed operations,Infrastructure management,Operations management,A,Managed Services operates AWS infrastructure.,Management,https://docs.aws.amazon.com/managedservices/latest/userguide/what-is-ams.html,https://youtube.com/results?search_query=aws+managed+services,https://youtube.com/results?search_query=aws+managed+services+hindi,https://youtube.com/results?search_query=aws+managed+services+kannada,https://youtube.com/results?search_query=aws+managed+services+tamil,https://youtube.com/results?search_query=aws+managed+services+telugu
AWS,Advanced,What is AWS Well-Architected Tool?,Architecture review,Best practices,Architecture assessment,Framework tool,A,Well-Architected Tool reviews workloads against best practices.,Management,https://docs.aws.amazon.com/wellarchitected/latest/userguide/intro.html,https://youtube.com/results?search_query=aws+well+architected,https://youtube.com/results?search_query=aws+well+architected+hindi,https://youtube.com/results?search_query=aws+well+architected+kannada,https://youtube.com/results?search_query=aws+well+architected+tamil,https://youtube.com/results?search_query=aws+well+architected+telugu
AWS,Advanced,What is AWS Health Dashboard?,Service health,Health status,Service status,Operational health,A,Health Dashboard provides personalized view of AWS service health.,Management,https://docs.aws.amazon.com/health/latest/ug/what-is-aws-health.html,https://youtube.com/results?search_query=aws+health+dashboard,https://youtube.com/results?search_query=aws+health+dashboard+hindi,https://youtube.com/results?search_query=aws+health+dashboard+kannada,https://youtube.com/results?search_query=aws+health+dashboard+tamil,https://youtube.com/results?search_query=aws+health+dashboard+telugu
AWS,Advanced,What is AWS Support?,Technical support,Customer support,Support plans,Help center,A,Support provides technical support for AWS.,Management,https://docs.aws.amazon.com/awssupport/latest/user/getting-started.html,https://youtube.com/results?search_query=aws+support+plans,https://youtube.com/results?search_query=aws+support+hindi,https://youtube.com/results?search_query=aws+support+kannada,https://youtube.com/results?search_query=aws+support+tamil,https://youtube.com/results?search_query=aws+support+telugu