AWS,Intermediate,What is an Amazon VPC?,Virtual network,Isolated cloud,Network isolation,Resource grouping,B,VPC lets you provision a logically isolated section of the AWS Cloud.,Networking,https://docs.aws.amazon.com/vpc/latest/userguide/what-is-amazon-vpc.html,https://youtube.com/results?search_query=amazon+vpc,https://youtube.com/results?search_query=amazon+vpc+hindi,https://youtube.com/results?search_query=amazon+vpc+kannada,https://youtube.com/results?search_query=amazon+vpc+tamil,https://youtube.com/results?search_query=amazon+vpc+telugu
AWS,Intermediate,What is an AWS Transit Gateway?,Network hub,VPC connectivity,Central router,Transit VPC,B,Transit Gateway connects VPCs and on-premises networks through a central hub.,Networking,https://docs.aws.amazon.com/vpc/latest/tgw/what-is-transit-gateway.html,https://youtube.com/results?search_query=aws+transit+gateway,https://youtube.com/results?search_query=aws+transit+gateway+hindi,https://youtube.com/results?search_query=aws+transit+gateway+kannada,https://youtube.com/results?search_query=aws+transit+gateway+tamil,https://youtube.com/results?search_query=aws+transit+gateway+telugu
AWS,Intermediate,What is Amazon S3?,Object storage,File storage,Unstructured data,Data lake storage,B,S3 is an object storage service built to store and retrieve any amount of data.,Storage,https://docs.aws.amazon.com/AmazonS3/latest/userguide/Welcome.html,https://youtube.com/results?search_query=amazon+s3,https://youtube.com/results?search_query=amazon+s3+hindi,https://youtube.com/results?search_query=amazon+s3+kannada,https://youtube.com/results?search_query=amazon+s3+tamil,https://youtube.com/results?search_query=amazon+s3+telugu
AWS,Intermediate,What is Amazon EC2?,Virtual server,Compute instance,Cloud server,Elastic compute,B,EC2 provides resizable compute capacity in the cloud.,Compute,https://docs.aws.amazon.com/AWSEC2/latest/UserGuide/concepts.html,https://youtube.com/results?search_query=amazon+ec2,https://youtube.com/results?search_query=amazon+ec2+hindi,https://youtube.com/results?search_query=amazon+ec2+kannada,https://youtube.com/results?search_query=amazon+ec2+tamil,https://youtube.com/results?search_query=amazon+ec2+telugu
AWS,Intermediate,What is AWS Lambda?,Serverless compute,Function as a Service,Event-driven compute,Code execution,B,Lambda lets you run code without provisioning or managing servers.,Compute,https://docs.aws.amazon.com/lambda/latest/dg/welcome.html,https://youtube.com/results?search_query=aws+lambda,https://youtube.com/results?search_query=aws+lambda+hindi,https://youtube.com/results?search_query=aws+lambda+kannada,https://youtube.com/results?search_query=aws+lambda+tamil,https://youtube.com/results?search_query=aws+lambda+telugu
AWS,Intermediate,What is Amazon RDS?,Managed database,Relational database,SQL database,Database service,B,RDS makes it easy to set up, operate, and scale a relational database.,Database,https://docs.aws.amazon.com/AmazonRDS/latest/UserGuide/Welcome.html,https://youtube.com/results?search_query=amazon+rds,https://youtube.com/results?search_query=amazon+rds+hindi,https://youtube.com/results?search_query=amazon+rds+kannada,https://youtube.com/results?search_query=amazon+rds+tamil,https://youtube.com/results?search_query=amazon+rds+telugu
AWS,Intermediate,What is Amazon DynamoDB?,NoSQL database,Key-value store,Document database,Non-relational database,B,DynamoDB is a fast and flexible NoSQL database service.,Database,https://docs.aws.amazon.com/amazondynamodb/latest/developerguide/Introduction.html,https://youtube.com/results?search_query=amazon+dynamodb,https://youtube.com/results?search_query=amazon+dynamodb+hindi,https://youtube.com/results?search_query=amazon+dynamodb+kannada,https://youtube.com/results?search_query=amazon+dynamodb+tamil,https://youtube.com/results?search_query=amazon+dynamodb+telugu
AWS,Intermediate,What is Amazon SQS?,Message queue,Decoupling service,Message broker,Queue service,B,SQS is a fully managed message queuing service.,Application Integration,https://docs.aws.amazon.com/AWSSimpleQueueService/latest/SQSDeveloperGuide/welcome.html,https://youtube.com/results?search_query=amazon+sqs,https://youtube.com/results?search_query=amazon+sqs+hindi,https://youtube.com/results?search_query=amazon+sqs+kannada,https://youtube.com/results?search_query=amazon+sqs+tamil,https://youtube.com/results?search_query=amazon+sqs+telugu
AWS,Intermediate,What is Amazon SNS?,Notification service,Pub/Sub messaging,Mobile push,Event notification,B,SNS is a fully managed pub/sub messaging service.,Application Integration,https://docs.aws.amazon.com/sns/latest/dg/welcome.html,https://youtube.com/results?search_query=amazon+sns,https://youtube.com/results?search_query=amazon+sns+hindi,https://youtube.com/results?search_query=amazon+sns+kannada,https://youtube.com/results?search_query=amazon+sns+tamil,https://youtube.com/results?search_query=amazon+sns+telugu
AWS,Intermediate,What is AWS IAM?,Identity management,Access control,Permissions,Security roles,B,IAM enables secure access control to AWS services and resources.,Security,https://docs.aws.amazon.com/IAM/latest/UserGuide/introduction.html,https://youtube.com/results?search_query=aws+iam,https://youtube.com/results?search_query=aws+iam+hindi,https://youtube.com/results?search_query=aws+iam+kannada,https://youtube.com/results?search_query=aws+iam+tamil,https://youtube.com/results?search_query=aws+iam+telugu
AWS,Intermediate,What is Amazon CloudFront?,Content delivery,CDN,Edge network,Web acceleration,B,CloudFront is a fast content delivery network service.,Networking,https://docs.aws.amazon.com/AmazonCloudFront/latest/DeveloperGuide/Introduction.html,https://youtube.com/results?search_query=amazon+cloudfront,https://youtube.com/results?search_query=amazon+cloudfront+hindi,https://youtube.com/results?search_query=amazon+cloudfront+kannada,https://youtube.com/results?search_query=amazon+cloudfront+tamil,https://youtube.com/results?search_query=amazon+cloudfront+telugu
AWS,Intermediate,What is AWS CloudFormation?,Infrastructure as Code,Template deployment,Resource provisioning,Stack management,B,CloudFormation provides infrastructure provisioning using templates.,Management,https://docs.aws.amazon.com/AWSCloudFormation/latest/UserGuide/Welcome.html,https://youtube.com/results?search_query=aws+cloudformation,https://youtube.com/results?search_query=aws+cloudformation+hindi,https://youtube.com/results?search_query=aws+cloudformation+kannada,https://youtube.com/results?search_query=aws+cloudformation+tamil,https://youtube.com/results?search_query=aws+cloudformation+telugu
AWS,Intermediate,What is Amazon Route 53?,DNS service,Domain registration,Traffic routing,Health checking,B,Route 53 is a scalable and highly available DNS web service.,Networking,https://docs.aws.amazon.com/Route53/latest/DeveloperGuide/Welcome.html,https://youtube.com/results?search_query=amazon+route+53,https://youtube.com/results?search_query=amazon+route+53+hindi,https://youtube.com/results?search_query=amazon+route+53+kannada,https://youtube.com/results?search_query=amazon+route+53+tamil,https://youtube.com/results?search_query=amazon+route+53+telugu
AWS,Intermediate,What is AWS Auto Scaling?,Resource scaling,Elastic capacity,Fault tolerance,Load management,B,Auto Scaling maintains application availability and scales capacity.,Management,https://docs.aws.amazon.com/autoscaling/plans/userguide/what-is-aws-auto-scaling.html,https://youtube.com/results?search_query=aws+auto+scaling,https://youtube.com/results?search_query=aws+auto+scaling+hindi,https://youtube.com/results?search_query=aws+auto+scaling+kannada,https://youtube.com/results?search_query=aws+auto+scaling+tamil,https://youtube.com/results?search_query=aws+auto+scaling+telugu
AWS,Intermediate,What is Amazon EBS?,Block storage,Volume storage,Persistent storage,Disk storage,B,EBS provides persistent block storage volumes for EC2 instances.,Storage,https://docs.aws.amazon.com/AWSEC2/latest/UserGuide/AmazonEBS.html,https://youtube.com/results?search_query=amazon+ebs,https://youtube.com/results?search_query=amazon+ebs+hindi,https://youtube.com/results?search_query=amazon+ebs+kannada,https://youtube.com/results?search_query=amazon+ebs+tamil,https://youtube.com/results?search_query=amazon+ebs+telugu
AWS,Intermediate,What is AWS Elastic Beanstalk?,Platform as a Service,Application deployment,Managed platform,Web app hosting,B,Elastic Beanstalk automatically handles deployment and scaling.,Compute,https://docs.aws.amazon.com/elasticbeanstalk/latest/dg/Welcome.html,https://youtube.com/results?search_query=aws+elastic+beanstalk,https://youtube.com/results?search_query=aws+elastic+beanstalk+hindi,https://youtube.com/results?search_query=aws+elastic+beanstalk+kannada,https://youtube.com/results?search_query=aws+elastic+beanstalk+tamil,https://youtube.com/results?search_query=aws+elastic+beanstalk+telugu
AWS,Intermediate,What is Amazon ECS?,Container orchestration,Docker management,Cluster management,Container service,B,ECS is a highly scalable, high-performance container orchestration service.,Containers,https://docs.aws.amazon.com/AmazonECS/latest/developerguide/Welcome.html,https://youtube.com/results?search_query=amazon+ecs,https://youtube.com/results?search_query=amazon+ecs+hindi,https://youtube.com/results?search_query=amazon+ecs+kannada,https://youtube.com/results?search_query=amazon+ecs+tamil,https://youtube.com/results?search_query=amazon+ecs+telugu
AWS,Intermediate,What is Amazon EKS?,Kubernetes service,Managed Kubernetes,Container orchestration,K8s service,B,EKS makes it easy to run Kubernetes on AWS without needing to install and operate your own Kubernetes clusters.,Containers,https://docs.aws.amazon.com/eks/latest/userguide/what-is-eks.html,https://youtube.com/results?search_query=amazon+eks,https://youtube.com/results?search_query=amazon+eks+hindi,https://youtube.com/results?search_query=amazon+eks+kannada,https://youtube.com/results?search_query=amazon+eks+tamil,https://youtube.com/results?search_query=amazon+eks+telugu
AWS,Intermediate,What is AWS CloudWatch?,Monitoring service,Metrics collection,Logging,Observability,B,CloudWatch monitors your AWS resources and applications.,Management,https://docs.aws.amazon.com/AmazonCloudWatch/latest/monitoring/WhatIsCloudWatch.html,https://youtube.com/results?search_query=aws+cloudwatch,https://youtube.com/results?search_query=aws+cloudwatch+hindi,https://youtube.com/results?search_query=aws+cloudwatch+kannada,https://youtube.com/results?search_query=aws+cloudwatch+tamil,https://youtube.com/results?search_query=aws+cloudwatch+telugu
AWS,Intermediate,What is AWS CloudTrail?,Audit logging,Governance,Compliance,API tracking,B,CloudTrail enables governance, compliance, and operational auditing of your AWS account.,Management,https://docs.aws.amazon.com/awscloudtrail/latest/userguide/cloudtrail-user-guide.html,https://youtube.com/results?search_query=aws+cloudtrail,https://youtube.com/results?search_query=aws+cloudtrail+hindi,https://youtube.com/results?search_query=aws+cloudtrail+kannada,https://youtube.com/results?search_query=aws+cloudtrail+tamil,https://youtube.com/results?search_query=aws+cloudtrail+telugu
AWS,Intermediate,What is Amazon Aurora?,MySQL/PostgreSQL compatible,High-performance database,Managed relational database,Cloud native database,B,Aurora is a MySQL and PostgreSQL-compatible relational database built for the cloud.,Database,https://docs.aws.amazon.com/AmazonRDS/latest/AuroraUserGuide/CHAP_AuroraOverview.html,https://youtube.com/results?search_query=amazon+aurora,https://youtube.com/results?search_query=amazon+aurora+hindi,https://youtube.com/results?search_query=amazon+aurora+kannada,https://youtube.com/results?search_query=amazon+aurora+tamil,https://youtube.com/results?search_query=amazon+aurora+telugu
AWS,Intermediate,What is Amazon ElastiCache?,In-memory caching,Redis/Memcached,Cache service,Memory store,B,ElastiCache provides fully managed Redis and Memcached.,Database,https://docs.aws.amazon.com/AmazonElastiCache/latest/red-ug/WhatIs.html,https://youtube.com/results?search_query=amazon+elasticache,https://youtube.com/results?search_query=amazon+elasticache+hindi,https://youtube.com/results?search_query=amazon+elasticache+kannada,https://youtube.com/results?search_query=amazon+elasticache+tamil,https://youtube.com/results?search_query=amazon+elasticache+telugu
AWS,Intermediate,What is AWS Shield?,DDoS protection,Web protection,Attack mitigation,Network security,B,Shield is a managed DDoS protection service.,Security,https://docs.aws.amazon.com/waf/latest/developerguide/ddos-overview.html,https://youtube.com/results?search_query=aws+shield,https://youtube.com/results?search_query=aws+shield+hindi,https://youtube.com/results?search_query=aws+shield+kannada,https://youtube.com/results?search_query=aws+shield+tamil,https://youtube.com/results?search_query=aws+shield+telugu
AWS,Intermediate,What is AWS WAF?,Web application firewall,Application security,HTTP protection,Layer 7 security,B,WAF protects your web applications from common web exploits.,Security,https://docs.aws.amazon.com/waf/latest/developerguide/what-is-aws-waf.html,https://youtube.com/results?search_query=aws+waf,https://youtube.com/results?search_query=aws+waf+hindi,https://youtube.com/results?search_query=aws+waf+kannada,https://youtube.com/results?search_query=aws+waf+tamil,https://youtube.com/results?search_query=aws+waf+telugu
AWS,Intermediate,What is Amazon API Gateway?,API management,RESTful API,WebSocket API,Serverless API,B,API Gateway makes it easy to create, publish, and secure APIs.,Networking,https://docs.aws.amazon.com/apigateway/latest/developerguide/welcome.html,https://youtube.com/results?search_query=amazon+api+gateway,https://youtube.com/results?search_query=amazon+api+gateway+hindi,https://youtube.com/results?search_query=amazon+api+gateway+kannada,https://youtube.com/results?search_query=amazon+api+gateway+tamil,https://youtube.com/results?search_query=amazon+api+gateway+telugu
AWS,Intermediate,What is Amazon Kinesis?,Real-time data streaming,Data ingestion,Stream processing,Analytics data,B,Kinesis makes it easy to collect, process, and analyze real-time streaming data.,Analytics,https://docs.aws.amazon.com/streams/latest/dev/introduction.html,https://youtube.com/results?search_query=amazon+kinesis,https://youtube.com/results?search_query=amazon+kinesis+hindi,https://youtube.com/results?search_query=amazon+kinesis+kannada,https://youtube.com/results?search_query=amazon+kinesis+tamil,https://youtube.com/results?search_query=amazon+kinesis+telugu
AWS,Intermediate,What is AWS Step Functions?,Workflow orchestration,Serverless workflow,State machine,Coordination service,B,Step Functions coordinates distributed applications using visual workflows.,Application Integration,https://docs.aws.amazon.com/step-functions/latest/dg/welcome.html,https://youtube.com/results?search_query=aws+step+functions,https://youtube.com/results?search_query=aws+step+functions+hindi,https://youtube.com/results?search_query=aws+step+functions+kannada,https://youtube.com/results?search_query=aws+step+functions+tamil,https://youtube.com/results?search_query=aws+step+functions+telugu
AWS,Intermediate,What is Amazon Redshift?,Data warehouse,Analytics database,OLAP,Big data analytics,B,Redshift is a fast, scalable data warehouse that makes it simple to analyze all your data.,Analytics,https://docs.aws.amazon.com/redshift/latest/mgmt/welcome.html,https://youtube.com/results?search_query=amazon+redshift,https://youtube.com/results?search_query=amazon+redshift+hindi,https://youtube.com/results?search_query=amazon+redshift+kannada,https://youtube.com/results?search_query=amazon+redshift+tamil,https://youtube.com/results?search_query=amazon+redshift+telugu
AWS,Intermediate,What is Amazon Athena?,Interactive query service,Serverless analytics,SQL on S3,Ad-hoc queries,B,Athena enables ad-hoc SQL queries directly on data stored in S3.,Analytics,https://docs.aws.amazon.com/athena/latest/ug/what-is.html,https://youtube.com/results?search_query=amazon+athena,https://youtube.com/results?search_query=amazon+athena+hindi,https://youtube.com/results?search_query=amazon+athena+kannada,https://youtube.com/results?search_query=amazon+athena+tamil,https://youtube.com/results?search_query=amazon+athena+telugu
AWS,Intermediate,What is Amazon EMR?,Big data processing,Hadoop/Spark,Cluster management,Data processing,B,EMR makes it easy to process vast amounts of data using open-source tools.,Analytics,https://docs.aws.amazon.com/emr/latest/ManagementGuide/emr-what-is-emr.html,https://youtube.com/results?search_query=amazon+emr,https://youtube.com/results?search_query=amazon+emr+hindi,https://youtube.com/results?search_query=amazon+emr+kannada,https://youtube.com/results?search_query=amazon+emr+tamil,https://youtube.com/results?search_query=amazon+emr+telugu
AWS,Intermediate,What is AWS Glue?,ETL service,Data preparation,Data catalog,Serverless ETL,B,Glue is a serverless data integration service that makes it easy to discover, prepare, and combine data.,Analytics,https://docs.aws.amazon.com/glue/latest/dg/what-is-glue.html,https://youtube.com/results?search_query=aws+glue,https://youtube.com/results?search_query=aws+glue+hindi,https://youtube.com/results?search_query=aws+glue+kannada,https://youtube.com/results?search_query=aws+glue+tamil,https://youtube.com/results?search_query=aws+glue+telugu
AWS,Intermediate,What is Amazon QuickSight?,Business intelligence,Data visualization,Dashboards,Analytics reporting,B,QuickSight is a fast, cloud-powered business intelligence service.,Analytics,https://docs.aws.amazon.com/quicksight/latest/user/welcome.html,https://youtube.com/results?search_query=amazon+quicksight,https://youtube.com/results?search_query=amazon+quicksight+hindi,https://youtube.com/results?search_query=amazon+quicksight+kannada,https://youtube.com/results?search_query=amazon+quicksight+tamil,https://youtube.com/results?search_query=amazon+quicksight+telugu
AWS,Intermediate,What is Amazon S3 Glacier?,Archive storage,Cold storage,Data archiving,Long-term storage,B,Glacier is a secure, durable, and low-cost storage class for data archiving.,Storage,https://docs.aws.amazon.com/amazonglacier/latest/dev/introduction.html,https://youtube.com/results?search_query=amazon+glacier,https://youtube.com/results?search_query=amazon+glacier+hindi,https://youtube.com/results?search_query=amazon+glacier+kannada,https://youtube.com/results?search_query=amazon+glacier+tamil,https://youtube.com/results?search_query=amazon+glacier+telugu
AWS,Intermediate,What is AWS Backup?,Centralized backup,Data protection,Backup automation,Recovery management,B,Backup provides a fully managed, policy-based backup solution.,Storage,https://docs.aws.amazon.com/aws-backup/latest/devguide/whatisbackup.html,https://youtube.com/results?search_query=aws+backup,https://youtube.com/results?search_query=aws+backup+hindi,https://youtube.com/results?search_query=aws+backup+kannada,https://youtube.com/results?search_query=aws+backup+tamil,https://youtube.com/results?search_query=aws+backup+telugu
AWS,Intermediate,What is AWS Direct Connect?,Dedicated network,Private connection,Hybrid cloud,Bypass internet,B,Direct Connect establishes a dedicated network connection from your premises to AWS.,Networking,https://docs.aws.amazon.com/directconnect/latest/UserGuide/Welcome.html,https://youtube.com/results?search_query=aws+direct+connect,https://youtube.com/results?search_query=aws+direct+connect+hindi,https://youtube.com/results?search_query=aws+direct+connect+kannada,https://youtube.com/results?search_query=aws+direct+connect+tamil,https://youtube.com/results?search_query=aws+direct+connect+telugu
AWS,Intermediate,What is Amazon MQ?,Managed message broker,ActiveMQ/RabbitMQ,Message queuing,Enterprise messaging,B,Amazon MQ is a managed message broker service for Apache ActiveMQ and RabbitMQ.,Application Integration,https://docs.aws.amazon.com/amazon-mq/latest/developer-guide/amazon-mq-what-is.html,https://youtube.com/results?search_query=amazon+mq,https://youtube.com/results?search_query=amazon+mq+hindi,https://youtube.com/results?search_query=amazon+mq+kannada,https://youtube.com/results?search_query=amazon+mq+tamil,https://youtube.com/results?search_query=amazon+mq+telugu
AWS,Intermediate,What is Amazon EventBridge?,Event bus,Serverless eventing,Event routing,Application integration,B,EventBridge delivers a stream of real-time data from your own applications, SaaS applications, and AWS services.,Application Integration,https://docs.aws.amazon.com/eventbridge/latest/userguide/eb-what-is.html,https://youtube.com/results?search_query=amazon+eventbridge,https://youtube.com/results?search_query=amazon+eventbridge+hindi,https://youtube.com/results?search_query=amazon+eventbridge+kannada,https://youtube.com/results?search_query=amazon+eventbridge+tamil,https://youtube.com/results?search_query=amazon+eventbridge+telugu
AWS,Intermediate,What is AWS Systems Manager?,Operations management,Resource management,Parameter store,Automation,B,Systems Manager gives you visibility and control of your infrastructure.,Management,https://docs.aws.amazon.com/systems-manager/latest/userguide/what-is-systems-manager.html,https://youtube.com/results?search_query=aws+systems+manager,https://youtube.com/results?search_query=aws+systems+manager+hindi,https://youtube.com/results?search_query=aws+systems+manager+kannada,https://youtube.com/results?search_query=aws+systems+manager+tamil,https://youtube.com/results?search_query=aws+systems+manager+telugu
AWS,Intermediate,What is AWS Config?,Resource inventory,Configuration history,Compliance auditing,Change tracking,B,Config enables you to assess, audit, and evaluate the configurations of your AWS resources.,Management,https://docs.aws.amazon.com/config/latest/developerguide/WhatIsConfig.html,https://youtube.com/results?search_query=aws+config,https://youtube.com/results?search_query=aws+config+hindi,https://youtube.com/results?search_query=aws+config+kannada,https://youtube.com/results?search_query=aws+config+tamil,https://youtube.com/results?search_query=aws+config+telugu
AWS,Intermediate,What is AWS Organizations?,Account management,Consolidated billing,Policy management,Multi-account,B,Organations helps you centrally manage and govern your environment across multiple AWS accounts.,Management,https://docs.aws.amazon.com/organizations/latest/userguide/orgs_introduction.html,https://youtube.com/results?search_query=aws+organizations,https://youtube.com/results?search_query=aws+organizations+hindi,https://youtube.com/results?search_query=aws+organizations+kannada,https://youtube.com/results?search_query=aws+organizations+tamil,https://youtube.com/results?search_query=aws+organizations+telugu
AWS,Intermediate,What is Amazon Cognito?,User authentication,Identity federation,User pools,Identity pools,B,Cognito provides authentication, authorization, and user management for your web and mobile apps.,Security,https://docs.aws.amazon.com/cognito/latest/developerguide/what-is-amazon-cognito.html,https://youtube.com/results?search_query=amazon+cognito,https://youtube.com/results?search_query=amazon+cognito+hindi,https://youtube.com/results?search_query=amazon+cognito+kannada,https://youtube.com/results?search_query=amazon+cognito+tamil,https://youtube.com/results?search_query=amazon+cognito+telugu
AWS,Intermediate,What is AWS Key Management Service?,Encryption keys,Key management,Data encryption,Cryptographic keys,B,KMS makes it easy to create and control the encryption keys used to encrypt your data.,Security,https://docs.aws.amazon.com/kms/latest/developerguide/overview.html,https://youtube.com/results?search_query=aws+kms,https://youtube.com/results?search_query=aws+kms+hindi,https://youtube.com/results?search_query=aws+kms+kannada,https://youtube.com/results?search_query=aws+kms+tamil,https://youtube.com/results?search_query=aws+kms+telugu
AWS,Intermediate,What is Amazon VPC Peering?,VPC connection,Private networking,Cross-VPC communication,Network peering,B,VPC Peering allows you to connect two VPCs privately.,Networking,https://docs.aws.amazon.com/vpc/latest/peering/what-is-vpc-peering.html,https://youtube.com/results?search_query=amazon+vpc+peering,https://youtube.com/results?search_query=amazon+vpc+peering+hindi,https://youtube.com/results?search_query=amazon+vpc+peering+kannada,https://youtube.com/results?search_query=amazon+vpc+peering+tamil,https://youtube.com/results?search_query=amazon+vpc+peering+telugu
AWS,Intermediate,What is AWS Fargate?,Serverless containers,Compute for containers,No cluster management,Container compute,B,Fargate is a serverless compute engine for containers that works with both ECS and EKS.,Containers,https://docs.aws.amazon.com/AmazonECS/latest/userguide/what-is-fargate.html,https://youtube.com/results?search_query=aws+fargate,https://youtube.com/results?search_query=aws+fargate+hindi,https://youtube.com/results?search_query=aws+fargate+kannada,https://youtube.com/results?search_query=aws+fargate+tamil,https://youtube.com/results?search_query=aws+fargate+telugu
AWS,Intermediate,What is Amazon CloudSearch?,Search service,Managed search,Full-text search,Search index,B,CloudSearch is a managed service for setting up, managing, and scaling a search solution.,Analytics,https://docs.aws.amazon.com/cloudsearch/latest/developerguide/what-is-cloudsearch.html,https://youtube.com/results?search_query=amazon+cloudsearch,https://youtube.com/results?search_query=amazon+cloudsearch+hindi,https://youtube.com/results?search_query=amazon+cloudsearch+kannada,https://youtube.com/results?search_query=amazon+cloudsearch+tamil,https://youtube.com/results?search_query=amazon+cloudsearch+telugu
AWS,Intermediate,What is Amazon SES?,Email sending,Bulk email,Transactional email,Email service,B,SES is a cost-effective, flexible, and scalable email service.,Application Integration,https://docs.aws.amazon.com/ses/latest/dg/Welcome.html,https://youtube.com/results?search_query=amazon+ses,https://youtube.com/results?search_query=amazon+ses+hindi,https://youtube.com/results?search_query=amazon+ses+kannada,https://youtube.com/results?search_query=amazon+ses+tamil,https://youtube.com/results?search_query=amazon+ses+telugu
AWS,Intermediate,What is Amazon WorkSpaces?,Desktop as a Service,Virtual desktop,VDI,Remote desktop,B,WorkSpaces is a fully managed, secure desktop-as-a-service.,End User Computing,https://docs.aws.amazon.com/workspaces/latest/adminguide/amazon-workspaces.html,https://youtube.com/results?search_query=amazon+workspaces,https://youtube.com/results?search_query=amazon+workspaces+hindi,https://youtube.com/results?search_query=amazon+workspaces+kannada,https://youtube.com/results?search_query=amazon+workspaces+tamil,https://youtube.com/results?search_query=amazon+workspaces+telugu
AWS,Intermediate,What is AWS Outposts?,On-premises AWS,Hybrid cloud,Rack servers,Local compute,B,Outposts delivers AWS infrastructure and services to your on-premises data center.,Hybrid Cloud,https://docs.aws.amazon.com/outposts/latest/userguide/what-is-outposts.html,https://youtube.com/results?search_query=aws+outposts,https://youtube.com/results?search_query=aws+outposts+hindi,https://youtube.com/results?search_query=aws+outposts+kannada,https://youtube.com/results?search_query=aws+outposts+tamil,https://youtube.com/results?search_query=aws+outposts+telugu
AWS,Intermediate,What is Amazon AppStream 2.0?,Application streaming,Desktop streaming,Remote apps,Streaming service,B,AppStream 2.0 is a fully managed application streaming service.,End User Computing,https://docs.aws.amazon.com/appstream2/latest/developerguide/what-is-appstream.html,https://youtube.com/results?search_query=amazon+appstream,https://youtube.com/results?search_query=amazon+appstream+hindi,https://youtube.com/results?search_query=amazon+appstream+kannada,https://youtube.com/results?search_query=amazon+appstream+tamil,https://youtube.com/results?search_query=amazon+appstream+telugu
AWS,Intermediate,What is AWS DataSync?,Data transfer,Hybrid data movement,File sync,S3/NFS migration,B,DataSync makes it easy to move data between on-premises storage and AWS.,Migration,https://docs.aws.amazon.com/datasync/latest/userguide/what-is-datasync.html,https://youtube.com/results?search_query=aws+datasync,https://youtube.com/results?search_query=aws+datasync+hindi,https://youtube.com/results?search_query=aws+datasync+kannada,https://youtube.com/results?search_query=aws+datasync+tamil,https://youtube.com/results?search_query=aws+datasync+telugu
AWS,Intermediate,What is AWS Server Migration Service?,Server migration,VM migration,Workload migration,Replication,B,SMS makes it easier and faster to migrate your on-premises workloads to AWS.,Migration,https://docs.aws.amazon.com/server-migration-service/latest/userguide/server-migration.html,https://youtube.com/results?search_query=aws+sms,https://youtube.com/results?search_query=aws+sms+hindi,https://youtube.com/results?search_query=aws+sms+kannada,https://youtube.com/results?search_query=aws+sms+tamil,https://youtube.com/results?search_query=aws+sms+telugu
AWS,Intermediate,What is Amazon Inspector?,Security assessment,Vulnerability scanning,Automated security,Compliance checking,B,Inspector automatically assesses applications for vulnerabilities.,Security,https://docs.aws.amazon.com/inspector/latest/userguide/inspector_introduction.html,https://youtube.com/results?search_query=amazon+inspector,https://youtube.com/results?search_query=amazon+inspector+hindi,https://youtube.com/results?search_query=amazon+inspector+kannada,https://youtube.com/results?search_query=amazon+inspector+tamil,https://youtube.com/results?search_query=amazon+inspector+telugu
AWS,Intermediate,What is Amazon Macie?,Data security,Personally Identifiable Information,Sensitive data discovery,Data classification,B,Macie uses machine learning to discover and protect sensitive data.,Security,https://docs.aws.amazon.com/macie/latest/user/what-is-macie.html,https://youtube.com/results?search_query=amazon+macie,https://youtube.com/results?search_query=amazon+macie+hindi,https://youtube.com/results?search_query=amazon+macie+kannada,https://youtube.com/results?search_query=amazon+macie+tamil,https://youtube.com/results?search_query=amazon+macie+telugu
AWS,Intermediate,What is AWS Trusted Advisor?,Best practices,Cost optimization,Security checks,Performance recommendations,B,Trusted Advisor inspects your AWS environment and provides real-time guidance.,Management,https://docs.aws.amazon.com/awssupport/latest/user/trusted-advisor.html,https://youtube.com/results?search_query=aws+trusted+advisor,https://youtube.com/results?search_query=aws+trusted+advisor+hindi,https://youtube.com/results?search_query=aws+trusted+advisor+kannada,https://youtube.com/results?search_query=aws+trusted+advisor+tamil,https://youtube.com/results?search_query=aws+trusted+advisor+telugu
AWS,Intermediate,What is Amazon Polly?,Text-to-speech,Speech synthesis,AI voice,Audio generation,B,Polly turns text into lifelike speech using deep learning.,Machine Learning,https://docs.aws.amazon.com/polly/latest/dg/what-is.html,https://youtube.com/results?search_query=amazon+polly,https://youtube.com/results?search_query=amazon+polly+hindi,https://youtube.com/results?search_query=amazon+polly+kannada,https://youtube.com/results?search_query=amazon+polly+tamil,https://youtube.com/results?search_query=amazon+polly+telugu
AWS,Intermediate,What is Amazon Rekognition?,Image analysis,Video analysis,Facial recognition,Object detection,B,Rekognition makes it easy to add image and video analysis to your applications.,Machine Learning,https://docs.aws.amazon.com/rekognition/latest/dg/what-is.html,https://youtube.com/results?search_query=amazon+rekognition,https://youtube.com/results?search_query=amazon+rekognition+hindi,https://youtube.com/results?search_query=amazon+rekognition+kannada,https://youtube.com/results?search_query=amazon+rekognition+tamil,https://youtube.com/results?search_query=amazon+rekognition+telugu
AWS,Intermediate,What is Amazon Translate?,Neural machine translation,Language translation,Text translation,Localization,B,Translate provides high-quality, affordable language translation.,Machine Learning,https://docs.aws.amazon.com/translate/latest/dg/what-is.html,https://youtube.com/results?search_query=amazon+translate,https://youtube.com/results?search_query=amazon+translate+hindi,https://youtube.com/results?search_query=amazon+translate+kannada,https://youtube.com/results?search_query=amazon+translate+tamil,https://youtube.com/results?search_query=amazon+translate+telugu
AWS,Intermediate,What is Amazon Comprehend?,Natural language processing,Text analysis,Sentiment analysis,Entity recognition,B,Comprehend uses machine learning to find insights and relationships in text.,Machine Learning,https://docs.aws.amazon.com/comprehend/latest/dg/what-is.html,https://youtube.com/results?search_query=amazon+comprehend,https://youtube.com/results?search_query=amazon+comprehend+hindi,https://youtube.com/results?search_query=amazon+comprehend+kannada,https://youtube.com/results?search_query=amazon+comprehend+tamil,https://youtube.com/results?search_query=amazon+comprehend+telugu
AWS,Intermediate,What is Amazon Lex?,Chatbot builder,Conversational interface,Speech recognition,Voice bots,B,Lex helps you build conversational interfaces using voice and text.,Machine Learning,https://docs.aws.amazon.com/lex/latest/dg/what-is.html,https://youtube.com/results?search_query=amazon+lex,https://youtube.com/results?search_query=amazon+lex+hindi,https://youtube.com/results?search_query=amazon+lex+kannada,https://youtube.com/results?search_query=amazon+lex+tamil,https://youtube.com/results?search_query=amazon+lex+telugu
AWS,Intermediate,What is Amazon SageMaker?,Machine learning platform,ML model building,Model training,Model deployment,B,SageMaker helps data scientists and developers build, train, and deploy ML models.,Machine Learning,https://docs.aws.amazon.com/sagemaker/latest/dg/whatis.html,https://youtube.com/results?search_query=amazon+sagemaker,https://youtube.com/results?search_query=amazon+sagemaker+hindi,https://youtube.com/results?search_query=amazon+sagemaker+kannada,https://youtube.com/results?search_query=amazon+sagemaker+tamil,https://youtube.com/results?search_query=amazon+sagemaker+telugu
AWS,Intermediate,What is AWS Snowball?,Data transfer appliance,Petabyte-scale migration,Physical data transfer,Edge computing,B,Snowball is a petabyte-scale data transport solution that uses secure appliances.,Migration,https://docs.aws.amazon.com/snowball/latest/developer-guide/whatissnowball.html,https://youtube.com/results?search_query=aws+snowball,https://youtube.com/results?search_query=aws+snowball+hindi,https://youtube.com/results?search_query=aws+snowball+kannada,https://youtube.com/results?search_query=aws+snowball+tamil,https://youtube.com/results?search_query=aws+snowball+telugu
AWS,Intermediate,What is Amazon Chime?,Online meetings,Video conferencing,Business calling,Chat service,B,Chime is a communications service that lets you meet, chat, and place business calls.,Business Applications,https://docs.aws.amazon.com/chime/latest/ag/what-is-chime.html,https://youtube.com/results?search_query=amazon+chime,https://youtube.com/results?search_query=amazon+chime+hindi,https://youtube.com/results?search_query=amazon+chime+kannada,https://youtube.com/results?search_query=amazon+chime+tamil,https://youtube.com/results?search_query=amazon+chime+telugu
AWS,Intermediate,What is Amazon WorkDocs?,Content collaboration,Secure file storage,Document sharing,Team collaboration,B,WorkDocs is a secure content creation, storage, and collaboration service.,Business Applications,https://docs.aws.amazon.com/workdocs/latest/adminguide/what_is.html,https://youtube.com/results?search_query=amazon+workdocs,https://youtube.com/results?search_query=amazon+workdocs+hindi,https://youtube.com/results?search_query=amazon+workdocs+kannada,https://youtube.com/results?search_query=amazon+workdocs+tamil,https://youtube.com/results?search_query=amazon+workdocs+telugu
AWS,Intermediate,What is AWS IoT Core?,IoT device management,Message broker for IoT,Device connectivity,IoT platform,B,IoT Core lets connected devices easily and securely interact with cloud applications.,Internet of Things,https://docs.aws.amazon.com/iot/latest/developerguide/what-is-aws-iot.html,https://youtube.com/results?search_query=aws+iot+core,https://youtube.com/results?search_query=aws+iot+core+hindi,https://youtube.com/results?search_query=aws+iot+core+kannada,https://youtube.com/results?search_query=aws+iot+core+tamil,https://youtube.com/results?search_query=aws+iot+core+telugu
AWS,Intermediate,What is AWS Amplify?,Mobile/web development,App development framework,Hosting,Backend for apps,B,Amplify is a set of tools and services to build full-stack web and mobile apps.,Front-end Web & Mobile,https://docs.aws.amazon.com/amplify/latest/userguide/welcome.html,https://youtube.com/results?search_query=aws+amplify,https://youtube.com/results?search_query=aws+amplify+hindi,https://youtube.com/results?search_query=aws+amplify+kannada,https://youtube.com/results?search_query=aws+amplify+tamil,https://youtube.com/results?search_query=aws+amplify+telugu
AWS,Intermediate,What is Amazon Lightsail?,Virtual private server,Simple VPS,Web hosting starter,Pre-configured apps,B,Lightsail is the easiest way to launch and manage a virtual private server.,Compute,https://docs.aws.amazon.com/lightsail/latest/userguide/what-is-amazon-lightsail.html,https://youtube.com/results?search_query=amazon+lightsail,https://youtube.com/results?search_query=amazon+lightsail+hindi,https://youtube.com/results?search_query=amazon+lightsail+kannada,https://youtube.com/results?search_query=amazon+lightsail+tamil,https://youtube.com/results?search_query=amazon+lightsail+telugu
AWS,Intermediate,What is Amazon CodeCommit?,Source control,Git repository,Version control,Code hosting,B,CodeCommit is a secure, highly scalable, managed source control service.,Developer Tools,https://docs.aws.amazon.com/codecommit/latest/userguide/welcome.html,https://youtube.com/results?search_query=amazon+codecommit,https://youtube.com/results?search_query=amazon+codecommit+hindi,https://youtube.com/results?search_query=amazon+codecommit+kannada,https://youtube.com/results?search_query=amazon+codecommit+tamil,https://youtube.com/results?search_query=amazon+codecommit+telugu
AWS,Intermediate,What is Amazon CodeBuild?,Build service,Continuous integration,Compile code,Test code,B,CodeBuild is a fully managed build service that compiles source code, runs tests, and produces software packages.,Developer Tools,https://docs.aws.amazon.com/codebuild/latest/userguide/welcome.html,https://youtube.com/results?search_query=amazon+codebuild,https://youtube.com/results?search_query=amazon+codebuild+hindi,https://youtube.com/results?search_query=amazon+codebuild+kannada,https://youtube.com/results?search_query=amazon+codebuild+tamil,https://youtube.com/results?search_query=amazon+codebuild+telugu
AWS,Intermediate,What is Amazon CodeDeploy?,Deployment automation,Code deployment,Release management,Application deployment,B,CodeDeploy automates code deployments to any instance, including EC2 and on-premises.,Developer Tools,https://docs.aws.amazon.com/codedeploy/latest/userguide/welcome.html,https://youtube.com/results?search_query=amazon+codedeploy,https://youtube.com/results?search_query=amazon+codedeploy+hindi,https://youtube.com/results?search_query=amazon+codedeploy+kannada,https://youtube.com/results?search_query=amazon+codedeploy+tamil,https://youtube.com/results?search_query=amazon+codedeploy+telugu
AWS,Intermediate,What is Amazon CodePipeline?,Continuous delivery,Release pipeline,Delivery automation,CI/CD workflow,B,CodePipeline automates the release pipelines for fast and reliable updates.,Developer Tools,https://docs.aws.amazon.com/codepipeline/latest/userguide/welcome.html,https://youtube.com/results?search_query=amazon+codepipeline,https://youtube.com/results?search_query=amazon+codepipeline+hindi,https://youtube.com/results?search_query=amazon+codepipeline+kannada,https://youtube.com/results?search_query=amazon+codepipeline+tamil,https://youtube.com/results?search_query=amazon+codepipeline+telugu
AWS,Intermediate,What is AWS X-Ray?,Tracing service,Performance analysis,Distributed tracing,Debugging,B,X-Ray helps developers analyze and debug distributed applications.,Management,https://docs.aws.amazon.com/xray/latest/devguide/aws-xray.html,https://youtube.com/results?search_query=aws+x-ray,https://youtube.com/results?search_query=aws+x-ray+hindi,https://youtube.com/results?search_query=aws+x-ray+kannada,https://youtube.com/results?search_query=aws+x-ray+tamil,https://youtube.com/results?search_query=aws+x-ray+telugu
AWS,Intermediate,What is AWS OpsWorks?,Configuration management,Chef/Puppet automation,Server configuration,Infrastructure management,B,OpsWorks is a configuration management service that provides managed instances of Chef and Puppet.,Management,https://docs.aws.amazon.com/opsworks/latest/userguide/welcome.html,https://youtube.com/results?search_query=aws+opsworks,https://youtube.com/results?search_query=aws+opsworks+hindi,https://youtube.com/results?search_query=aws+opsworks+kannada,https://youtube.com/results?search_query=aws+opsworks+tamil,https://youtube.com/results?search_query=aws+opsworks+telugu
AWS,Intermediate,What is Amazon FSx?,File storage service,Windows file server,Lustre file system,Network file system,B,FSx provides fully managed third-party file systems.,Storage,https://docs.aws.amazon.com/fsx/latest/WindowsGuide/what-is.html,https://youtube.com/results?search_query=amazon+fsx,https://youtube.com/results?search_query=amazon+fsx+hindi,https://youtube.com/results?search_query=amazon+fsx+kannada,https://youtube.com/results?search_query=amazon+fsx+tamil,https://youtube.com/results?search_query=amazon+fsx+telugu
AWS,Intermediate,What is Amazon Neptune?,Graph database,Relationship database,RDF/Property graph,Knowledge graph,B,Neptune is a fast, reliable, fully managed graph database service.,Database,https://docs.aws.amazon.com/neptune/latest/userguide/intro.html,https://youtube.com/results?search_query=amazon+neptune,https://youtube.com/results?search_query=amazon+neptune+hindi,https://youtube.com/results?search_query=amazon+neptune+kannada,https://youtube.com/results?search_query=amazon+neptune+tamil,https://youtube.com/results?search_query=amazon+neptune+telugu
AWS,Intermediate,What is Amazon Timestream?,Time-series database,Sensor data,IoT metrics,Sequenced data,B,Timestream is a fast, scalable, fully managed time-series database.,Database,https://docs.aws.amazon.com/timestream/latest/developerguide/what-is-timestream.html,https://youtube.com/results?search_query=amazon+timestream,https://youtube.com/results?search_query=amazon+timestream+hindi,https://youtube.com/results?search_query=amazon+timestream+kannada,https://youtube.com/results?search_query=amazon+timestream+tamil,https://youtube.com/results?search_query=amazon+timestream+telugu
AWS,Intermediate,What is Amazon DocumentDB?,Document database,MongoDB compatible,JSON storage,NoSQL database,B,DocumentDB is a fast, scalable, and highly available MongoDB-compatible database.,Database,https://docs.aws.amazon.com/documentdb/latest/developerguide/what-is.html,https://youtube.com/results?search_query=amazon+documentdb,https://youtube.com/results?search_query=amazon+documentdb+hindi,https://youtube.com/results?search_query=amazon+documentdb+kannada,https://youtube.com/results?search_query=amazon+documentdb+tamil,https://youtube.com/results?search_query=amazon+documentdb+telugu
AWS,Intermediate,What is Amazon QLDB?,Ledger database,Immutable ledger,Verifiable history,Financial records,B,QLDB is a fully managed ledger database that provides a transparent, immutable, and cryptographically verifiable transaction log.,Database,https://docs.aws.amazon.com/qldb/latest/developerguide/what-is.html,https://youtube.com/results?search_query=amazon+qldb,https://youtube.com/results?search_query=amazon+qldb+hindi,https://youtube.com/results?search_query=amazon+qldb+kannada,https://youtube.com/results?search_query=amazon+qldb+tamil,https://youtube.com/results?search_query=amazon+qldb+telugu
AWS,Intermediate,What is AWS Cost Explorer?,Cost analysis,Spending visualization,Budget tracking,Cost optimization,B,Cost Explorer helps you visualize, understand, and manage your AWS costs and usage.,Management,https://docs.aws.amazon.com/cost-management/latest/userguide/ce-what-is.html,https://youtube.com/results?search_query=aws+cost+explorer,https://youtube.com/results?search_query=aws+cost+explorer+hindi,https://youtube.com/results?search_query=aws+cost+explorer+kannada,https://youtube.com/results?search_query=aws+cost+explorer+tamil,https://youtube.com/results?search_query=aws+cost+explorer+telugu
AWS,Intermediate,What is AWS Budgets?,Cost budgeting,Usage budgeting,Alerting,Budget planning,B,Budgets lets you set custom cost and usage budgets and get alerts.,Management,https://docs.aws.amazon.com/cost-management/latest/userguide/budgets-what-is.html,https://youtube.com/results?search_query=aws+budgets,https://youtube.com/results?search_query=aws+budgets+hindi,https://youtube.com/results?search_query=aws+budgets+kannada,https://youtube.com/results?search_query=aws+budgets+tamil,https://youtube.com/results?search_query=aws+budgets+telugu
AWS,Intermediate,What is AWS Resource Groups?,Resource organization,Tag-based grouping,Resource management,Organize resources,B,Resource Groups lets you organize your AWS resources by criteria like tags.,Management,https://docs.aws.amazon.com/ARG/latest/userguide/welcome.html,https://youtube.com/results?search_query=aws+resource+groups,https://youtube.com/results?search_query=aws+resource+groups+hindi,https://youtube.com/results?search_query=aws+resource+groups+kannada,https://youtube.com/results?search_query=aws+resource+groups+tamil,https://youtube.com/results?search_query=aws+resource+groups+telugu
AWS,Intermediate,What is AWS Secrets Manager?,Secret management,Database credentials,API keys,Rotation automation,B,Secrets Manager helps you protect secrets used to access your applications, services, and IT resources.,Security,https://docs.aws.amazon.com/secretsmanager/latest/userguide/intro.html,https://youtube.com/results?search_query=aws+secrets+manager,https://youtube.com/results?search_query=aws+secrets+manager+hindi,https://youtube.com/results?search_query=aws+secrets+manager+kannada,https://youtube.com/results?search_query=aws+secrets+manager+tamil,https://youtube.com/results?search_query=aws+secrets+manager+telugu
AWS,Intermediate,What is AWS Health Dashboard?,Service health,Personal health,Operational status,Issue awareness,B,The Health Dashboard provides alerts and remediation guidance when AWS is experiencing events that may impact you.,Management,https://docs.aws.amazon.com/health/latest/ug/what-is-aws-health.html,https://youtube.com/results?search_query=aws+health+dashboard,https://youtube.com/results?search_query=aws+health+dashboard+hindi,https://youtube.com/results?search_query=aws+health+dashboard+kannada,https://youtube.com/results?search_query=aws+health+dashboard+tamil,https://youtube.com/results?search_query=aws+health+dashboard+telugu
AWS,Intermediate,What is AWS Service Catalog?,IT service management,Approved product portfolios,Governed deployment,Self-service catalog,B,Service Catalog allows organizations to create and manage catalogs of IT services that are approved for use on AWS.,Management,https://docs.aws.amazon.com/servicecatalog/latest/adminguide/what-is-service-catalog.html,https://youtube.com/results?search_query=aws+service+catalog,https://youtube.com/results?search_query=aws+service+catalog+hindi,https://youtube.com/results?search_query=aws+service+catalog+kannada,https://youtube.com/results?search_query=aws+service+catalog+tamil,https://youtube.com/results?search_query=aws+service+catalog+telugu
AWS,Intermediate,What is AWS Ground Station?,Satellite communication,Satellite data,Earth observation,Satellite control,B,Ground Station lets you control satellite communications, downlink and process satellite data, and scale your satellite operations.,Satellite,https://docs.aws.amazon.com/ground-station/latest/ug/what-is-ground-station.html,https://youtube.com/results?search_query=aws+ground+station,https://youtube.com/results?search_query=aws+ground+station+hindi,https://youtube.com/results?search_query=aws+ground+station+kannada,https://youtube.com/results?search_query=aws+ground+station+tamil,https://youtube.com/results?search_query=aws+ground+station+telugu
AWS,Intermediate,What is Amazon Braket?,Quantum computing,Quantum algorithms,Quantum hardware,Quantum experiments,B,Braket is a fully managed quantum computing service.,Quantum Technologies,https://docs.aws.amazon.com/braket/latest/developerguide/what-is-braket.html,https://youtube.com/results?search_query=amazon+braket,https://youtube.com/results?search_query=amazon+braket+hindi,https://youtube.com/results?search_query=amazon+braket+kannada,https://youtube.com/results?search_query=amazon+braket+tamil,https://youtube.com/results?search_query=amazon+braket+telugu
AWS,Intermediate,What is Amazon Monitron?,Predictive maintenance,Machine monitoring,Sensor-based analytics,Equipment health,B,Monitron is an end-to-end system that uses machine learning to detect abnormal equipment behavior.,Machine Learning,https://docs.aws.amazon.com/monitron/latest/userguide/what-is-monitron.html,https://youtube.com/results?search_query=amazon+monitron,https://youtube.com/results?search_query=amazon+monitron+hindi,https://youtube.com/results?search_query=amazon+monitron+kannada,https://youtube.com/results?search_query=amazon+monitron+tamil,https://youtube.com/results?search_query=amazon+monitron+telugu
AWS,Intermediate,What is Amazon Lookout for Equipment?,Predictive maintenance,Industrial equipment,Sensor analytics,Anomaly detection,B,Lookout for Equipment uses machine learning to detect abnormal equipment behavior from sensor data.,Machine Learning,https://docs.aws.amazon.com/lookout-for-equipment/latest/userguide/what-is-l4e.html,https://youtube.com/results?search_query=amazon+lookout+for+equipment,https://youtube.com/results?search_query=amazon+lookout+for+equipment+hindi,https://youtube.com/results?search_query=amazon+lookout+for+equipment+kannada,https://youtube.com/results?search_query=amazon+lookout+for+equipment+tamil,https://youtube.com/results?search_query=amazon+lookout+for+equipment+telugu
AWS,Intermediate,What is Amazon Managed Blockchain?,Blockchain network,Hyperledger Fabric,Ethereum,Distributed ledger,B,Managed Blockchain makes it easy to create and manage scalable blockchain networks.,Blockchain,https://docs.aws.amazon.com/managed-blockchain/latest/managementguide/what-is-managed-blockchain.html,https://youtube.com/results?search_query=amazon+managed+blockchain,https://youtube.com/results?search_query=amazon+managed+blockchain+hindi,https://youtube.com/results?search_query=amazon+managed+blockchain+kannada,https://youtube.com/results?search_query=amazon+managed+blockchain+tamil,https://youtube.com/results?search_query=amazon+managed+blockchain+telugu
AWS,Intermediate,What is AWS Local Zones?,Edge locations,Low-latency compute,Metro extension,Local infrastructure,B,Local Zones place compute, storage, and other select AWS services closer to large population and industry centers.,Compute,https://docs.aws.amazon.com/local-zones/latest/userguide/what-is-aws-local-zones.html,https://youtube.com/results?search_query=aws+local+zones,https://youtube.com/results?search_query=aws+local+zones+hindi,https://youtube.com/results?search_query=aws+local+zones+kannada,https://youtube.com/results?search_query=aws+local+zones+tamil,https://youtube.com/results?search_query=aws+local+zones+telugu
AWS,Intermediate,What is AWS Wavelength?,5G edge computing,Ultra-low latency,Mobile edge,Telecom integration,B,Wavelength brings AWS services to the edge of 5G networks, minimizing latency.,Networking,https://docs.aws.amazon.com/wavelength/latest/developerguide/what-is-wavelength.html,https://youtube.com/results?search_query=aws+wavelength,https://youtube.com/results?search_query=aws+wavelength+hindi,https://youtube.com/results?search_query=aws+wavelength+kannada,https://youtube.com/results?search_query=aws+wavelength+tamil,https://youtube.com/results?search_query=aws+wavelength+telugu
AWS,Intermediate,What is Amazon AppFlow?,Data integration,SaaS data flows,Automated data transfer,App connectivity,B,AppFlow is a fully managed integration service that securely transfers data between SaaS applications and AWS.,Application Integration,https://docs.aws.amazon.com/appflow/latest/userguide/what-is-appflow.html,https://youtube.com/results?search_query=amazon+appflow,https://youtube.com/results?search_query=amazon+appflow+hindi,https://youtube.com/results?search_query=amazon+appflow+kannada,https://youtube.com/results?search_query=amazon+appflow+tamil,https://youtube.com/results?search_query=amazon+appflow+telugu
AWS,Intermediate,What is Amazon Honeycode?,No-code app builder,Spreadsheet app,Workflow automation,Team apps,B,Honeycode is a no-code tool to build mobile and web apps with a spreadsheet-like interface.,Business Applications,https://docs.aws.amazon.com/honeycode/latest/userguide/what-is-honeycode.html,https://youtube.com/results?search_query=amazon+honeycode,https://youtube.com/results?search_query=amazon+honeycode+hindi,https://youtube.com/results?search_query=amazon+honeycode+kannada,https://youtube.com/results?search_query=amazon+honeycode+tamil,https://youtube.com/results?search_query=amazon+honeycode+telugu
AWS,Intermediate,What is Amazon Fraud Detector?,Fraud prevention,Machine learning fraud,Risk scoring,Fraud detection,B,Fraud Detector uses machine learning and Amazon's fraud detection expertise to identify potentially fraudulent online activities.,Machine Learning,https://docs.aws.amazon.com/frauddetector/latest/ug/what-is-fraud-detector.html,https://youtube.com/results?search_query=amazon+fraud+detector,https://youtube.com/results?search_query=amazon+fraud+detector+hindi,https://youtube.com/results?search_query=amazon+fraud+detector+kannada,https://youtube.com/results?search_query=amazon+fraud+detector+tamil,https://youtube.com/results?search_query=amazon+fraud+detector+telugu
AWS,Intermediate,What is AWS DeepRacer?,Autonomous racing,Reinforcement learning,ML competition,Self-driving car,B,DeepRacer is an autonomous 1/18th scale race car driven by reinforcement learning.,Machine Learning,https://docs.aws.amazon.com/deepracer/latest/developerguide/what-is-deepracer.html,https://youtube.com/results?search_query=aws+deepracer,https://youtube.com/results?search_query=aws+deepracer+hindi,https://youtube.com/results?search_query=aws+deepracer+kannada,https://youtube.com/results?search_query=aws+deepracer+tamil,https://youtube.com/results?search_query=aws+deepracer+telugu
AWS,Intermediate,What is Amazon Kendra?,Intelligent search,Enterprise search,Natural language search,Document search,B,Kendra is an intelligent search service powered by machine learning.,Machine Learning,https://docs.aws.amazon.com/kendra/latest/dg/what-is-kendra.html,https://youtube.com/results?search_query=amazon+kendra,https://youtube.com/results?search_query=amazon+kendra+hindi,https://youtube.com/results?search_query=amazon+kendra+kannada,https://youtube.com/results?search_query=amazon+kendra+tamil,https://youtube.com/results?search_query=amazon+kendra+telugu
AWS,Intermediate,What is Amazon Personalize?,Real-time recommendations,Machine learning personalization,Recommendation engine,User personalization,B,Personalize makes it easy for developers to create individualized recommendations for customers using machine learning.,Machine Learning,https://docs.aws.amazon.com/personalize/latest/dg/what-is-personalize.html,https://youtube.com/results?search_query=amazon+personalize,https://youtube.com/results?search_query=amazon+personalize+hindi,https://youtube.com/results?search_query=amazon+personalize+kannada,https://youtube.com/results?search_query=amazon+personalize+tamil,https://youtube.com/results?search_query=amazon+personalize+telugu