Cypress,Intermediate,How do you chain multiple assertions on the same element using cy.should()?,Assertion chaining,Multiple checks,Element validation,Command chaining,A,Chain multiple .should() calls or pass an array of assertions to validate multiple properties in sequence.,Assertions,https://docs.cypress.io/guides/references/assertions,https://youtube.com/results?search_query=cypress+assertion+chaining,https://youtube.com/results?search_query=cypress+assertion+chaining+hindi,https://youtube.com/results?search_query=cypress+assertion+chaining+kannada,https://youtube.com/results?search_query=cypress+assertion+chaining+tamil,https://youtube.com/results?search_query=cypress+assertion+chaining+telugu
Cypress,Intermediate,What's the purpose of cy.wait() with an alias vs a time value?,Network waiting,Request interception,Aliased requests,Timing control,A,cy.wait('@alias') waits for specific network request; cy.wait(ms) pauses execution - prefer aliases for reliability.,Network Testing,https://docs.cypress.io/api/commands/wait,https://youtube.com/results?search_query=cypress+wait+alias,https://youtube.com/results?search_query=cypress+wait+alias+hindi,https://youtube.com/results?search_query=cypress+wait+alias+kannada,https://youtube.com/results?search_query=cypress+wait+alias+tamil,https://youtube.com/results?search_query=cypress+wait+alias+telugu
Cypress,Intermediate,How do you test file upload functionality in Cypress?,File upload,Input type file,Form submission,Blob handling,A,Use cy.fixture() with cy.get('input[type=file]').selectFile() to simulate file uploads.,File Upload,https://docs.cypress.io/api/commands/selectfile,https://youtube.com/results?search_query=cypress+file+upload,https://youtube.com/results?search_query=cypress+file+upload+hindi,https://youtube.com/results?search_query=cypress+file+upload+kannada,https://youtube.com/results?search_query=cypress+file+upload+tamil,https://youtube.com/results?search_query=cypress+file+upload+telugu
Cypress,Intermediate,What's the difference between cy.its() and cy.invoke() for property access?,Property access,Method invocation,Object navigation,Function calling,A,cy.its() gets property values; cy.invoke() calls functions - use for different object interactions.,Object Manipulation,https://docs.cypress.io/api/commands/its,https://youtube.com/results?search_query=cypress+its+vs+invoke,https://youtube.com/results?search_query=cypress+its+vs+invoke+hindi,https://youtube.com/results?search_query=cypress+its+vs+invoke+kannada,https://youtube.com/results?search_query=cypress+its+vs+invoke+tamil,https://youtube.com/results?search_query=cypress+its+vs+invoke+telugu
Cypress,Intermediate,How do you handle multiple tabs/windows in Cypress?,Tab management,Window switching,Multi-window testing,Popup handling,A,Cypress doesn't support multiple tabs directly; use cy.visit() for new URLs or stub window.open() behavior.,Tab Management,https://docs.cypress.io/guides/references/trade-offs,https://youtube.com/results?search_query=cypress+multiple+tabs,https://youtube.com/results?search_query=cypress+multiple+tabs+hindi,https://youtube.com/results?search_query=cypress+multiple+tabs+kannada,https://youtube.com/results?search_query=cypress+multiple+tabs+tamil,https://youtube.com/results?search_query=cypress+multiple+tabs+telugu
Cypress,Intermediate,What's the purpose of cy.session() for login state preservation?,Session management,Login persistence,State reuse,Performance optimization,A,cy.session() caches and reuses authenticated sessions across tests to reduce login overhead.,Session Management,https://docs.cypress.io/api/commands/session,https://youtube.com/results?search_query=cypress+session+command,https://youtube.com/results?search_query=cypress+session+command+hindi,https://youtube.com/results?search_query=cypress+session+command+kannada,https://youtube.com/results?search_query=cypress+session+command+tamil,https://youtube.com/results?search_query=cypress+session+command+telugu
Cypress,Intermediate,How do you test drag-and-drop functionality in Cypress?,Drag and drop,Mouse simulation,Element movement,UI interaction,A,Use cypress-drag-drop plugin or cy.trigger() with mouse events to simulate drag and drop.,Drag and Drop,https://docs.cypress.io/api/commands/trigger,https://youtube.com/results?search_query=cypress+drag+and+drop,https://youtube.com/results?search_query=cypress+drag+and+drop+hindi,https://youtube.com/results?search_query=cypress+drag+and+drop+kannada,https://youtube.com/results?search_query=cypress+drag+and+drop+tamil,https://youtube.com/results?search_query=cypress+drag+and+drop+telugu
Cypress,Intermediate,What's the difference between cy.within() and cy.find() for scoped searches?,Scoped selection,Nested elements,Context limitation,Element hierarchy,A,cy.within() scopes commands within element; cy.find() searches within previous subject - similar but different syntax.,Element Selection,https://docs.cypress.io/api/commands/within,https://youtube.com/results?search_query=cypress+within+vs+find,https://youtube.com/results?search_query=cypress+within+vs+find+hindi,https://youtube.com/results?search_query=cypress+within+vs+find+kannada,https://youtube.com/results?search_query=cypress+within+vs+find+tamil,https://youtube.com/results?search_query=cypress+within+vs+find+telugu
Cypress,Intermediate,How do you handle iframes in Cypress tests?,Iframe testing,Embedded content,Frame switching,Nested documents,A,Use cy.frameLoaded() and cy.iframe() to access and interact with iframe contents.,Iframe Testing,https://docs.cypress.io/api/commands/frameloaded,https://youtube.com/results?search_query=cypress+iframe+testing,https://youtube.com/results?search_query=cypress+iframe+testing+hindi,https://youtube.com/results?search_query=cypress+iframe+testing+kannada,https://youtube.com/results?search_query=cypress+iframe+testing+tamil,https://youtube.com/results?search_query=cypress+iframe+testing+telugu
Cypress,Intermediate,What's the purpose of cy.request() for API testing alongside UI tests?,API testing,Backend verification,Direct requests,Integration testing,A,cy.request() tests APIs directly, useful for setup/teardown or verifying backend state during UI tests.,API Testing,https://docs.cypress.io/api/commands/request,https://youtube.com/results?search_query=cypress+api+testing,https://youtube.com/results?search_query=cypress+api+testing+hindi,https://youtube.com/results?search_query=cypress+api+testing+kannada,https://youtube.com/results?search_query=cypress+api+testing+tamil,https://youtube.com/results?search_query=cypress+api+testing+telugu
Cypress,Intermediate,How do you test hover effects in Cypress?,Hover testing,CSS pseudo-classes,Mouse events,Visual feedback,A,Use cy.trigger('mouseover') or cypress-real-events plugin for realistic hover simulation.,Hover Testing,https://docs.cypress.io/api/commands/trigger,https://youtube.com/results?search_query=cypress+hover+testing,https://youtube.com/results?search_query=cypress+hover+testing+hindi,https://youtube.com/results?search_query=cypress+hover+testing+kannada,https://youtube.com/results?search_query=cypress+hover+testing+tamil,https://youtube.com/results?search_query=cypress+hover+testing+telugu
Cypress,Intermediate,What's the difference between cy.reload() and cy.visit() for page refresh?,Page refresh,Reload behavior,Cache handling,Forced reload,A,cy.reload() refreshes current page; cy.visit() goes to URL - use reload() for same page, visit() for navigation.,Navigation,https://docs.cypress.io/api/commands/reload,https://youtube.com/results?search_query=cypress+reload+vs+visit,https://youtube.com/results?search_query=cypress+reload+vs+visit+hindi,https://youtube.com/results?search_query=cypress+reload+vs+visit+kannada,https://youtube.com/results?search_query=cypress+reload+vs+visit+tamil,https://youtube.com/results?search_query=cypress+reload+vs+visit+telugu
Cypress,Intermediate,How do you handle date pickers in Cypress?,Date selection,Calendar widgets,Form inputs,UI components,A,Target input directly or use cy.get() on calendar elements to select dates programmatically.,Date Picker,https://docs.cypress.io/guides/end-to-end-testing,https://youtube.com/results?search_query=cypress+date+picker,https://youtube.com/results?search_query=cypress+date+picker+hindi,https://youtube.com/results?search_query=cypress+date+picker+kannada,https://youtube.com/results?search_query=cypress+date+picker+tamil,https://youtube.com/results?search_query=cypress+date+picker+telugu
Cypress,Intermediate,What's the purpose of cy.scrollIntoView() for element visibility?,Scroll behavior,Element positioning,Viewport adjustment,Visibility testing,A,Scrolls element into viewport to ensure it's visible before interaction, useful for lazy-loaded content.,Scrolling,https://docs.cypress.io/api/commands/scrollintoview,https://youtube.com/results?search_query=cypress+scroll+into+view,https://youtube.com/results?search_query=cypress+scroll+into+view+hindi,https://youtube.com/results?search_query=cypress+scroll+into+view+kannada,https://youtube.com/results?search_query=cypress+scroll+into+view+tamil,https://youtube.com/results?search_query=cypress+scroll+into+view+telugu
Cypress,Intermediate,How do you test toast notifications or flash messages in Cypress?,Toast messages,Temporary alerts,Notification testing,UI feedback,A,Use cy.get() with appropriate selectors and .should('be.visible') to verify notification appearance/disappearance.,Notifications,https://docs.cypress.io/guides/references/assertions,https://youtube.com/results?search_query=cypress+toast+notifications,https://youtube.com/results?search_query=cypress+toast+notifications+hindi,https://youtube.com/results?search_query=cypress+toast+notifications+kannada,https://youtube.com/results?search_query=cypress+toast+notifications+tamil,https://youtube.com/results?search_query=cypress+toast+notifications+telugu
Cypress,Intermediate,What's the difference between cy.get() and cy.findAll() for multiple elements?,Element collection,Multiple matches,Bulk selection,Array handling,A,cy.get() returns first matching element; cy.findAll() returns all matches as array - use based on need.,Element Selection,https://docs.cypress.io/api/commands/find,https://youtube.com/results?search_query=cypress+get+vs+findall,https://youtube.com/results?search_query=cypress+get+vs+findall+hindi,https://youtube.com/results?search_query=cypress+get+vs+findall+kannada,https://youtube.com/results?search_query=cypress+get+vs+findall+tamil,https://youtube.com/results?search_query=cypress+get+vs+findall+telugu
Cypress,Intermediate,How do you handle WebSocket communication testing in Cypress?,WebSocket testing,Real-time updates,Socket connection,Message validation,A,Use cy.intercept() to stub WebSocket connections or test with libraries like Socket.IO client.,WebSocket Testing,https://docs.cypress.io/api/commands/intercept,https://youtube.com/results?search_query=cypress+websocket+testing,https://youtube.com/results?search_query=cypress+websocket+testing+hindi,https://youtube.com/results?search_query=cypress+websocket+testing+kannada,https://youtube.com/results?search_query=cypress+websocket+testing+tamil,https://youtube.com/results?search_query=cypress+websocket+testing+telugu
Cypress,Intermediate,What's the purpose of cy.clock() for time manipulation?,Time control,Date mocking,Timeout management,Time-dependent tests,A,cy.clock() mocks date/time functions to control time-sensitive logic like timeouts or date displays.,Time Manipulation,https://docs.cypress.io/api/commands/clock,https://youtube.com/results?search_query=cypress+clock+command,https://youtube.com/results?search_query=cypress+clock+command+hindi,https://youtube.com/results?search_query=cypress+clock+command+kannada,https://youtube.com/results?search_query=cypress+clock+command+tamil,https://youtube.com/results?search_query=cypress+clock+command+telugu
Cypress,Intermediate,How do you test responsive design with different viewport sizes?,Responsive testing,Viewport simulation,Layout adaptation,Mobile views,A,Use cy.viewport() with various width/height combinations to test responsive breakpoints.,Responsive Testing,https://docs.cypress.io/api/commands/viewport,https://youtube.com/results?search_query=cypress+responsive+testing,https://youtube.com/results?search_query=cypress+responsive+testing+hindi,https://youtube.com/results?search_query=cypress+responsive+testing+kannada,https://youtube.com/results?search_query=cypress+responsive+testing+tamil,https://youtube.com/results?search_query=cypress+responsive+testing+telugu
Cypress,Intermediate,What's the difference between cy.pause() and cy.debug() for test investigation?,Debugging tools,Test pausing,Interactive debugging,Inspection methods,A,cy.pause() pauses test execution; cy.debug() pauses and logs context - use for different debugging needs.,Debugging,https://docs.cypress.io/api/commands/pause,https://youtube.com/results?search_query=cypress+pause+vs+debug,https://youtube.com/results?search_query=cypress+pause+vs+debug+hindi,https://youtube.com/results?search_query=cypress+pause+vs+debug+kannada,https://youtube.com/results?search_query=cypress+pause+vs+debug+tamil,https://youtube.com/results?search_query=cypress+pause+vs+debug+telugu
Cypress,Intermediate,How do you handle authentication popups (basic auth) in Cypress?,Basic authentication,Login popups,HTTP auth,Credential passing,A,Pass credentials in URL: cy.visit('https://user:pass@domain.com') or use cy.request() for pre-authentication.,Authentication,https://docs.cypress.io/guides/guides/authentication,https://youtube.com/results?search_query=cypress+basic+auth,https://youtube.com/results?search_query=cypress+basic+auth+hindi,https://youtube.com/results?search_query=cypress+basic+auth+kannada,https://youtube.com/results?search_query=cypress+basic+auth+tamil,https://youtube.com/results?search_query=cypress+basic+auth+telugu
Cypress,Intermediate,What's the purpose of cy.task() for Node.js communication?,Node integration,Backend tasks,Plugin communication,Server-side code,A,cy.task() runs code in Node.js context, useful for database operations, file system tasks, or custom plugins.,Node Integration,https://docs.cypress.io/api/commands/task,https://youtube.com/results?search_query=cypress+task+command,https://youtube.com/results?search_query=cypress+task+command+hindi,https://youtube.com/results?search_query=cypress+task+command+kannada,https://youtube.com/results?search_query=cypress+task+command+tamil,https://youtube.com/results?search_query=cypress+task+command+telugu
Cypress,Intermediate,How do you test modals/dialogs in Cypress?,Modal testing,Dialog windows,Popup overlays,UI components,A,Use cy.get() for modal selectors with .should('be.visible') and test close functionality with appropriate interactions.,Modal Testing,https://docs.cypress.io/guides/end-to-end-testing,https://youtube.com/results?search_query=cypress+modal+testing,https://youtube.com/results?search_query=cypress+modal+testing+hindi,https://youtube.com/results?search_query=cypress+modal+testing+kannada,https://youtube.com/results?search_query=cypress+modal+testing+tamil,https://youtube.com/results?search_query=cypress+modal+testing+telugu
Cypress,Intermediate,What's the difference between cy.wrap() and cy.then() for value handling?,Value wrapping,Promise conversion,Command chaining,Data transformation,A,cy.wrap() converts values to Cypress chainable; cy.then() works with existing chain - use wrap() for non-chainable values.,Data Handling,https://docs.cypress.io/api/commands/wrap,https://youtube.com/results?search_query=cypress+wrap+vs+then,https://youtube.com/results?search_query=cypress+wrap+vs+then+hindi,https://youtube.com/results?search_query=cypress+wrap+vs+then+kannada,https://youtube.com/results?search_query=cypress+wrap+vs+then+tamil,https://youtube.com/results?search_query=cypress+wrap+vs+then+telugu
Cypress,Intermediate,How do you test sorting functionality in tables?,Table sorting,Column ordering,Data arrangement,UI tables,A,Get table rows, extract data, apply sorting logic, and verify order matches expected arrangement.,Table Testing,https://docs.cypress.io/guides/end-to-end-testing,https://youtube.com/results?search_query=cypress+table+sorting,https://youtube.com/results?search_query=cypress+table+sorting+hindi,https://youtube.com/results?search_query=cypress+table+sorting+kannada,https://youtube.com/results?search_query=cypress+table+sorting+tamil,https://youtube.com/results?search_query=cypress+table+sorting+telugu
Cypress,Intermediate,What's the purpose of cy.focused() for accessibility testing?,Focus management,Keyboard navigation,Accessibility compliance,Active element,A,Verifies focus moves correctly between elements for keyboard users and screen reader compatibility.,Accessibility,https://docs.cypress.io/api/commands/focused,https://youtube.com/results?search_query=cypress+accessibility+testing,https://youtube.com/results?search_query=cypress+accessibility+testing+hindi,https://youtube.com/results?search_query=cypress+accessibility+testing+kannada,https://youtube.com/results?search_query=cypress+accessibility+testing+tamil,https://youtube.com/results?search_query=cypress+accessibility+testing+telugu
Cypress,Intermediate,How do you handle AJAX-loaded content in Cypress?,AJAX testing,Dynamic content,Async loading,Content updates,A,Use cy.intercept() to wait for AJAX calls and cy.get() with .should() to verify content appears.,AJAX Testing,https://docs.cypress.io/api/commands/intercept,https://youtube.com/results?search_query=cypress+ajax+testing,https://youtube.com/results?search_query=cypress+ajax+testing+hindi,https://youtube.com/results?search_query=cypress+ajax+testing+kannada,https://youtube.com/results?search_query=cypress+ajax+testing+tamil,https://youtube.com/results?search_query=cypress+ajax+testing+telugu
Cypress,Intermediate,What's the difference between cy.clearCookie() and cy.clearCookies()?,Cookie management,Single vs all cookies,Targeted cleanup,Session data,A,cy.clearCookie() removes specific cookie; cy.clearCookies() removes all - use based on cleanup needs.,Cookies,https://docs.cypress.io/api/commands/clearcookie,https://youtube.com/results?search_query=cypress+clear+cookie,https://youtube.com/results?search_query=cypress+clear+cookie+hindi,https://youtube.com/results?search_query=cypress+clear+cookie+kannada,https://youtube.com/results?search_query=cypress+clear+cookie+tamil,https://youtube.com/results?search_query=cypress+clear+cookie+telugu
Cypress,Intermediate,How do you test pagination controls in Cypress?,Pagination testing,Page navigation,Next/previous buttons,Page numbers,A,Test each pagination control (next, previous, page numbers) and verify content updates appropriately.,Pagination,https://docs.cypress.io/guides/end-to-end-testing,https://youtube.com/results?search_query=cypress+pagination+testing,https://youtube.com/results?search_query=cypress+pagination+testing+hindi,https://youtube.com/results?search_query=cypress+pagination+testing+kannada,https://youtube.com/results?search_query=cypress+pagination+testing+tamil,https://youtube.com/results?search_query=cypress+pagination+testing+telugu
Cypress,Intermediate,What's the purpose of cy.server() in older Cypress versions?,Legacy API,Server mocking,Network control,Deprecated feature,A,cy.server() was legacy command for network mocking, replaced by cy.intercept() in newer versions.,Legacy Features,https://docs.cypress.io/api/commands/server,https://youtube.com/results?search_query=cypress+server+command,https://youtube.com/results?search_query=cypress+server+command+hindi,https://youtube.com/results?search_query=cypress+server+command+kannada,https://youtube.com/results?search_query=cypress+server+command+tamil,https://youtube.com/results?search_query=cypress+server+command+telugu
Cypress,Intermediate,How do you test tooltips in Cypress?,Tooltip testing,Hover information,UI hints,Temporary text,A,Trigger hover/ focus events and verify tooltip appears with .should('be.visible') and contains expected text.,Tooltip Testing,https://docs.cypress.io/api/commands/trigger,https://youtube.com/results?search_query=cypress+tooltip+testing,https://youtube.com/results?search_query=cypress+tooltip+testing+hindi,https://youtube.com/results?search_query=cypress+tooltip+testing+kannada,https://youtube.com/results?search_query=cypress+tooltip+testing+tamil,https://youtube.com/results?search_query=cypress+tooltip+testing+telugu
Cypress,Intermediate,What's the difference between cy.select() and cy.click() for dropdowns?,Dropdown interaction,Option selection,Form controls,UI behavior,A,cy.select() specifically for <select> elements; cy.click() for custom dropdown implementations - use appropriately.,Dropdown Testing,https://docs.cypress.io/api/commands/select,https://youtube.com/results?search_query=cypress+select+vs+click,https://youtube.com/results?search_query=cypress+select+vs+click+hindi,https://youtube.com/results?search_query=cypress+select+vs+click+kannada,https://youtube.com/results?search_query=cypress+select+vs+click+tamil,https://youtube.com/results?search_query=cypress+select+vs+click+telugu
Cypress,Intermediate,How do you test search functionality with filters?,Search testing,Filter application,Result refinement,Combined criteria,A,Enter search terms, apply filters, and verify results match all criteria using appropriate assertions.,Search Testing,https://docs.cypress.io/guides/end-to-end-testing,https://youtube.com/results?search_query=cypress+search+testing,https://youtube.com/results?search_query=cypress+search+testing+hindi,https://youtube.com/results?search_query=cypress+search+testing+kannada,https://youtube.com/results?search_query=cypress+search+testing+tamil,https://youtube.com/results?search_query=cypress+search+testing+telugu
Cypress,Intermediate,What's the purpose of cy.stub() for function mocking?,Function mocking,Behavior stubbing,Dependency control,Test isolation,A,cy.stub() replaces functions to control behavior and verify calls during tests.,Mocking,https://docs.cypress.io/api/commands/stub,https://youtube.com/results?search_query=cypress+stub+command,https://youtube.com/results?search_query=cypress+stub+command+hindi,https://youtube.com/results?search_query=cypress+stub+command+kannada,https://youtube.com/results?search_query=cypress+stub+command+tamil,https://youtube.com/results?search_query=cypress+stub+command+telugu
Cypress,Intermediate,How do you handle browser alerts/confirm dialogs in Cypress?,Alert testing,Confirm dialogs,Popup handling,User prompts,A,Use cy.on('window:alert') or cy.on('window:confirm') to handle and verify alert/confirm dialogs.,Alert Testing,https://docs.cypress.io/api/events/catalog-of-events,https://youtube.com/results?search_query=cypress+alert+testing,https://youtube.com/results?search_query=cypress+alert+testing+hindi,https://youtube.com/results?search_query=cypress+alert+testing+kannada,https://youtube.com/results?search_query=cypress+alert+testing+tamil,https://youtube.com/results?search_query=cypress+alert+testing+telugu
Cypress,Intermediate,What's the difference between cy.screenshot() and cy.matchImageSnapshot()?,Visual testing,Screenshot comparison,Baseline images,Visual regression,A,cy.screenshot() takes screenshots; cy.matchImageSnapshot() compares against baseline - use for visual regression testing.,Visual Testing,https://docs.cypress.io/guides/tooling/visual-testing,https://youtube.com/results?search_query=cypress+visual+testing,https://youtube.com/results?search_query=cypress+visual+testing+hindi,https://youtube.com/results?search_query=cypress+visual+testing+kannada,https://youtube.com/results?search_query=cypress+visual+testing+tamil,https://youtube.com/results?search_query=cypress+visual+testing+telugu
Cypress,Intermediate,How do you test carousel/slider components in Cypress?,Carousel testing,Image sliders,Slide navigation,UI components,A,Test navigation buttons, autoplay behavior, and slide transitions with appropriate interactions and assertions.,Carousel Testing,https://docs.cypress.io/guides/end-to-end-testing,https://youtube.com/results?search_query=cypress+carousel+testing,https://youtube.com/results?search_query=cypress+carousel+testing+hindi,https://youtube.com/results?search_query=cypress+carousel+testing+kannada,https://youtube.com/results?search_query=cypress+carousel+testing+tamil,https://youtube.com/results?search_query=cypress+carousel+testing+telugu
Cypress,Intermediate,What's the purpose of cy.route() in older Cypress versions?,Legacy routing,Network interception,Request mocking,Deprecated command,A,cy.route() was legacy network mocking command replaced by cy.intercept() with more capabilities.,Legacy Network,https://docs.cypress.io/api/commands/route,https://youtube.com/results?search_query=cypress+route+command,https://youtube.com/results?search_query=cypress+route+command+hindi,https://youtube.com/results?search_query=cypress+route+command+kannada,https://youtube.com/results?search_query=cypress+route+command+tamil,https://youtube.com/results?search_query=cypress+route+command+telugu
Cypress,Intermediate,How do you test accordion/collapsible sections in Cypress?,Accordion testing,Expand/collapse,Section toggling,UI components,A,Test toggle functionality, verify content visibility changes, and check multiple accordion interactions.,Accordion Testing,https://docs.cypress.io/guides/end-to-end-testing,https://youtube.com/results?search_query=cypress+accordion+testing,https://youtube.com/results?search_query=cypress+accordion+testing+hindi,https://youtube.com/results?search_query=cypress+accordion+testing+kannada,https://youtube.com/results?search_query=cypress+accordion+testing+tamil,https://youtube.com/results?search_query=cypress+accordion+testing+telugu
Cypress,Intermediate,What's the difference between cy.type() and cy.focused().type()?,Focus management,Direct typing,Active element,Keyboard input,A,cy.type() types into currently focused element; cy.focused().type() ensures typing into focused element explicitly.,Input Testing,https://docs.cypress.io/api/commands/type,https://youtube.com/results?search_query=cypress+focused+typing,https://youtube.com/results?search_query=cypress+focused+typing+hindi,https://youtube.com/results?search_query=cypress+focused+typing+kannada,https://youtube.com/results?search_query=cypress+focused+typing+tamil,https://youtube.com/results?search_query=cypress+focused+typing+telugu
Cypress,Intermediate,How do you test video/audio players in Cypress?,Media testing,Video playback,Audio controls,Player functionality,A,Test control buttons, playback functionality, and progress updates using cy.get() and .should() assertions.,Media Testing,https://docs.cypress.io/guides/end-to-end-testing,https://youtube.com/results?search_query=cypress+media+testing,https://youtube.com/results?search_query=cypress+media+testing+hindi,https://youtube.com/results?search_query=cypress+media+testing+kannada,https://youtube.com/results?search_query=cypress+media+testing+tamil,https://youtube.com/results?search_query=cypress+media+testing+telugu
Cypress,Intermediate,What's the purpose of cy.spy() for function call tracking?,Call tracking,Function monitoring,Invocation counting,Behavior verification,A,cy.spy() tracks function calls without altering behavior, useful for verifying interactions.,Spying,https://docs.cypress.io/api/commands/spy,https://youtube.com/results?search_query=cypress+spy+command,https://youtube.com/results?search_query=cypress+spy+command+hindi,https://youtube.com/results?search_query=cypress+spy+command+kannada,https://youtube.com/results?search_query=cypress+spy+command+tamil,https://youtube.com/results?search_query=cypress+spy+command+telugu
Cypress,Intermediate,How do you test breadcrumb navigation in Cypress?,Breadcrumb testing,Navigation hierarchy,Path tracking,UI navigation,A,Verify breadcrumb links reflect current page location and navigate correctly when clicked.,Breadcrumb Testing,https://docs.cypress.io/guides/end-to-end-testing,https://youtube.com/results?search_query=cypress+breadcrumb+testing,https://youtube.com/results?search_query=cypress+breadcrumb+testing+hindi,https://youtube.com/results?search_query=cypress+breadcrumb+testing+kannada,https://youtube.com/results?search_query=cypress+breadcrumb+testing+tamil,https://youtube.com/results?search_query=cypress+breadcrumb+testing+telugu
Cypress,Intermediate,What's the difference between cy.get('body') and cy.document(),DOM access,Root elements,Document structure,Scope differences,A,cy.get('body') gets body element; cy.document() gets document object - different levels of DOM access.,DOM Access,https://docs.cypress.io/api/commands/document,https://youtube.com/results?search_query=cypress+body+vs+document,https://youtube.com/results?search_query=cypress+body+vs+document+hindi,https://youtube.com/results?search_query=cypress+body+vs+document+kannada,https://youtube.com/results?search_query=cypress+body+vs+document+tamil,https://youtube.com/results?search_query=cypress+body+vs+document+telugu
Cypress,Intermediate,How do you test progress bars/loaders in Cypress?,Progress testing,Loading indicators,Status bars,UI feedback,A,Verify loader appears during operations and disappears when complete using visibility assertions.,Progress Testing,https://docs.cypress.io/guides/end-to-end-testing,https://youtube.com/results?search_query=cypress+progress+bar+testing,https://youtube.com/results?search_query=cypress+progress+bar+testing+hindi,https://youtube.com/results?search_query=cypress+progress+bar+testing+kannada,https://youtube.com/results?search_query=cypress+progress+bar+testing+tamil,https://youtube.com/results?search_query=cypress+progress+bar+testing+telugu
Cypress,Intermediate,What's the purpose of cy.writeFile() for test data generation?,File creation,Data persistence,Test artifacts,Output generation,A,cy.writeFile() creates files on disk, useful for saving test results or generating test data.,File Operations,https://docs.cypress.io/api/commands/writefile,https://youtube.com/results?search_query=cypress+writefile+command,https://youtube.com/results?search_query=cypress+writefile+command+hindi,https://youtube.com/results?search_query=cypress+writefile+command+kannada,https://youtube.com/results?search_query=cypress+writefile+command+tamil,https://youtube.com/results?search_query=cypress+writefile+command+telugu
Cypress,Intermediate,How do you test tabbed interfaces in Cypress?,Tab testing,Content switching,Panel navigation,UI tabs,A,Test tab clicks verify active state changes and corresponding content panels display correctly.,Tab Testing,https://docs.cypress.io/guides/end-to-end-testing,https://youtube.com/results?search_query=cypress+tab+testing,https://youtube.com/results?search_query=cypress+tab+testing+hindi,https://youtube.com/results?search_query=cypress+tab+testing+kannada,https://youtube.com/results?search_query=cypress+tab+testing+tamil,https://youtube.com/results?search_query=cypress+tab+testing+telugu
Cypress,Intermediate,What's the difference between cy.should('exist') and cy.should('be.visible')?,Element verification,Presence vs visibility,Display state,Rendering check,A,'exist' checks DOM presence; 'be.visible' checks element is displayed - use based on testing needs.,Assertions,https://docs.cypress.io/guides/references/assertions,https://youtube.com/results?search_query=cypress+exist+vs+visible,https://youtube.com/results?search_query=cypress+exist+vs+visible+hindi,https://youtube.com/results?search_query=cypress+exist+vs+visible+kannada,https://youtube.com/results?search_query=cypress+exist+vs+visible+tamil,https://youtube.com/results?search_query=cypress+exist+vs+visible+telugu
Cypress,Intermediate,How do you test color contrast for accessibility in Cypress?,Accessibility testing,Color contrast,WCAG compliance,Visual accessibility,A,Use cypress-axe plugin or calculate contrast ratios programmatically to verify accessibility standards.,Accessibility,https://docs.cypress.io/guides/tooling/accessibility-testing,https://youtube.com/results?search_query=cypress+color+contrast,https://youtube.com/results?search_query=cypress+color+contrast+hindi,https://youtube.com/results?search_query=cypress+color+contrast+kannada,https://youtube.com/results?search_query=cypress+color+contrast+tamil,https://youtube.com/results?search_query=cypress+color+contrast+telugu
Cypress,Intermediate,What's the purpose of cy.exec() for system commands?,System commands,Shell execution,External processes,CLI integration,A,cy.exec() runs system commands, useful for database setup, file operations, or external tool integration.,System Commands,https://docs.cypress.io/api/commands/exec,https://youtube.com/results?search_query=cypress+exec+command,https://youtube.com/results?search_query=cypress+exec+command+hindi,https://youtube.com/results?search_query=cypress+exec+command+kannada,https://youtube.com/results?search_query=cypress+exec+command+tamil,https://youtube.com/results?search_query=cypress+exec+command+telugu
Cypress,Intermediate,How do you test rating components in Cypress?,Rating testing,Star ratings,Review inputs,UI components,A,Test star selection, rating display, and interaction feedback using click events and visual assertions.,Rating Testing,https://docs.cypress.io/guides/end-to-end-testing,https://youtube.com/results?search_query=cypress+rating+testing,https://youtube.com/results?search_query=cypress+rating+testing+hindi,https://youtube.com/results?search_query=cypress+rating+testing+kannada,https://youtube.com/results?search_query=cypress+rating+testing+tamil,https://youtube.com/results?search_query=cypress+rating+testing+telugu
Cypress,Intermediate,What's the difference between cy.reload(true) and cy.reload()?,Cache control,Hard reload,Forced refresh,Bypass cache,A,cy.reload(true) bypasses cache; cy.reload() uses cache - use true for fresh content, false for cached.,Page Reload,https://docs.cypress.io/api/commands/reload,https://youtube.com/results?search_query=cypress+reload+cache,https://youtube.com/results?search_query=cypress+reload+cache+hindi,https://youtube.com/results?search_query=cypress+reload+cache+kannada,https://youtube.com/results?search_query=cypress+reload+cache+tamil,https://youtube.com/results?search_query=cypress+reload+cache+telugu
Cypress,Intermediate,How do you test lazy-loaded images in Cypress?,Lazy loading,Image loading,Scroll-triggered,Performance optimization,A,Scroll to trigger loading and verify images load correctly using .should('have.attr', 'src') assertions.,Lazy Loading,https://docs.cypress.io/guides/end-to-end-testing,https://youtube.com/results?search_query=cypress+lazy+loading,https://youtube.com/results?search_query=cypress+lazy+loading+hindi,https://youtube.com/results?search_query=cypress+lazy+loading+kannada,https://youtube.com/results?search_query=cypress+lazy+loading+tamil,https://youtube.com/results?search_query=cypress+lazy+loading+telugu
Cypress,Intermediate,What's the purpose of cy.origin() for cross-origin testing?,Cross-origin testing,Domain switching,Same-origin policy,Multi-domain tests,A,cy.origin() tests multiple domains in same test, handling same-origin policy limitations.,Cross-Origin,https://docs.cypress.io/api/commands/origin,https://youtube.com/results?search_query=cypress+origin+command,https://youtube.com/results?search_query=cypress+origin+command+hindi,https://youtube.com/results?search_query=cypress+origin+command+kannada,https://youtube.com/results?search_query=cypress+origin+command+tamil,https://youtube.com/results?search_query=cypress+origin+command+telugu
Cypress,Intermediate,How do you test autosave functionality in Cypress?,Autosave testing,Form persistence,Automatic saving,Background saves,A,Trigger autosave conditions and verify data persists using cy.reload() or network interception.,Autosave Testing,https://docs.cypress.io/guides/end-to-end-testing,https://youtube.com/results?search_query=cypress+autosave+testing,https://youtube.com/results?search_query=cypress+autosave+testing+hindi,https://youtube.com/results?search_query=cypress+autosave+testing+kannada,https://youtube.com/results?search_query=cypress+autosave+testing+tamil,https://youtube.com/results?search_query=cypress+autosave+testing+telugu
Cypress,Intermediate,What's the difference between cy.get('[data-cy=...]') and cy.get('#id')?,Selector strategies,Data attributes,ID selectors,Test stability,A,data-cy attributes are more stable than IDs which can change; use data-* attributes for test selectors.,Selectors,https://docs.cypress.io/guides/references/best-practices,https://youtube.com/results?search_query=cypress+data+attributes,https://youtube.com/results?search_query=cypress+data+attributes+hindi,https://youtube.com/results?search_query=cypress+data+attributes+kannada,https://youtube.com/results?search_query=cypress+data+attributes+tamil,https://youtube.com/results?search_query=cypress+data+attributes+telugu
Cypress,Intermediate,How do you test cookie banners/consent popups in Cypress?,Cookie consent,Privacy banners,GDPR compliance,User preferences,A,Test banner appearance, interaction options, and cookie setting persistence across sessions.,Cookie Consent,https://docs.cypress.io/guides/end-to-end-testing,https://youtube.com/results?search_query=cypress+cookie+banner,https://youtube.com/results?search_query=cypress+cookie+banner+hindi,https://youtube.com/results?search_query=cypress+cookie+banner+kannada,https://youtube.com/results?search_query=cypress+cookie+banner+tamil,https://youtube.com/results?search_query=cypress+cookie+banner+telugu
Cypress,Intermediate,What's the purpose of cy.invoke('show') for jQuery elements?,jQuery methods,Direct invocation,Plugin interaction,Library integration,A,cy.invoke() calls jQuery methods directly on elements, useful for testing jQuery-based components.,jQuery Testing,https://docs.cypress.io/api/commands/invoke,https://youtube.com/results?search_query=cypress+jquery+testing,https://youtube.com/results?search_query=cypress+jquery+testing+hindi,https://youtube.com/results?search_query=cypress+jquery+testing+kannada,https://youtube.com/results?search_query=cypress+jquery+testing+tamil,https://youtube.com/results?search_query=cypress+jquery+testing+telugu
Cypress,Intermediate,How do you test loading states (skeletons/spinners) in Cypress?,Loading states,Placeholder content,Skeleton screens,Progress indicators,A,Trigger loading actions and verify skeleton/spinner appears, then disappears when content loads.,Loading States,https://docs.cypress.io/guides/end-to-end-testing,https://youtube.com/results?search_query=cypress+loading+states,https://youtube.com/results?search_query=cypress+loading+states+hindi,https://youtube.com/results?search_query=cypress+loading+states+kannada,https://youtube.com/results?search_query=cypress+loading+states+tamil,https://youtube.com/results?search_query=cypress+loading+states+telugu
Cypress,Intermediate,What's the difference between cy.visit() and cy.visit({failOnStatusCode: false})?,Error handling,Status codes,Page loading,Failure tolerance,A,With failOnStatusCode: false, Cypress won't fail on HTTP error codes - useful for testing error pages.,Page Navigation,https://docs.cypress.io/api/commands/visit,https://youtube.com/results?search_query=cypress+visit+options,https://youtube.com/results?search_query=cypress+visit+options+hindi,https://youtube.com/results?search_query=cypress+visit+options+kannada,https://youtube.com/results?search_query=cypress+visit+options+tamil,https://youtube.com/results?search_query=cypress+visit+options+telugu
Cypress,Intermediate,How do you test real-time collaboration features in Cypress?,Real-time testing,Collaborative editing,Live updates,Multi-user scenarios,A,Use multiple cy.request() calls or test WebSocket communication to simulate multi-user interactions.,Real-time Testing,https://docs.cypress.io/guides/end-to-end-testing,https://youtube.com/results?search_query=cypress+real+time+testing,https://youtube.com/results?search_query=cypress+real+time+testing+hindi,https://youtube.com/results?search_query=cypress+real+time+testing+kannada,https://youtube.com/results?search_query=cypress+real+time+testing+tamil,https://youtube.com/results?search_query=cypress+real+time+testing+telugu
Cypress,Intermediate,What's the purpose of cy.screenshot('custom-name') for organized reports?,Screenshot naming,Report organization,Test artifacts,Visual documentation,A,Custom names help organize screenshots in reports and make them easier to identify during test reviews.,Reporting,https://docs.cypress.io/api/commands/screenshot,https://youtube.com/results?search_query=cypress+screenshot+naming,https://youtube.com/results?search_query=cypress+screenshot+naming+hindi,https://youtube.com/results?search_query=cypress+screenshot+naming+kannada,https://youtube.com/results?search_query=cypress+screenshot+naming+tamil,https://youtube.com/results?search_query=cypress+screenshot+naming+telugu
Cypress,Intermediate,How do you test undo/redo functionality in Cypress?,Undo testing,Action reversal,History navigation,Edit controls,A,Perform actions, trigger undo/redo, and verify state changes appropriately using assertions.,Undo Testing,https://docs.cypress.io/guides/end-to-end-testing,https://youtube.com/results?search_query=cypress+undo+testing,https://youtube.com/results?search_query=cypress+undo+testing+hindi,https://youtube.com/results?search_query=cypress+undo+testing+kannada,https://youtube.com/results?search_query=cypress+undo+testing+tamil,https://youtube.com/results?search_query=cypress+undo+testing+telugu
Cypress,Intermediate,What's the difference between cy.get('input').type('text') and cy.type('text')?,Target specificity,Direct typing,Element selection,Input focus,A,cy.get('input').type() specifies target; cy.type() types into focused element - former is more explicit.,Input Testing,https://docs.cypress.io/api/commands/type,https://youtube.com/results?search_query=cypress+explicit+typing,https://youtube.com/results?search_query=cypress+explicit+typing+hindi,https://youtube.com/results?search_query=cypress+explicit+typing+kannada,https://youtube.com/results?search_query=cypress+explicit+typing+tamil,https://youtube.com/results?search_query=cypress+explicit+typing+telugu
Cypress,Intermediate,How do you test error boundaries in React applications with Cypress?,Error boundaries,React error handling,Fallback UI,Component resilience,A,Trigger component errors and verify fallback UI displays correctly using appropriate assertions.,React Testing,https://docs.cypress.io/guides/component-testing,https://youtube.com/results?search_query=cypress+error+boundaries,https://youtube.com/results?search_query=cypress+error+boundaries+hindi,https://youtube.com/results?search_query=cypress+error+boundaries+kannada,https://youtube.com/results?search_query=cypress+error+boundaries+tamil,https://youtube.com/results?search_query=cypress+error+boundaries+telugu
Cypress,Intermediate,What's the purpose of cy.should('have.class', 'active') for state verification?,Class verification,State indicators,UI state,CSS classes,A,Verifies element has specific CSS class, useful for testing active states, toggles, or visual feedback.,State Testing,https://docs.cypress.io/guides/references/assertions,https://youtube.com/results?search_query=cypress+class+assertions,https://youtube.com/results?search_query=cypress+class+assertions+hindi,https://youtube.com/results?search_query=cypress+class+assertions+kannada,https://youtube.com/results?search_query=cypress+class+assertions+tamil,https://youtube.com/results?search_query=cypress+class+assertions+telugu
Cypress,Intermediate,How do you test keyboard navigation in data tables?,Table navigation,Keyboard controls,Data grids,Accessibility testing,A,Use .type() with arrow keys and Tab to navigate table cells and verify focus moves correctly.,Keyboard Navigation,https://docs.cypress.io/api/commands/type,https://youtube.com/results?search_query=cypress+keyboard+navigation,https://youtube.com/results?search_query=cypress+keyboard+navigation+hindi,https://youtube.com/results?search_query=cypress+keyboard+navigation+kannada,https://youtube.com/results?search_query=cypress+keyboard+navigation+tamil,https://youtube.com/results?search_query=cypress+keyboard+navigation+telugu
Cypress,Intermediate,What's the difference between cy.get('form').submit() and cy.get('button[type=submit]').click()?,Form submission,Submit methods,Button clicks,Event handling,A,Both submit forms but .submit() triggers submit event directly while .click() simulates user click.,Form Submission,https://docs.cypress.io/api/commands/submit,https://youtube.com/results?search_query=cypress+form+submission,https://youtube.com/results?search_query=cypress+form+submission+hindi,https://youtube.com/results?search_query=cypress+form+submission+kannada,https://youtube.com/results?search_query=cypress+form+submission+tamil,https://youtube.com/results?search_query=cypress+form+submission+telugu
Cypress,Intermediate,How do you test browser back button behavior in single-page applications?,SPA navigation,History management,Back button,Routing behavior,A,Use cy.go('back') to simulate back button and verify correct page/state loads.,SPA Testing,https://docs.cypress.io/api/commands/go,https://youtube.com/results?search_query=cypress+back+button,https://youtube.com/results?search_query=cypress+back+button+hindi,https://youtube.com/results?search_query=cypress+back+button+kannada,https://youtube.com/results?search_query=cypress+back+button+tamil,https://youtube.com/results?search_query=cypress+back+button+telugu
Cypress,Intermediate,What's the purpose of cy.wrap(null).should('be.null') for null assertions?,Null verification,Value checking,Edge cases,Data validation,A,Verifies value is null, useful for testing optional fields or API responses that return null.,Null Testing,https://docs.cypress.io/guides/references/assertions,https://youtube.com/results?search_query=cypress+null+assertions,https://youtube.com/results?search_query=cypress+null+assertions+hindi,https://youtube.com/results?search_query=cypress+null+assertions+kannada,https://youtube.com/results?search_query=cypress+null+assertions+tamil,https://youtube.com/results?search_query=cypress+null+assertions+telugu
Cypress,Intermediate,How do you test multi-select dropdowns in Cypress?,Multi-select testing,Bulk selection,Checkbox dropdowns,Form controls,A,Use cy.get('select').select(['option1', 'option2']) for <select multiple> or handle custom implementations.,Multi-select,https://docs.cypress.io/api/commands/select,https://youtube.com/results?search_query=cypress+multiselect+testing,https://youtube.com/results?search_query=cypress+multiselect+testing+hindi,https://youtube.com/results?search_query=cypress+multiselect+testing+kannada,https://youtube.com/results?search_query=cypress+multiselect+testing+tamil,https://youtube.com/results?search_query=cypress+multiselect+testing+telugu
Cypress,Intermediate,What's the difference between cy.location('pathname') and cy.url(),URL parsing,Path extraction,Location data,Navigation verification,A,cy.location('pathname') gets path only; cy.url() gets full URL - use based on needed URL component.,URL Testing,https://docs.cypress.io/api/commands/location,https://youtube.com/results?search_query=cypress+location+vs+url,https://youtube.com/results?search_query=cypress+location+vs+url+hindi,https://youtube.com/results?search_query=cypress+location+vs+url+kannada,https://youtube.com/results?search_query=cypress+location+vs+url+tamil,https://youtube.com/results?search_query=cypress+location+vs+url+telugu
Cypress,Intermediate,How do you test currency/number formatting in Cypress?,Formatting testing,Number formatting,Currency display,Localization verification,A,Verify formatted strings match expected patterns using .should('match', regex) or .contains().,Formatting Testing,https://docs.cypress.io/guides/end-to-end-testing,https://youtube.com/results?search_query=cypress+currency+formatting,https://youtube.com/results?search_query=cypress+currency+formatting+hindi,https://youtube.com/results?search_query=cypress+currency+formatting+kannada,https://youtube.com/results?search_query=cypress+currency+formatting+tamil,https://youtube.com/results?search_query=cypress+currency+formatting+telugu
Cypress,Intermediate,What's the purpose of cy.get('@alias') for aliased elements?,Element aliasing,Reference reuse,Selector abstraction,Test readability,A,Creates reusable references to elements, improving test maintenance and readability.,Aliasing,https://docs.cypress.io/api/commands/as,https://youtube.com/results?search_query=cypress+element+aliasing,https://youtube.com/results?search_query=cypress+element+aliasing+hindi,https://youtube.com/results?search_query=cypress+element+aliasing+kannada,https://youtube.com/results?search_query=cypress+element+aliasing+tamil,https://youtube.com/results?search_query=cypress+element+aliasing+telugu
Cypress,Intermediate,How do you test "load more" button functionality in Cypress?,Load more testing,Pagination alternative,Incremental loading,Content expansion,A,Click load more button and verify additional content loads without replacing existing content.,Load More Testing,https://docs.cypress.io/guides/end-to-end-testing,https://youtube.com/results?search_query=cypress+load+more+testing,https://youtube.com/results?search_query=cypress+load+more+testing+hindi,https://youtube.com/results?search_query=cypress+load+more+testing+kannada,https://youtube.com/results?search_query=cypress+load+more+testing+tamil,https://youtube.com/results?search_query=cypress+load+more+testing+telugu
Cypress,Intermediate,What's the difference between cy.get('input[type=checkbox]').check() and .click()?,Checkbox interaction,State toggling,Form controls,Event methods,A,.check() specifically checks checkboxes; .click() toggles state - use .check() for predictable behavior.,Checkbox Testing,https://docs.cypress.io/api/commands/check,https://youtube.com/results?search_query=cypress+checkbox+check,https://youtube.com/results?search_query=cypress+checkbox+check+hindi,https://youtube.com/results?search_query=cypress+checkbox+check+kannada,https://youtube.com/results?search_query=cypress+checkbox+check+tamil,https://youtube.com/results?search_query=cypress+checkbox+check+telugu
Cypress,Intermediate,How do you test image alt text for accessibility in Cypress?,Accessibility testing,Alt text,Image descriptions,Screen readers,A,Use cy.get('img').should('have.attr', 'alt') to verify images have appropriate alternative text.,Accessibility,https://docs.cypress.io/guides/tooling/accessibility-testing,https://youtube.com/results?search_query=cypress+alt+text+testing,https://youtube.com/results?search_query=cypress+alt+text+testing+hindi,https://youtube.com/results?search_query=cypress+alt+text+testing+kannada,https://youtube.com/results?search_query=cypress+alt+text+testing+tamil,https://youtube.com/results?search_query=cypress+alt+text+testing+telugu
Cypress,Intermediate,What's the purpose of cy.visit('/page', {timeout: 10000}) for custom timeouts?,Timeout configuration,Page loading,Custom waits,Performance adaptation,A,Increases timeout for slow-loading pages, preventing false failures on slower networks or heavy pages.,Timeouts,https://docs.cypress.io/api/commands/visit,https://youtube.com/results?search_query=cypress+custom+timeout,https://youtube.com/results?search_query=cypress+custom+timeout+hindi,https://youtube.com/results?search_query=cypress+custom+timeout+kannada,https://youtube.com/results?search_query=cypress+custom+timeout+tamil,https://youtube.com/results?search_query=cypress+custom+timeout+telugu
Cypress,Intermediate,How do you test character counters in text inputs?,Character counting,Input limits,Length feedback,Form validation,A,Type text and verify counter updates correctly showing characters remaining/used.,Character Counter,https://docs.cypress.io/guides/end-to-end-testing,https://youtube.com/results?search_query=cypress+character+counter,https://youtube.com/results?search_query=cypress+character+counter+hindi,https://youtube.com/results?search_query=cypress+character+counter+kannada,https://youtube.com/results?search_query=cypress+character+counter+tamil,https://youtube.com/results?search_query=cypress+character+counter+telugu
Cypress,Intermediate,What's the difference between cy.get('div').children() and cy.get('div').find('*')?,Child selection,Descendant search,Element hierarchy,Scope differences,A,.children() gets direct children only; .find('*') gets all descendants - use based on hierarchy needs.,Element Selection,https://docs.cypress.io/api/commands/children,https://youtube.com/results?search_query=cypress+children+vs+find,https://youtube.com/results?search_query=cypress+children+vs+find+hindi,https://youtube.com/results?search_query=cypress+children+vs+find+kannada,https://youtube.com/results?search_query=cypress+children+vs+find+tamil,https://youtube.com/results?search_query=cypress+children+vs+find+telugu
Cypress,Intermediate,How do you test CAPTCHA-protected forms in Cypress?,CAPTCHA testing,Bot protection,Form security,Verification bypass,A,Disable CAPTCHA in test environment or use test keys that always pass automated tests.,CAPTCHA Testing,https://docs.cypress.io/guides/end-to-end-testing,https://youtube.com/results?search_query=cypress+captcha+testing,https://youtube.com/results?search_query=cypress+captcha+testing+hindi,https://youtube.com/results?search_query=cypress+captcha+testing+kannada,https://youtube.com/results?search_query=cypress+captcha+testing+tamil,https://youtube.com/results?search_query=cypress+captcha+testing+telugu
Cypress,Intermediate,What's the purpose of cy.get('option:selected') for dropdown verification?,Selected option,Default selection,Form state,Pre-filled values,A,Gets currently selected option in dropdown, useful for verifying default or pre-selected values.,Dropdown Verification,https://docs.cypress.io/api/commands/get,https://youtube.com/results?search_query=cypress+selected+option,https://youtube.com/results?search_query=cypress+selected+option+hindi,https://youtube.com/results?search_query=cypress+selected+option+kannada,https://youtube.com/results?search_query=cypress+selected+option+tamil,https://youtube.com/results?search_query=cypress+selected+option+telugu
Cypress,Intermediate,How do you test "remember me" functionality in login forms?,Remember me testing,Login persistence,Session cookies,User preferences,A,Check remember me box, login, close browser, reopen and verify automatic login works.,Remember Me,https://docs.cypress.io/guides/end-to-end-testing,https://youtube.com/results?search_query=cypress+remember+me+testing,https://youtube.com/results?search_query=cypress+remember+me+testing+hindi,https://youtube.com/results?search_query=cypress+remember+me+testing+kannada,https://youtube.com/results?search_query=cypress+remember+me+testing+tamil,https://youtube.com/results?search_query=cypress+remember+me+testing+telugu
Cypress,Intermediate,What's the difference between cy.get('input').should('be.disabled') and .should('be.enabled')?,Input state,Disabled fields,Form validation,User interaction,A,'disabled' verifies element is not interactable; 'enabled' verifies it is - use based on expected state.,State Testing,https://docs.cypress.io/guides/references/assertions,https://youtube.com/results?search_query=cypress+disabled+enabled,https://youtube.com/results?search_query=cypress+disabled+enabled+hindi,https://youtube.com/results?search_query=cypress+disabled+enabled+kannada,https://youtube.com/results?search_query=cypress+disabled+enabled+tamil,https://youtube.com/results?search_query=cypress+disabled+enabled+telugu
Cypress,Intermediate,How do you test social media sharing buttons in Cypress?,Social sharing,Share buttons,External links,Social integration,A,Verify buttons open correct URLs or use cy.intercept() to capture share requests without leaving page.,Social Sharing,https://docs.cypress.io/guides/end-to-end-testing,https://youtube.com/results?search_query=cypress+social+sharing,https://youtube.com/results?search_query=cypress+social+sharing+hindi,https://youtube.com/results?search_query=cypress+social+sharing+kannada,https://youtube.com/results?search_query=cypress+social+sharing+tamil,https://youtube.com/results?search_query=cypress+social+sharing+telugu
Cypress,Intermediate,What's the purpose of cy.get('body').type('{esc}') for modal closing?,Escape key,Modal dismissal,Keyboard shortcuts,Close behavior,A,Simulates pressing Escape key to close modals or dropdowns, testing keyboard accessibility.,Keyboard Shortcuts,https://docs.cypress.io/api/commands/type,https://youtube.com/results?search_query=cypress+escape+key,https://youtube.com/results?search_query=cypress+escape+key+hindi,https://youtube.com/results?search_query=cypress+escape+key+kannada,https://youtube.com/results?search_query=cypress+escape+key+tamil,https://youtube.com/results?search_query=cypress+escape+key+telugu
Cypress,Intermediate,How do you test password strength indicators in Cypress?,Password strength,Input validation,Security feedback,Form security,A,Type passwords and verify strength meter updates appropriately with visual or text feedback.,Password Testing,https://docs.cypress.io/guides/end-to-end-testing,https://youtube.com/results?search_query=cypress+password+strength,https://youtube.com/results?search_query=cypress+password+strength+hindi,https://youtube.com/results?search_query=cypress+password+strength+kannada,https://youtube.com/results?search_query=cypress+password+strength+tamil,https://youtube.com/results?search_query=cypress+password+strength+telugu
Cypress,Intermediate,What's the difference between cy.get('a').should('have.attr', 'href') and .should('have.prop', 'href')?,Attribute vs property,DOM properties,HTML attributes,Link verification,A,'attr' gets HTML attribute; 'prop' gets DOM property - use 'prop' for resolved URLs, 'attr' for raw values.,Link Testing,https://docs.cypress.io/guides/references/assertions,https://youtube.com/results?search_query=cypress+attr+vs+prop,https://youtube.com/results?search_query=cypress+attr+vs+prop+hindi,https://youtube.com/results?search_query=cypress+attr+vs+prop+kannada,https://youtube.com/results?search_query=cypress+attr+vs+prop+tamil,https://youtube.com/results?search_query=cypress+attr+vs+prop+telugu
Cypress,Intermediate,How do you test "select all" functionality in lists/tables?,Select all testing,Bulk selection,Checkbox groups,List management,A,Click select all checkbox and verify all items become selected appropriately.,Select All Testing,https://docs.cypress.io/guides/end-to-end-testing,https://youtube.com/results?search_query=cypress+select+all+testing,https://youtube.com/results?search_query=cypress+select+all+testing+hindi,https://youtube.com/results?search_query=cypress+select+all+testing+kannada,https://youtube.com/results?search_query=cypress+select+all+testing+tamil,https://youtube.com/results?search_query=cypress+select+all+testing+telugu
Cypress,Intermediate,What's the purpose of cy.get('input').should('have.value', 'expected') for form verification?,Input value verification,Form data,Pre-filled fields,User input,A,Verifies input contains expected value, useful for testing default values or user input persistence.,Form Verification,https://docs.cypress.io/guides/references/assertions,https://youtube.com/results?search_query=cypress+input+value,https://youtube.com/results?search_query=cypress+input+value+hindi,https://youtube.com/results?search_query=cypress+input+value+kannada,https://youtube.com/results?search_query=cypress+input+value+tamil,https://youtube.com/results?search_query=cypress+input+value+telugu
Cypress,Intermediate,How do you test "read more/less" toggle functionality in Cypress?,Content toggling,Expand/collapse text,Show more,Content truncation,A,Click read more/less and verify content expands/collapses appropriately with text changes.,Content Toggle,https://docs.cypress.io/guides/end-to-end-testing,https://youtube.com/results?search_query=cypress+read+more+toggle,https://youtube.com/results?search_query=cypress+read+more+toggle+hindi,https://youtube.com/results?search_query=cypress+read+more+toggle+kannada,https://youtube.com/results?search_query=cypress+read+more+toggle+tamil,https://youtube.com/results?search_query=cypress+read+more+toggle+telugu
Cypress,Intermediate,What's the difference between cy.get('tr').eq(0) and cy.get('tr').first()?,Row selection,Index access,First element,Table rows,A,.eq(0) and .first() both get first row but .first() is more readable for getting first element.,Table Testing,https://docs.cypress.io/api/commands/eq,https://youtube.com/results?search_query=cypress+first+vs+eq,https://youtube.com/results?search_query=cypress+first+vs+eq+hindi,https://youtube.com/results?search_query=cypress+first+vs+eq+kannada,https://youtube.com/results?search_query=cypress+first+vs+eq+tamil,https://youtube.com/results?search_query=cypress+first+vs+eq+telugu
Cypress,Intermediate,How do you test "add to cart" functionality in e-commerce sites?,E-commerce testing,Cart management,Product addition,Purchase flow,A,Add items to cart and verify cart count updates and items appear in cart page with correct details.,E-commerce Testing,https://docs.cypress.io/guides/end-to-end-testing,https://youtube.com/results?search_query=cypress+ecommerce+testing,https://youtube.com/results?search_query=cypress+ecommerce+testing+hindi,https://youtube.com/results?search_query=cypress+ecommerce+testing+kannada,https://youtube.com/results?search_query=cypress+ecommerce+testing+tamil,https://youtube.com/results?search_query=cypress+ecommerce+testing+telugu
Cypress,Intermediate,What's the purpose of cy.get('[aria-label="..."]') for accessibility testing?,ARIA labels,Accessibility attributes,Screen readers,Assistive technology,A,Selects elements using ARIA labels, important for testing accessibility and screen reader compatibility.,Accessibility,https://docs.cypress.io/guides/tooling/accessibility-testing,https://youtube.com/results?search_query=cypress+aria+labels,https://youtube.com/results?search_query=cypress+aria+labels+hindi,https://youtube.com/results?search_query=cypress+aria+labels+kannada,https://youtube.com/results?search_query=cypress+aria+labels+tamil,https://youtube.com/results?search_query=cypress+aria+labels+telugu
Cypress,Intermediate,How do you test "forgot password" flow in Cypress?,Password reset,Forgot password,Email recovery,Account security,A,Enter email, submit, verify confirmation message and test reset link functionality.,Password Reset,https://docs.cypress.io/guides/end-to-end-testing,https://youtube.com/results?search_query=cypress+forgot+password,https://youtube.com/results?search_query=cypress+forgot+password+hindi,https://youtube.com/results?search_query=cypress+forgot+password+kannada,https://youtube.com/results?search_query=cypress+forgot+password+tamil,https://youtube.com/results?search_query=cypress+forgot+password+telugu
Cypress,Intermediate,What's the difference between cy.get('div').should('have.length', 5) and .should('have.length.gt', 0)?,Length assertions,Exact count,Minimum count,Collection size,A,First verifies exact count; second verifies minimum count - use based on testing requirements.,Collection Testing,https://docs.cypress.io/guides/references/assertions,https://youtube.com/results?search_query=cypress+length+assertions,https://youtube.com/results?search_query=cypress+length+assertions+hindi,https://youtube.com/results?search_query=cypress+length+assertions+kannada,https://youtube.com/results?search_query=cypress+length+assertions+tamil,https://youtube.com/results?search_query=cypress+length+assertions+telugu
Cypress,Intermediate,How do you test "stay signed in" across browser sessions in Cypress?,Session persistence,Long-lived sessions,Cookie expiration,User convenience,A,Login with stay signed in, close/reopen browser, verify automatic login without credentials.,Session Persistence,https://docs.cypress.io/guides/end-to-end-testing,https://youtube.com/results?search_query=cypress+stay+signed+in,https://youtube.com/results?search_query=cypress+stay+signed+in+hindi,https://youtube.com/results?search_query=cypress+stay+signed+in+kannada,https://youtube.com/results?search_query=cypress+stay+signed+in+tamil,https://youtube.com/results?search_query=cypress+stay+signed+in+telugu
Cypress,Intermediate,What's the purpose of cy.get('input').clear() for form resetting?,Input clearing,Form preparation,State reset,User simulation,A,Clears input value to prepare for new input or reset form state.,Form Clearing,https://docs.cypress.io/api/commands/clear,https://youtube.com/results?search_query=cypress+clear+input,https://youtube.com/results?search_query=cypress+clear+input+hindi,https://youtube.com/results?search_query=cypress+clear+input+kannada,https://youtube.com/results?search_query=cypress+clear+input+tamil,https://youtube.com/results?search_query=cypress+clear+input+telugu
Cypress,Intermediate,How do you test "download as PDF" functionality in Cypress?,PDF download,Document generation,File export,Report download,A,Click download button and verify PDF file downloads using cy.intercept() or file validation.,PDF Testing,https://docs.cypress.io/guides/end-to-end-testing,https://youtube.com/results?search_query=cypress+pdf+download,https://youtube.com/results?search_query=cypress+pdf+download+hindi,https://youtube.com/results?search_query=cypress+pdf+download+kannada,https://youtube.com/results?search_query=cypress+pdf+download+tamil,https://youtube.com/results?search_query=cypress+pdf+download+telugu
Cypress,Intermediate,What's the difference between cy.get('button').should('contain', 'Save') and .should('have.text', 'Save')?,Text verification,Content matching,Exact text,Partial text,A,'contain' checks partial text; 'have.text' checks exact text - use based on text matching needs.,Text Assertions,https://docs.cypress.io/guides/references/assertions,https://youtube.com/results?search_query=cypress+text+assertions,https://youtube.com/results?search_query=cypress+text+assertions+hindi,https://youtube.com/results?search_query=cypress+text+assertions+kannada,https://youtube.com/results?search_query=cypress+text+assertions+tamil,https://youtube.com/results?search_query=cypress+text+assertions+telugu
Cypress,Intermediate,How do you test "terms and conditions" checkbox in forms?,Terms acceptance,Legal compliance,Required checkbox,Form validation,A,Verify checkbox must be checked to submit form and unchecking prevents submission.,Terms Testing,https://docs.cypress.io/guides/end-to-end-testing,https://youtube.com/results?search_query=cypress+terms+checkbox,https://youtube.com/results?search_query=cypress+terms+checkbox+hindi,https://youtube.com/results?search_query=cypress+terms+checkbox+kannada,https://youtube.com/results?search_query=cypress+terms+checkbox+tamil,https://youtube.com/results?search_query=cypress+terms+checkbox+telugu
Cypress,Intermediate,What's the purpose of cy.get('meta[name="description"]') for SEO testing?,SEO verification,Meta tags,Page metadata,Search optimization,A,Verifies meta tags exist with correct content for SEO purposes.,SEO Testing,https://docs.cypress.io/guides/end-to-end-testing,https://youtube.com/results?search_query=cypress+seo+testing,https://youtube.com/results?search_query=cypress+seo+testing+hindi,https://youtube.com/results?search_query=cypress+seo+testing+kannada,https://youtube.com/results?search_query=cypress+seo+testing+tamil,https://youtube.com/results?search_query=cypress+seo+testing+telugu
Cypress,Intermediate,How do you test "contact us" forms with file attachment?,Contact forms,File attachment,Message submission,Support requests,A,Fill form fields, attach file, submit and verify success message or email sent confirmation.,Contact Form,https://docs.cypress.io/guides/end-to-end-testing,https://youtube.com/results?search_query=cypress+contact+form,https://youtube.com/results?search_query=cypress+contact+form+hindi,https://youtube.com/results?search_query=cypress+contact+form+kannada,https://youtube.com/results?search_query=cypress+contact+form+tamil,https://youtube.com/results?search_query=cypress+contact+form+telugu
Cypress,Intermediate,What's the difference between cy.get('div').parent() and cy.get('div').parents()?,Parent selection,Ancestor traversal,DOM hierarchy,Element navigation,A,.parent() gets immediate parent; .parents() gets all ancestors - use based on hierarchy needs.,DOM Traversal,https://docs.cypress.io/api/commands/parent,https://youtube.com/results?search_query=cypress+parent+vs+parents,https://youtube.com/results?search_query=cypress+parent+vs+parents+hindi,https://youtube.com/results?search_query=cypress+parent+vs+parents+kannada,https://youtube.com/results?search_query=cypress+parent+vs+parents+tamil,https://youtube.com/results?search_query=cypress+parent+vs+parents+telugu
Cypress,Intermediate,How do you test "newsletter subscription" functionality?,Newsletter testing,Email subscription,Marketing opt-in,User preferences,A,Enter email, submit, verify confirmation and test unsubscribe functionality.,Newsletter Testing,https://docs.cypress.io/guides/end-to-end-testing,https://youtube.com/results?search_query=cypress+newsletter+testing,https://youtube.com/results?search_query=cypress+newsletter+testing+hindi,https://youtube.com/results?search_query=cypress+newsletter+testing+kannada,https://youtube.com/results?search_query=cypress+newsletter+testing+tamil,https://youtube.com/results?search_query=cypress+newsletter+testing+telugu
Cypress,Intermediate,What's the purpose of cy.get('table').should('be.visible') for table verification?,Table visibility,Layout testing,Data display,Component rendering,A,Verifies table is displayed on page, useful for testing conditional rendering or loading states.,Table Verification,https://docs.cypress.io/guides/references/assertions,https://youtube.com/results?search_query=cypress+table+visibility,https://youtube.com/results?search_query=cypress+table+visibility+hindi,https://youtube.com/results?search_query=cypress+table+visibility+kannada,https://youtube.com/results?search_query=cypress+table+visibility+tamil,https://youtube.com/results?search_query=cypress+table+visibility+telugu
Cypress,Intermediate,How do you test "user profile" editing functionality?,Profile editing,User settings,Account management,Personalization,A,Edit profile fields, save changes, verify updates persist and display correctly.,Profile Testing,https://docs.cypress.io/guides/end-to-end-testing,https://youtube.com/results?search_query=cypress+profile+editing,https://youtube.com/results?search_query=cypress+profile+editing+hindi,https://youtube.com/results?search_query=cypress+profile+editing+kannada,https://youtube.com/results?search_query=cypress+profile+editing+tamil,https://youtube.com/results?search_query=cypress+profile+editing+telugu
Cypress,Intermediate,What's the difference between cy.get('input').blur() and cy.get('input').type('text{enter}')?,Focus loss,Form submission,Input completion,User interaction,A,.blur() removes focus; .type('{enter}') submits form - different user interaction simulations.,Input Interactions,https://docs.cypress.io/api/commands/type,https://youtube.com/results?search_query=cypress+blur+vs+enter,https://youtube.com/results?search_query=cypress+blur+vs+enter+hindi,https://youtube.com/results?search_query=cypress+blur+vs+enter+kannada,https://youtube.com/results?search_query=cypress+blur+vs+enter+tamil,https://youtube.com/results?search_query=cypress+blur+vs+enter+telugu
Cypress,Intermediate,How do you test "data export" to CSV/Excel functionality?,Data export,File generation,Report download,Data extraction,A,Click export button and verify file downloads with correct format and content using cy.intercept(),Export Testing,https://docs.cypress.io/guides/end-to-end-testing,https://youtube.com/results?search_query=cypress+data+export,https://youtube.com/results?search_query=cypress+data+export+hindi,https://youtube.com/results?search_query=cypress+data+export+kannada,https://youtube.com/results?search_query=cypress+data+export+tamil,https://youtube.com/results?search_query=cypress+data+export+telugu
Cypress,Intermediate,What's the purpose of cy.get('ol li') for ordered list testing?,List testing,Ordered lists,Numbered items,Content structure,A,Selects list items in ordered lists for verification of correct numbering and content.,List Testing,https://docs.cypress.io/api/commands/get,https://youtube.com/results?search_query=cypress+list+testing,https://youtube.com/results?search_query=cypress+list+testing+hindi,https://youtube.com/results?search_query=cypress+list+testing+kannada,https://youtube.com/results?search_query=cypress+list+testing+tamil,https://youtube.com/results?search_query=cypress+list+testing+telugu
Cypress,Intermediate,How do you test "two-factor authentication" (2FA) flow?,2FA testing,Multi-factor auth,Security verification,OTP input,A,Enter credentials, receive OTP, input code and verify successful login with enhanced security.,2FA Testing,https://docs.cypress.io/guides/end-to-end-testing,https://youtube.com/results?search_query=cypress+2fa+testing,https://youtube.com/results?search_query=cypress+2fa+testing+hindi,https://youtube.com/results?search_query=cypress+2fa+testing+kannada,https://youtube.com/results?search_query=cypress+2fa+testing+tamil,https://youtube.com/results?search_query=cypress+2fa+testing+telugu
Cypress,Intermediate,What's the difference between cy.get('input').should('have.css', 'color', 'rgb(255, 0, 0)') and .should('have.attr', 'style')?,CSS verification,Inline styles,Computed styles,Visual testing,A,'have.css' checks computed style; 'have.attr' checks inline style attribute - different style verification methods.,CSS Testing,https://docs.cypress.io/guides/references/assertions,https://youtube.com/results?search_query=cypress+css+assertions,https://youtube.com/results?search_query=cypress+css+assertions+hindi,https://youtube.com/results?search_query=cypress+css+assertions+kannada,https://youtube.com/results?search_query=cypress+css+assertions+tamil,https://youtube.com/results?search_query=cypress+css+assertions+telugu
Cypress,Intermediate,How do you test "guest checkout" vs "registered user" checkout in e-commerce?,Checkout testing,Guest users,Registered users,Purchase flows,A,Test both checkout paths verifying guest can purchase without account and registered user has saved info.,Checkout Testing,https://docs.cypress.io/guides/end-to-end-testing,https://youtube.com/results?search_query=cypress+checkout+testing,https://youtube.com/results?search_query=cypress+checkout+testing+hindi,https://youtube.com/results?search_query=cypress+checkout+testing+kannada,https://youtube.com/results?search_query=cypress+checkout+testing+tamil,https://youtube.com/results?search_query=cypress+checkout+testing+telugu
Cypress,Intermediate,What's the purpose of cy.get('input[required]') for form validation testing?,Required fields,Mandatory inputs,Form validation,User guidance,A,Selects required form fields to test validation behavior when left empty.,Form Validation,https://docs.cypress.io/api/commands/get,https://youtube.com/results?search_query=cypress+required+fields,https://youtube.com/results?search_query=cypress+required+fields+hindi,https://youtube.com/results?search_query=cypress+required+fields+kannada,https://youtube.com/results?search_query=cypress+required+fields+tamil,https://youtube.com/results?search_query=cypress+required+fields+telugu
Cypress,Intermediate,How do you test "wishlist" functionality in e-commerce sites?,Wishlist testing,Favorites saving,Product lists,User preferences,A,Add items to wishlist, verify they appear, test removal and wishlist-to-cart functionality.,Wishlist Testing,https://docs.cypress.io/guides/end-to-end-testing,https://youtube.com/results?search_query=cypress+wishlist+testing,https://youtube.com/results?search_query=cypress+wishlist+testing+hindi,https://youtube.com/results?search_query=cypress+wishlist+testing+kannada,https://youtube.com/results?search_query=cypress+wishlist+testing+tamil,https://youtube.com/results?search_query=cypress+wishlist+testing+telugu
Cypress,Intermediate,What's the difference between cy.get('button').click({force: true}) and normal .click()?,Forced clicks,Element interaction,Visibility bypass,Overlay handling,A,{force: true} clicks element even if hidden or covered; normal click requires element to be actionable.,Click Options,https://docs.cypress.io/api/commands/click,https://youtube.com/results?search_query=cypress+force+click,https://youtube.com/results?search_query=cypress+force+click+hindi,https://youtube.com/results?search_query=cypress+force+click+kannada,https://youtube.com/results?search_query=cypress+force+click+tamil,https://youtube.com/results?search_query=cypress+force+click+telugu