DevTools,Intermediate,How do you use the Console to log multiple variables with labels?,Console logging,Variable inspection,Debug output,Label formatting,A,Use console.log({var1, var2}) or separate with commas: console.log("Label:", variable),Console,https://developer.chrome.com/docs/devtools/console/,https://youtube.com/results?search_query=devtools+console+log+variables,https://youtube.com/results?search_query=devtools+console+log+variables+hindi,https://youtube.com/results?search_query=devtools+console+log+variables+kannada,https://youtube.com/results?search_query=devtools+console+log+variables+tamil,https://youtube.com/results?search_query=devtools+console+log+variables+telugu
DevTools,Intermediate,What's the difference between Elements and Computed tabs in Styles panel?,CSS inspection,Style debugging,Computed values,Applied styles,A,Elements shows applied CSS rules; Computed shows final computed values after all rules applied.,Elements,https://developer.chrome.com/docs/devtools/css/,https://youtube.com/results?search_query=devtools+elements+computed+tabs,https://youtube.com/results?search_query=devtools+elements+computed+tabs+hindi,https://youtube.com/results?search_query=devtools+elements+computed+tabs+kannada,https://youtube.com/results?search_query=devtools+elements+computed+tabs+tamil,https://youtube.com/results?search_query=devtools+elements+computed+tabs+telugu
DevTools,Intermediate,How do you inspect network requests for a specific file type?,Network filtering,File type filtering,Resource inspection,Request analysis,A,Use filter input with file extension: .css, .js, .png or type:document,type:stylesheet,Network,https://developer.chrome.com/docs/devtools/network/,https://youtube.com/results?search_query=devtools+network+file+filter,https://youtube.com/results?search_query=devtools+network+file+filter+hindi,https://youtube.com/results?search_query=devtools+network+file+filter+kannada,https://youtube.com/results?search_query=devtools+network+file+filter+tamil,https://youtube.com/results?search_query=devtools+network+file+filter+telugu
DevTools,Intermediate,What's the purpose of the "Preserve log" checkbox in Network panel?,Log persistence,Page navigation,Request history,Multi-page debugging,A,Keeps network requests visible across page navigation for debugging multi-page flows.,Network,https://developer.chrome.com/docs/devtools/network/,https://youtube.com/results?search_query=devtools+preserve+log+network,https://youtube.com/results?search_query=devtools+preserve+log+network+hindi,https://youtube.com/results?search_query=devtools+preserve+log+network+kannada,https://youtube.com/results?search_query=devtools+preserve+log+network+tamil,https://youtube.com/results?search_query=devtools+preserve+log+network+telugu
DevTools,Intermediate,How do you emulate mobile devices in DevTools?,Device emulation,Responsive design,Mobile testing,Screen sizes,A,Click Toggle Device Toolbar or Ctrl+Shift+M, select device preset or set custom dimensions.,Device Mode,https://developer.chrome.com/docs/devtools/device-mode/,https://youtube.com/results?search_query=devtools+mobile+emulation,https://youtube.com/results?search_query=devtools+mobile+emulation+hindi,https://youtube.com/results?search_query=devtools+mobile+emulation+kannada,https://youtube.com/results?search_query=devtools+mobile+emulation+tamil,https://youtube.com/results?search_query=devtools+mobile+emulation+telugu
DevTools,Intermediate,What's the difference between localStorage and sessionStorage in Application panel?,Web storage,Data persistence,Session management,Browser storage,A,localStorage persists across sessions; sessionStorage clears when tab closes.,Application,https://developer.chrome.com/docs/devtools/storage/,https://youtube.com/results?search_query=devtools+localstorage+sessionstorage,https://youtube.com/results?search_query=devtools+localstorage+sessionstorage+hindi,https://youtube.com/results?search_query=devtools+localstorage+sessionstorage+kannada,https://youtube.com/results?search_query=devtools+localstorage+sessionstorage+tamil,https://youtube.com/results?search_query=devtools+localstorage+sessionstorage+telugu
DevTools,Intermediate,How do you use breakpoints in the Sources panel for JavaScript debugging?,Debugging basics,Breakpoint setting,Code stepping,Execution pause,A,Click line numbers in Sources panel or right-click > Add breakpoint; use debug controls to step.,Sources,https://developer.chrome.com/docs/devtools/javascript/breakpoints/,https://youtube.com/results?search_query=devtools+breakpoints+debugging,https://youtube.com/results?search_query=devtools+breakpoints+debugging+hindi,https://youtube.com/results?search_query=devtools+breakpoints+debugging+kannada,https://youtube.com/results?search_query=devtools+breakpoints+debugging+tamil,https://youtube.com/results?search_query=devtools+breakpoints+debugging+telugu
DevTools,Intermediate,What's the purpose of the "Inspect" tool in Elements panel?,Element selection,DOM inspection,Page element picker,Visual selection,A,Click Inspect icon or Ctrl+Shift+C to select page elements and view their HTML/CSS.,Elements,https://developer.chrome.com/docs/devtools/css/,https://youtube.com/results?search_query=devtools+inspect+tool,https://youtube.com/results?search_query=devtools+inspect+tool+hindi,https://youtube.com/results?search_query=devtools+inspect+tool+kannada,https://youtube.com/results?search_query=devtools+inspect+tool+tamil,https://youtube.com/results?search_query=devtools+inspect+tool+telugu
DevTools,Intermediate,How do you edit HTML elements live in the Elements panel?,HTML editing,Live DOM editing,Content modification,Page editing,A,Double-click HTML text or right-click > Edit as HTML to modify elements directly.,Elements,https://developer.chrome.com/docs/devtools/dom/,https://youtube.com/results?search_query=devtools+edit+html+elements,https://youtube.com/results?search_query=devtools+edit+html+elements+hindi,https://youtube.com/results?search_query=devtools+edit+html+elements+kannada,https://youtube.com/results?search_query=devtools+edit+html+elements+tamil,https://youtube.com/results?search_query=devtools+edit+html+elements+telugu
DevTools,Intermediate,What's the difference between Network and Performance panels?,Performance analysis,Network monitoring,Resource loading,Runtime metrics,A,Network shows resource loading; Performance shows runtime metrics like CPU, rendering.,Performance,https://developer.chrome.com/docs/devtools/network/,https://youtube.com/results?search_query=devtools+network+performance+difference,https://youtube.com/results?search_query=devtools+network+performance+difference+hindi,https://youtube.com/results?search_query=devtools+network+performance+difference+kannada,https://youtube.com/results?search_query=devtools+network+performance+difference+tamil,https://youtube.com/results?search_query=devtools+network+performance+difference+telugu
DevTools,Intermediate,How do you clear browser cache and cookies from DevTools?,Cache clearing,Cookie removal,Storage cleanup,Testing fresh state,A,Right-click on refresh button > Empty cache and hard reload, or Application > Clear storage.,Application,https://developer.chrome.com/docs/devtools/storage/,https://youtube.com/results?search_query=devtools+clear+cache+cookies,https://youtube.com/results?search_query=devtools+clear+cache+cookies+hindi,https://youtube.com/results?search_query=devtools+clear+cache+cookies+kannada,https://youtube.com/results?search_query=devtools+clear+cache+cookies+tamil,https://youtube.com/results?search_query=devtools+clear+cache+cookies+telugu
DevTools,Intermediate,What's the purpose of the Console Filter for log levels?,Log filtering,Message filtering,Debug output,Error filtering,A,Filters console messages by level: Verbose, Info, Warnings, Errors for focused debugging.,Console,https://developer.chrome.com/docs/devtools/console/,https://youtube.com/results?search_query=devtools+console+filter+levels,https://youtube.com/results?search_query=devtools+console+filter+levels+hindi,https://youtube.com/results?search_query=devtools+console+filter+levels+kannada,https://youtube.com/results?search_query=devtools+console+filter+levels+tamil,https://youtube.com/results?search_query=devtools+console+filter+levels+telugu
DevTools,Intermediate,How do you test responsive designs at different viewport sizes?,Responsive testing,Viewport resizing,Screen size testing,Breakpoint testing,A,Use Device Toolbar to enter custom dimensions or drag edges to resize viewport.,Device Mode,https://developer.chrome.com/docs/devtools/device-mode/,https://youtube.com/results?search_query=devtools+responsive+testing,https://youtube.com/results?search_query=devtools+responsive+testing+hindi,https://youtube.com/results?search_query=devtools+responsive+testing+kannada,https://youtube.com/results?search_query=devtools+responsive+testing+tamil,https://youtube.com/results?search_query=devtools+responsive+testing+telugu
DevTools,Intermediate,What's the difference between CSS panel's :hov and .cls buttons?,CSS states,Class toggling,Pseudo-classes,Interactive testing,A,:hov toggles pseudo-classes (hover, focus); .cls adds/removes CSS classes.,Elements,https://developer.chrome.com/docs/devtools/css/,https://youtube.com/results?search_query=devtools+hov+cls+buttons,https://youtube.com/results?search_query=devtools+hov+cls+buttons+hindi,https://youtube.com/results?search_query=devtools+hov+cls+buttons+kannada,https://youtube.com/results?search_query=devtools+hov+cls+buttons+tamil,https://youtube.com/results?search_query=devtools+hov+cls+buttons+telugu
DevTools,Intermediate,How do you copy an element's CSS styles to clipboard?,Style copying,CSS extraction,Style sharing,Export styles,A,Right-click element > Copy > Copy styles or Copy selector in Styles panel.,Elements,https://developer.chrome.com/docs/devtools/css/,https://youtube.com/results?search_query=devtools+copy+css+styles,https://youtube.com/results?search_query=devtools+copy+css+styles+hindi,https://youtube.com/results?search_query=devtools+copy+css+styles+kannada,https://youtube.com/results?search_query=devtools+copy+css+styles+tamil,https://youtube.com/results?search_query=devtools+copy+css+styles+telugu
DevTools,Intermediate,What's the purpose of the Network Conditions tab?,Network simulation,Throttling settings,User agent spoofing,Connection testing,A,Allows throttling network speed and changing user agent for testing different conditions.,Network,https://developer.chrome.com/docs/devtools/network/conditions/,https://youtube.com/results?search_query=devtools+network+conditions,https://youtube.com/results?search_query=devtools+network+conditions+hindi,https://youtube.com/results?search_query=devtools+network+conditions+kannada,https://youtube.com/results?search_query=devtools+network+conditions+tamil,https://youtube.com/results?search_query=devtools+network+conditions+telugu
DevTools,Intermediate,How do you use console.table() for array/object display?,Data formatting,Table display,Array visualization,Object inspection,A,console.table(data) displays arrays/objects as interactive tables in console.,Console,https://developer.chrome.com/docs/devtools/console/,https://youtube.com/results?search_query=devtools+console+table,https://youtube.com/results?search_query=devtools+console+table+hindi,https://youtube.com/results?search_query=devtools+console+table+kannada,https://youtube.com/results?search_query=devtools+console+table+tamil,https://youtube.com/results?search_query=devtools+console+table+telugu
DevTools,Intermediate,What's the difference between Sources and Console panels?,Code debugging,Interactive console,File navigation,Script execution,A,Sources shows source files; Console executes JavaScript and shows logs - different purposes.,Sources,https://developer.chrome.com/docs/devtools/sources/,https://youtube.com/results?search_query=devtools+sources+console+difference,https://youtube.com/results?search_query=devtools+sources+console+difference+hindi,https://youtube.com/results?search_query=devtools+sources+console+difference+kannada,https://youtube.com/results?search_query=devtools+sources+console+difference+tamil,https://youtube.com/results?search_query=devtools+sources+console+difference+telugu
DevTools,Intermediate,How do you force element state (hover, focus) in Elements panel?,State forcing,Interactive testing,Pseudo-class simulation,UI state testing,A,Use :hov button in Styles panel or right-click element > Force state > :hover/:focus.,Elements,https://developer.chrome.com/docs/devtools/css/,https://youtube.com/results?search_query=devtools+force+element+state,https://youtube.com/results?search_query=devtools+force+element+state+hindi,https://youtube.com/results?search_query=devtools+force+element+state+kannada,https://youtube.com/results?search_query=devtools+force+element+state+tamil,https://youtube.com/results?search_query=devtools+force+element+state+telugu
DevTools,Intermediate,What's the purpose of the Coverage tab in DevTools?,Code coverage,Unused code analysis,Resource optimization,Performance auditing,A,Shows how much CSS/JS code is actually used vs unused for optimization.,Coverage,https://developer.chrome.com/docs/devtools/coverage/,https://youtube.com/results?search_query=devtools+coverage+tab,https://youtube.com/results?search_query=devtools+coverage+tab+hindi,https://youtube.com/results?search_query=devtools+coverage+tab+kannada,https://youtube.com/results?search_query=devtools+coverage+tab+tamil,https://youtube.com/results?search_query=devtools+coverage+tab+telugu
DevTools,Intermediate,How do you search within source files in DevTools?,Code search,File searching,Text finding,Source navigation,A,Ctrl+Shift+F opens global search across all source files; Ctrl+F searches within current file.,Sources,https://developer.chrome.com/docs/devtools/sources/,https://youtube.com/results?search_query=devtools+search+source+files,https://youtube.com/results?search_query=devtools+search+source+files+hindi,https://youtube.com/results?search_query=devtools+search+source+files+kannada,https://youtube.com/results?search_query=devtools+search+source+files+tamil,https://youtube.com/results?search_query=devtools+search+source+files+telugu
DevTools,Intermediate,What's the difference between XHR and Fetch in Network panel?,API requests,Modern vs legacy,Request types,JavaScript APIs,A,XHR shows XMLHttpRequest calls; Fetch shows fetch() API calls.,Network,https://developer.chrome.com/docs/devtools/network/,https://youtube.com/results?search_query=devtools+xhr+fetch+difference,https://youtube.com/results?search_query=devtools+xhr+fetch+difference+hindi,https://youtube.com/results?search_query=devtools+xhr+fetch+difference+kannada,https://youtube.com/results?search_query=devtools+xhr+fetch+difference+tamil,https://youtube.com/results?search_query=devtools+xhr+fetch+difference+telugu
DevTools,Intermediate,How do you disable JavaScript for a page in DevTools?,JS disabling,Feature testing,Fallback testing,Progressive enhancement,A,Settings > Preferences > Disable JavaScript or Command Menu > Disable JavaScript.,Settings,https://developer.chrome.com/docs/devtools/settings/,https://youtube.com/results?search_query=devtools+disable+javascript,https://youtube.com/results?search_query=devtools+disable+javascript+hindi,https://youtube.com/results?search_query=devtools+disable+javascript+kannada,https://youtube.com/results?search_query=devtools+disable+javascript+tamil,https://youtube.com/results?search_query=devtools+disable+javascript+telugu
DevTools,Intermediate,What's the purpose of the Animations panel?,Animation debugging,CSS animations,Timing inspection,Visual effects,A,Inspects and debugs CSS animations, shows timeline, and allows playback control.,Animations,https://developer.chrome.com/docs/devtools/css/animations/,https://youtube.com/results?search_query=devtools+animations+panel,https://youtube.com/results?search_query=devtools+animations+panel+hindi,https://youtube.com/results?search_query=devtools+animations+panel+kannada,https://youtube.com/results?search_query=devtools+animations+panel+tamil,https://youtube.com/results?search_query=devtools+animations+panel+telugu
DevTools,Intermediate,How do you test page performance with Lighthouse?,Performance audit,SEO testing,Accessibility,PWA testing,A,Open Lighthouse panel, select categories, and generate report for performance analysis.,Lighthouse,https://developer.chrome.com/docs/lighthouse/overview/,https://youtube.com/results?search_query=devtools+lighthouse+testing,https://youtube.com/results?search_query=devtools+lighthouse+testing+hindi,https://youtube.com/results?search_query=devtools+lighthouse+testing+kannada,https://youtube.com/results?search_query=devtools+lighthouse+testing+tamil,https://youtube.com/results?search_query=devtools+lighthouse+testing+telugu
DevTools,Intermediate,What's the difference between Application and Storage panels?,Data storage,Web APIs,Storage inspection,Database viewing,A,Application shows all web APIs; Storage focuses on storage types - Application is more comprehensive.,Application,https://developer.chrome.com/docs/devtools/storage/,https://youtube.com/results?search_query=devtools+application+storage+difference,https://youtube.com/results?search_query=devtools+application+storage+difference+hindi,https://youtube.com/results?search_query=devtools+application+storage+difference+kannada,https://youtube.com/results?search_query=devtools+application+storage+difference+tamil,https://youtube.com/results?search_query=devtools+application+storage+difference+telugu
DevTools,Intermediate,How do you use color picker in Styles panel?,Color selection,Hex/RGB conversion,Color sampling,Visual editing,A,Click color square next to color values to open picker, sample colors from page, convert formats.,Elements,https://developer.chrome.com/docs/devtools/css/color/,https://youtube.com/results?search_query=devtools+color+picker,https://youtube.com/results?search_query=devtools+color+picker+hindi,https://youtube.com/results?search_query=devtools+color+picker+kannada,https://youtube.com/results?search_query=devtools+color+picker+tamil,https://youtube.com/results?search_query=devtools+color+picker+telugu
DevTools,Intermediate,What's the purpose of the Changes tab in DevTools?,Change tracking,Modification history,Code comparison,Edit review,A,Tracks CSS/JS changes made during session for review and reversion.,Sources,https://developer.chrome.com/docs/devtools/changes/,https://youtube.com/results?search_query=devtools+changes+tab,https://youtube.com/results?search_query=devtools+changes+tab+hindi,https://youtube.com/results?search_query=devtools+changes+tab+kannada,https://youtube.com/results?search_query=devtools+changes+tab+tamil,https://youtube.com/results?search_query=devtools+changes+tab+telugu
DevTools,Intermediate,How do you filter console output by text or regex?,Console filtering,Text search,Regex filtering,Log management,A,Type in filter box above console; use /regex/ for regex filtering.,Console,https://developer.chrome.com/docs/devtools/console/,https://youtube.com/results?search_query=devtools+console+filter+regex,https://youtube.com/results?search_query=devtools+console+filter+regex+hindi,https://youtube.com/results?search_query=devtools+console+filter+regex+kannada,https://youtube.com/results?search_query=devtools+console+filter+regex+tamil,https://youtube.com/results?search_query=devtools+console+filter+regex+telugu
DevTools,Intermediate,What's the difference between Network panel's Headers and Response tabs?,Request inspection,Header viewing,Body content,API response,A,Headers shows HTTP headers; Response shows response body content.,Network,https://developer.chrome.com/docs/devtools/network/,https://youtube.com/results?search_query=devtools+headers+response+tabs,https://youtube.com/results?search_query=devtools+headers+response+tabs+hindi,https://youtube.com/results?search_query=devtools+headers+response+tabs+kannada,https://youtube.com/results?search_query=devtools+headers+response+tabs+tamil,https://youtube.com/results?search_query=devtools+headers+response+tabs+telugu
DevTools,Intermediate,How do you test print styles in DevTools?,Print CSS testing,Media queries,Print preview,Page formatting,A,Open Command Menu > Show Rendering, select "print" media type or use Ctrl+P preview.,Rendering,https://developer.chrome.com/docs/devtools/css/print/,https://youtube.com/results?search_query=devtools+print+styles,https://youtube.com/results?search_query=devtools+print+styles+hindi,https://youtube.com/results?search_query=devtools+print+styles+kannada,https://youtube.com/results?search_query=devtools+print+styles+tamil,https://youtube.com/results?search_query=devtools+print+styles+telugu
DevTools,Intermediate,What's the purpose of the Sensors tab in DevTools?,Device simulation,Geolocation testing,Touch emulation,Mobile sensors,A,Simulates device sensors like location, orientation, touch for mobile testing.,Sensors,https://developer.chrome.com/docs/devtools/device-mode/,https://youtube.com/results?search_query=devtools+sensors+tab,https://youtube.com/results?search_query=devtools+sensors+tab+hindi,https://youtube.com/results?search_query=devtools+sensors+tab+kannada,https://youtube.com/results?search_query=devtools+sensors+tab+tamil,https://youtube.com/results?search_query=devtools+sensors+tab+telugu
DevTools,Intermediate,How do you use console.group() for organized logging?,Log grouping,Structured output,Hierarchical logs,Debug organization,A,console.group() starts group; console.groupEnd() ends it; creates collapsible log sections.,Console,https://developer.chrome.com/docs/devtools/console/,https://youtube.com/results?search_query=devtools+console+group,https://youtube.com/results?search_query=devtools+console+group+hindi,https://youtube.com/results?search_query=devtools+console+group+kannada,https://youtube.com/results?search_query=devtools+console+group+tamil,https://youtube.com/results?search_query=devtools+console+group+telugu
DevTools,Intermediate,What's the difference between Cookies and Local Storage in Application panel?,Data storage,Session data,Persistent storage,Browser data,A,Cookies are server-readable; Local Storage is JavaScript-only storage - different use cases.,Application,https://developer.chrome.com/docs/devtools/storage/,https://youtube.com/results?search_query=devtools+cookies+local+storage,https://youtube.com/results?search_query=devtools+cookies+local+storage+hindi,https://youtube.com/results?search_query=devtools+cookies+local+storage+kannada,https://youtube.com/results?search_query=devtools+cookies+local+storage+tamil,https://youtube.com/results?search_query=devtools+cookies+local+storage+telugu
DevTools,Intermediate,How do you inspect CSS box model in Elements panel?,Box model visualization,Margin/padding,Border inspection,Layout debugging,A,Click Box Model diagram in Computed panel or hover over padding/margin in Styles.,Elements,https://developer.chrome.com/docs/devtools/css/,https://youtube.com/results?search_query=devtools+box+model+inspection,https://youtube.com/results?search_query=devtools+box+model+inspection+hindi,https://youtube.com/results?search_query=devtools+box+model+inspection+kannada,https://youtube.com/results?search_query=devtools+box+model+inspection+tamil,https://youtube.com/results?search_query=devtools+box+model+inspection+telugu
DevTools,Intermediate,What's the purpose of the Performance Monitor panel?,Real-time metrics,CPU monitoring,Memory tracking,Live performance,A,Shows real-time CPU, JS heap, DOM nodes, event listeners for live performance monitoring.,Performance,https://developer.chrome.com/docs/devtools/performance-monitor/,https://youtube.com/results?search_query=devtools+performance+monitor,https://youtube.com/results?search_query=devtools+performance+monitor+hindi,https://youtube.com/results?search_query=devtools+performance+monitor+kannada,https://youtube.com/results?search_query=devtools+performance+monitor+tamil,https://youtube.com/results?search_query=devtools+performance+monitor+telugu
DevTools,Intermediate,How do you test different network speeds in DevTools?,Network throttling,Speed simulation,Loading performance,Connection testing,A,Network panel > Throttle dropdown or Performance panel > Capture settings.,Network,https://developer.chrome.com/docs/devtools/network/throttling/,https://youtube.com/results?search_query=devtools+network+throttling+speeds,https://youtube.com/results?search_query=devtools+network+throttling+speeds+hindi,https://youtube.com/results?search_query=devtools+network+throttling+speeds+kannada,https://youtube.com/results?search_query=devtools+network+throttling+speeds+tamil,https://youtube.com/results?search_query=devtools+network+throttling+speeds+telugu
DevTools,Intermediate,What's the difference between Event Listener and DOM Breakpoints?,Breakpoint types,Event debugging,DOM changes,Pause conditions,A,Event breakpoints pause on events; DOM breakpoints pause on DOM modifications.,Sources,https://developer.chrome.com/docs/devtools/javascript/breakpoints/,https://youtube.com/results?search_query=devtools+event+dom+breakpoints,https://youtube.com/results?search_query=devtools+event+dom+breakpoints+hindi,https://youtube.com/results?search_query=devtools+event+dom+breakpoints+kannada,https://youtube.com/results?search_query=devtools+event+dom+breakpoints+tamil,https://youtube.com/results?search_query=devtools+event+dom+breakpoints+telugu
DevTools,Intermediate,How do you edit and save CSS changes permanently in DevTools?,CSS editing,Persistent changes,Style modification,File saving,A,Use Workspaces to map network resources to local files or Local Overrides for persistent changes.,Sources,https://developer.chrome.com/docs/devtools/workspaces/,https://youtube.com/results?search_query=devtools+save+css+changes,https://youtube.com/results?search_query=devtools+save+css+changes+hindi,https://youtube.com/results?search_query=devtools+save+css+changes+kannada,https://youtube.com/results?search_query=devtools+save+css+changes+tamil,https://youtube.com/results?search_query=devtools+save+css+changes+telugu
DevTools,Intermediate,What's the purpose of the Console Settings gear icon?,Console configuration,Preferences,Log settings,Debug options,A,Opens Console settings for preferences like timestamps, log preservation, filter settings.,Console,https://developer.chrome.com/docs/devtools/console/,https://youtube.com/results?search_query=devtools+console+settings,https://youtube.com/results?search_query=devtools+console+settings+hindi,https://youtube.com/results?search_query=devtools+console+settings+kannada,https://youtube.com/results?search_query=devtools+console+settings+tamil,https://youtube.com/results?search_query=devtools+console+settings+telugu
DevTools,Intermediate,How do you inspect iframes in DevTools?,Frame inspection,Embedded content,Nested browsing,Cross-domain iframes,A,Use top dropdown in Elements panel or Console to select iframe context.,Elements,https://developer.chrome.com/docs/devtools/,https://youtube.com/results?search_query=devtools+inspect+iframes,https://youtube.com/results?search_query=devtools+inspect+iframes+hindi,https://youtube.com/results?search_query=devtools+inspect+iframes+kannada,https://youtube.com/results?search_query=devtools+inspect+iframes+tamil,https://youtube.com/results?search_query=devtools+inspect+iframes+telugu
DevTools,Intermediate,What's the difference between Network panel's Size and Content Size?,Resource metrics,Transfer size,Actual size,Compression analysis,A,Size shows transferred bytes; Content Size shows actual resource size.,Network,https://developer.chrome.com/docs/devtools/network/,https://youtube.com/results?search_query=devtools+size+content+size,https://youtube.com/results?search_query=devtools+size+content+size+hindi,https://youtube.com/results?search_query=devtools+size+content+size+kannada,https://youtube.com/results?search_query=devtools+size+content+size+tamil,https://youtube.com/results?search_query=devtools+size+content+size+telugu
DevTools,Intermediate,How do you use the Command Menu in DevTools?,Quick commands,Feature access,Keyboard shortcuts,Menu navigation,A,Ctrl+Shift+P or Cmd+Shift+P opens Command Menu to run any DevTools command quickly.,General,https://developer.chrome.com/docs/devtools/command-menu/,https://youtube.com/results?search_query=devtools+command+menu,https://youtube.com/results?search_query=devtools+command+menu+hindi,https://youtube.com/results?search_query=devtools+command+menu+kannada,https://youtube.com/results?search_query=devtools+command+menu+tamil,https://youtube.com/results?search_query=devtools+command+menu+telugu
DevTools,Intermediate,What's the purpose of the Rendering tab in DevTools?,Visual debugging,Paint flashing,Layer borders,FPS monitoring,A,Enables visual debugging tools like paint flashing, layer borders, FPS meter.,Rendering,https://developer.chrome.com/docs/devtools/rendering/,https://youtube.com/results?search_query=devtools+rendering+tab,https://youtube.com/results?search_query=devtools+rendering+tab+hindi,https://youtube.com/results?search_query=devtools+rendering+tab+kannada,https://youtube.com/results?search_query=devtools+rendering+tab+tamil,https://youtube.com/results?search_query=devtools+rendering+tab+telugu
DevTools,Intermediate,How do you test dark mode in DevTools?,Theme testing,Dark mode emulation,CSS media queries,UI themes,A,Rendering panel > Emulate CSS media feature prefers-color-scheme: dark.,Rendering,https://developer.chrome.com/docs/devtools/rendering/,https://youtube.com/results?search_query=devtools+dark+mode+testing,https://youtube.com/results?search_query=devtools+dark+mode+testing+hindi,https://youtube.com/results?search_query=devtools+dark+mode+testing+kannada,https://youtube.com/results?search_query=devtools+dark+mode+testing+tamil,https://youtube.com/results?search_query=devtools+dark+mode+testing+telugu
DevTools,Intermediate,What's the difference between console.dir() and console.log()?,Object inspection,Detailed output,Log formatting,Debug methods,A,console.dir() shows interactive object properties; console.log() shows string representation.,Console,https://developer.chrome.com/docs/devtools/console/,https://youtube.com/results?search_query=devtools+console+dir+log,https://youtube.com/results?search_query=devtools+console+dir+log+hindi,https://youtube.com/results?search_query=devtools+console+dir+log+kannada,https://youtube.com/results?search_query=devtools+console+dir+log+tamil,https://youtube.com/results?search_query=devtools+console+dir+log+telugu
DevTools,Intermediate,How do you inspect CSS flexbox layouts in DevTools?,Flexbox debugging,Alignment inspection,Container visualization,Layout tools,A,Elements panel shows flexbox icon; click to overlay flex lines and inspect properties.,Elements,https://developer.chrome.com/docs/devtools/css/flexbox/,https://youtube.com/results?search_query=devtools+flexbox+inspection,https://youtube.com/results?search_query=devtools+flexbox+inspection+hindi,https://youtube.com/results?search_query=devtools+flexbox+inspection+kannada,https://youtube.com/results?search_query=devtools+flexbox+inspection+tamil,https://youtube.com/results?search_query=devtools+flexbox+inspection+telugu
DevTools,Intermediate,What's the purpose of the Application panel's Service Workers tab?,PWA debugging,Service worker inspection,Offline testing,Cache management,A,Shows registered service workers, allows update, bypass, and cache inspection.,Application,https://developer.chrome.com/docs/devtools/pwa/service-workers/,https://youtube.com/results?search_query=devtools+service+workers+tab,https://youtube.com/results?search_query=devtools+service+workers+tab+hindi,https://youtube.com/results?search_query=devtools+service+workers+tab+kannada,https://youtube.com/results?search_query=devtools+service+workers+tab+tamil,https://youtube.com/results?search_query=devtools+service+workers+tab+telugu
DevTools,Intermediate,How do you search for elements by CSS selector in Elements panel?,Element search,CSS selector finding,DOM navigation,Quick selection,A,Ctrl+F in Elements panel, type CSS selector to find matching elements.,Elements,https://developer.chrome.com/docs/devtools/dom/,https://youtube.com/results?search_query=devtools+search+elements+selector,https://youtube.com/results?search_query=devtools+search+elements+selector+hindi,https://youtube.com/results?search_query=devtools+search+elements+selector+kannada,https://youtube.com/results?search_query=devtools+search+elements+selector+tamil,https://youtube.com/results?search_query=devtools+search+elements+selector+telugu
DevTools,Intermediate,What's the difference between Network panel's Initiator and Priority?,Request analysis,Dependency tracking,Loading order,Resource relationships,A,Initiator shows what triggered request; Priority shows browser loading priority.,Network,https://developer.chrome.com/docs/devtools/network/,https://youtube.com/results?search_query=devtools+initiator+priority+difference,https://youtube.com/results?search_query=devtools+initiator+priority+difference+hindi,https://youtube.com/results?search_query=devtools+initiator+priority+difference+kannada,https://youtube.com/results?search_query=devtools+initiator+priority+difference+tamil,https://youtube.com/results?search_query=devtools+initiator+priority+difference+telugu
DevTools,Intermediate,How do you use console.time() and console.timeEnd() for performance?,Performance timing,Execution measurement,Benchmarking,Code profiling,A,console.time('label') starts timer; console.timeEnd('label') stops and logs duration.,Console,https://developer.chrome.com/docs/devtools/console/,https://youtube.com/results?search_query=devtools+console+time+performance,https://youtube.com/results?search_query=devtools+console+time+performance+hindi,https://youtube.com/results?search_query=devtools+console+time+performance+kannada,https://youtube.com/results?search_query=devtools+console+time+performance+tamil,https://youtube.com/results?search_query=devtools+console+time+performance+telugu
DevTools,Intermediate,What's the purpose of the Memory panel in DevTools?,Memory analysis,Leak detection,Heap snapshots,Performance profiling,A,Analyzes memory usage, takes heap snapshots, detects memory leaks.,Memory,https://developer.chrome.com/docs/devtools/memory/,https://youtube.com/results?search_query=devtools+memory+panel,https://youtube.com/results?search_query=devtools+memory+panel+hindi,https://youtube.com/results?search_query=devtools+memory+panel+kannada,https://youtube.com/results?search_query=devtools+memory+panel+tamil,https://youtube.com/results?search_query=devtools+memory+panel+telugu
DevTools,Intermediate,How do you test touch events in desktop DevTools?,Touch simulation,Mobile interaction,Touch events,Pointer testing,A,Device Toolbar > Touch icon or Sensors panel > Emulate touch screen.,Device Mode,https://developer.chrome.com/docs/devtools/device-mode/,https://youtube.com/results?search_query=devtools+touch+events+testing,https://youtube.com/results?search_query=devtools+touch+events+testing+hindi,https://youtube.com/results?search_query=devtools+touch+events+testing+kannada,https://youtube.com/results?search_query=devtools+touch+events+testing+tamil,https://youtube.com/results?search_query=devtools+touch+events+testing+telugu
DevTools,Intermediate,What's the difference between Network panel's Preview and Response?,Response viewing,Formatted display,Raw content,Data inspection,A,Preview shows formatted response (JSON, HTML); Response shows raw text.,Network,https://developer.chrome.com/docs/devtools/network/,https://youtube.com/results?search_query=devtools+preview+response+difference,https://youtube.com/results?search_query=devtools+preview+response+difference+hindi,https://youtube.com/results?search_query=devtools+preview+response+difference+kannada,https://youtube.com/results?search_query=devtools+preview+response+difference+tamil,https://youtube.com/results?search_query=devtools+preview+response+difference+telugu
DevTools,Intermediate,How do you inspect CSS grid layouts in DevTools?,Grid debugging,Layout inspection,Grid visualization,CSS Grid,A,Elements panel shows grid icon; click to overlay grid lines and inspect properties.,Elements,https://developer.chrome.com/docs/devtools/css/grid/,https://youtube.com/results?search_query=devtools+css+grid+inspection,https://youtube.com/results?search_query=devtools+css+grid+inspection+hindi,https://youtube.com/results?search_query=devtools+css+grid+inspection+kannada,https://youtube.com/results?search_query=devtools+css+grid+inspection+tamil,https://youtube.com/results?search_query=devtools+css+grid+inspection+telugu
DevTools,Intermediate,What's the purpose of the Console's clear() method?,Console clearing,Log cleanup,Screen reset,Debug session,A,console.clear() or Ctrl+L clears console output for fresh debugging session.,Console,https://developer.chrome.com/docs/devtools/console/,https://youtube.com/results?search_query=devtools+console+clear,https://youtube.com/results?search_query=devtools+console+clear+hindi,https://youtube.com/results?search_query=devtools+console+clear+kannada,https://youtube.com/results?search_query=devtools+console+clear+tamil,https://youtube.com/results?search_query=devtools+console+clear+telugu
DevTools,Intermediate,How do you test different user agents in DevTools?,User agent spoofing,Browser testing,Device identification,Request headers,A,Network Conditions panel or Device Toolbar > Edit > Custom > User agent.,Network,https://developer.chrome.com/docs/devtools/network/conditions/,https://youtube.com/results?search_query=devtools+user+agent+testing,https://youtube.com/results?search_query=devtools+user+agent+testing+hindi,https://youtube.com/results?search_query=devtools+user+agent+testing+kannada,https://youtube.com/results?search_query=devtools+user+agent+testing+tamil,https://youtube.com/results?search_query=devtools+user+agent+testing+telugu
DevTools,Intermediate,What's the difference between Application and Sources for debugging?,Debug panels,File access,Code inspection,Runtime debugging,A,Application manages web APIs; Sources debugs JavaScript code - different debugging aspects.,Sources,https://developer.chrome.com/docs/devtools/sources/,https://youtube.com/results?search_query=devtools+application+sources+difference,https://youtube.com/results?search_query=devtools+application+sources+difference+hindi,https://youtube.com/results?search_query=devtools+application+sources+difference+kannada,https://youtube.com/results?search_query=devtools+application+sources+difference+tamil,https://youtube.com/results?search_query=devtools+application+sources+difference+telugu
DevTools,Intermediate,How do you use the Performance panel for basic page load analysis?,Page performance,Loading metrics,Rendering analysis,Timeline recording,A,Click Record in Performance panel, interact with page, stop to analyze loading timeline.,Performance,https://developer.chrome.com/docs/devtools/evaluate-performance/,https://youtube.com/results?search_query=devtools+performance+page+load,https://youtube.com/results?search_query=devtools+performance+page+load+hindi,https://youtube.com/results?search_query=devtools+performance+page+load+kannada,https://youtube.com/results?search_query=devtools+performance+page+load+tamil,https://youtube.com/results?search_query=devtools+performance+page+load+telugu
DevTools,Intermediate,What's the purpose of the Elements panel's Accessibility tab?,Accessibility audit,ARIA attributes,Semantic HTML,Screen reader support,A,Shows accessibility properties, ARIA attributes, contrast ratios for a11y testing.,Accessibility,https://developer.chrome.com/docs/devtools/accessibility/,https://youtube.com/results?search_query=devtools+accessibility+tab,https://youtube.com/results?search_query=devtools+accessibility+tab+hindi,https://youtube.com/results?search_query=devtools+accessibility+tab+kannada,https://youtube.com/results?search_query=devtools+accessibility+tab+tamil,https://youtube.com/results?search_query=devtools+accessibility+tab+telugu
DevTools,Intermediate,How do you test WebSocket connections in DevTools?,WebSocket inspection,Real-time communication,Message monitoring,Connection debugging,A,Network panel > WS filter shows WebSocket connections and messages.,Network,https://developer.chrome.com/docs/devtools/network/,https://youtube.com/results?search_query=devtools+websocket+testing,https://youtube.com/results?search_query=devtools+websocket+testing+hindi,https://youtube.com/results?search_query=devtools+websocket+testing+kannada,https://youtube.com/results?search_query=devtools+websocket+testing+tamil,https://youtube.com/results?search_query=devtools+websocket+testing+telugu
DevTools,Intermediate,What's the difference between Network panel's Timeline and Waterfall?,Request visualization,Timing display,Sequence analysis,Performance metrics,A,Timeline shows requests over time; Waterfall shows sequential loading - different visualizations.,Network,https://developer.chrome.com/docs/devtools/network/,https://youtube.com/results?search_query=devtools+timeline+waterfall+difference,https://youtube.com/results?search_query=devtools+timeline+waterfall+difference+hindi,https://youtube.com/results?search_query=devtools+timeline+waterfall+difference+kannada,https://youtube.com/results?search_query=devtools+timeline+waterfall+difference+tamil,https://youtube.com/results?search_query=devtools+timeline+waterfall+difference+telugu
DevTools,Intermediate,How do you use console.assert() for conditional logging?,Assertion testing,Debug validation,Conditional errors,Test conditions,A,console.assert(condition, message) logs error only if condition is false.,Console,https://developer.chrome.com/docs/devtools/console/,https://youtube.com/results?search_query=devtools+console+assert,https://youtube.com/results?search_query=devtools+console+assert+hindi,https://youtube.com/results?search_query=devtools+console+assert+kannada,https://youtube.com/results?search_query=devtools+console+assert+tamil,https://youtube.com/results?search_query=devtools+console+assert+telugu
DevTools,Intermediate,What's the purpose of the Application panel's Cache Storage tab?,Cache inspection,Offline assets,Resource caching,PWA storage,A,Shows cached resources by service workers for offline functionality.,Application,https://developer.chrome.com/docs/devtools/storage/,https://youtube.com/results?search_query=devtools+cache+storage+tab,https://youtube.com/results?search_query=devtools+cache+storage+tab+hindi,https://youtube.com/results?search_query=devtools+cache+storage+tab+kannada,https://youtube.com/results?search_query=devtools+cache+storage+tab+tamil,https://youtube.com/results?search_query=devtools+cache+storage+tab+telugu
DevTools,Intermediate,How do you inspect CSS transforms and transitions in DevTools?,Transform debugging,Animation inspection,Transition monitoring,Visual effects,A,Use Styles panel for transform properties and Animations panel for transitions.,Elements,https://developer.chrome.com/docs/devtools/css/animations/,https://youtube.com/results?search_query=devtools+css+transforms+transitions,https://youtube.com/results?search_query=devtools+css+transforms+transitions+hindi,https://youtube.com/results?search_query=devtools+css+transforms+transitions+kannada,https://youtube.com/results?search_query=devtools+css+transforms+transitions+tamil,https://youtube.com/results?search_query=devtools+css+transforms+transitions+telugu
DevTools,Intermediate,What's the difference between Network panel's Domain and Remote IP?,Request details,Server information,IP resolution,Connection tracking,A,Domain shows requested domain name; Remote IP shows resolved server IP address.,Network,https://developer.chrome.com/docs/devtools/network/,https://youtube.com/results?search_query=devtools+domain+remote+ip,https://youtube.com/results?search_query=devtools+domain+remote+ip+hindi,https://youtube.com/results?search_query=devtools+domain+remote+ip+kannada,https://youtube.com/results?search_query=devtools+domain+remote+ip+tamil,https://youtube.com/results?search_query=devtools+domain+remote+ip+telugu
DevTools,Intermediate,How do you use the Performance panel for JavaScript profiling?,JS profiling,Function timing,Execution analysis,Performance optimization,A,Record performance, then view Call Tree or Bottom-Up to identify slow functions.,Performance,https://developer.chrome.com/docs/devtools/evaluate-performance/,https://youtube.com/results?search_query=devtools+performance+js+profiling,https://youtube.com/results?search_query=devtools+performance+js+profiling+hindi,https://youtube.com/results?search_query=devtools+performance+js+profiling+kannada,https://youtube.com/results?search_query=devtools+performance+js+profiling+tamil,https://youtube.com/results?search_query=devtools+performance+js+profiling+telugu
DevTools,Intermediate,What's the purpose of the Console's $ and $$ shortcuts?,DOM queries,Element selection,jQuery-like syntax,Quick selection,A,$ is document.querySelector; $$ is document.querySelectorAll - quick DOM access.,Console,https://developer.chrome.com/docs/devtools/console/utilities/,https://youtube.com/results?search_query=devtools+console+dollar+shortcuts,https://youtube.com/results?search_query=devtools+console+dollar+shortcuts+hindi,https://youtube.com/results?search_query=devtools+console+dollar+shortcuts+kannada,https://youtube.com/results?search_query=devtools+console+dollar+shortcuts+tamil,https://youtube.com/results?search_query=devtools+console+dollar+shortcuts+telugu
DevTools,Intermediate,How do you test different pixel ratios in DevTools?,Pixel density,Retina displays,Device pixel ratio,High DPI testing,A,Device Toolbar > Edit > Device pixel ratio or Settings > Experiments > Device pixel ratio.,Device Mode,https://developer.chrome.com/docs/devtools/device-mode/,https://youtube.com/results?search_query=devtools+pixel+ratio+testing,https://youtube.com/results?search_query=devtools+pixel+ratio+testing+hindi,https://youtube.com/results?search_query=devtools+pixel+ratio+testing+kannada,https://youtube.com/results?search_query=devtools+pixel+ratio+testing+tamil,https://youtube.com/results?search_query=devtools+pixel+ratio+testing+telugu
DevTools,Intermediate,What's the difference between Network panel's Latency and Duration?,Timing metrics,Connection time,Total time,Performance measurement,A,Latency is time to first byte; Duration is total request time.,Network,https://developer.chrome.com/docs/devtools/network/,https://youtube.com/results?search_query=devtools+latency+duration+difference,https://youtube.com/results?search_query=devtools+latency+duration+difference+hindi,https://youtube.com/results?search_query=devtools+latency+duration+difference+kannada,https://youtube.com/results?search_query=devtools+latency+duration+difference+tamil,https://youtube.com/results?search_query=devtools+latency+duration+difference+telugu
DevTools,Intermediate,How do you inspect event listeners on elements in DevTools?,Event debugging,Listener inspection,Handler functions,Event tracking,A,Elements panel > Event Listeners tab or Console: getEventListeners(element),Elements,https://developer.chrome.com/docs/devtools/console/utilities/,https://youtube.com/results?search_query=devtools+event+listeners+inspection,https://youtube.com/results?search_query=devtools+event+listeners+inspection+hindi,https://youtube.com/results?search_query=devtools+event+listeners+inspection+kannada,https://youtube.com/results?search_query=devtools+event+listeners+inspection+tamil,https://youtube.com/results?search_query=devtools+event+listeners+inspection+telugu
DevTools,Intermediate,What's the purpose of the Sources panel's Snippets tab?,Code snippets,Reusable scripts,Debug utilities,Custom commands,A,Create and save JavaScript snippets for repeated execution across sessions.,Sources,https://developer.chrome.com/docs/devtools/javascript/snippets/,https://youtube.com/results?search_query=devtools+snippets+tab,https://youtube.com/results?search_query=devtools+snippets+tab+hindi,https://youtube.com/results?search_query=devtools+snippets+tab+kannada,https://youtube.com/results?search_query=devtools+snippets+tab+tamil,https://youtube.com/results?search_query=devtools+snippets+tab+telugu
DevTools,Intermediate,How do you test CSS media queries in DevTools?,Media query testing,Responsive breakpoints,Conditional styles,Screen size testing,A,Elements panel shows media query bar; click to see active queries and jump to sizes.,Elements,https://developer.chrome.com/docs/devtools/css/,https://youtube.com/results?search_query=devtools+css+media+queries,https://youtube.com/results?search_query=devtools+css+media+queries+hindi,https://youtube.com/results?search_query=devtools+css+media+queries+kannada,https://youtube.com/results?search_query=devtools+css+media+queries+tamil,https://youtube.com/results?search_query=devtools+css+media+queries+telugu
DevTools,Intermediate,What's the difference between Network panel's Cookies and Headers?,Request data,Cookie inspection,Header viewing,Data locations,A,Cookies shows cookie data; Headers shows all HTTP headers.,Network,https://developer.chrome.com/docs/devtools/network/,https://youtube.com/results?search_query=devtools+cookies+headers+difference,https://youtube.com/results?search_query=devtools+cookies+headers+difference+hindi,https://youtube.com/results?search_query=devtools+cookies+headers+difference+kannada,https://youtube.com/results?search_query=devtools+cookies+headers+difference+tamil,https://youtube.com/results?search_query=devtools+cookies+headers+difference+telugu
DevTools,Intermediate,How do you use console.count() for counting function calls?,Call counting,Function tracking,Invocation counting,Debug counting,A,console.count('label') increments and logs count each time it's called with same label.,Console,https://developer.chrome.com/docs/devtools/console/,https://youtube.com/results?search_query=devtools+console+count,https://youtube.com/results?search_query=devtools+console+count+hindi,https://youtube.com/results?search_query=devtools+console+count+kannada,https://youtube.com/results?search_query=devtools+console+count+tamil,https://youtube.com/results?search_query=devtools+console+count+telugu
DevTools,Intermediate,What's the purpose of the Application panel's IndexedDB tab?,Database inspection,Client-side storage,Object stores,Data viewing,A,Shows IndexedDB databases, object stores, and data for client-side storage debugging.,Application,https://developer.chrome.com/docs/devtools/storage/indexeddb/,https://youtube.com/results?search_query=devtools+indexeddb+tab,https://youtube.com/results?search_query=devtools+indexeddb+tab+hindi,https://youtube.com/results?search_query=devtools+indexeddb+tab+kannada,https://youtube.com/results?search_query=devtools+indexeddb+tab+tamil,https://youtube.com/results?search_query=devtools+indexeddb+tab+telugu
DevTools,Intermediate,How do you inspect CSS custom properties (variables) in DevTools?,CSS variables,Custom properties,Theme inspection,Design tokens,A,Computed panel shows custom properties or filter by "--" in Styles panel.,Elements,https://developer.chrome.com/docs/devtools/css/,https://youtube.com/results?search_query=devtools+css+custom+properties,https://youtube.com/results?search_query=devtools+css+custom+properties+hindi,https://youtube.com/results?search_query=devtools+css+custom+properties+kannada,https://youtube.com/results?search_query=devtools+css+custom+properties+tamil,https://youtube.com/results?search_query=devtools+css+custom+properties+telugu
DevTools,Intermediate,What's the difference between Network panel's Blocked and Stalled?,Request status,Connection issues,Resource delays,Blocking reasons,A,Blocked shows waiting for priority; Stalled shows TCP connection issues.,Network,https://developer.chrome.com/docs/devtools/network/,https://youtube.com/results?search_query=devtools+blocked+stalled+difference,https://youtube.com/results?search_query=devtools+blocked+stalled+difference+hindi,https://youtube.com/results?search_query=devtools+blocked+stalled+difference+kannada,https://youtube.com/results?search_query=devtools+blocked+stalled+difference+tamil,https://youtube.com/results?search_query=devtools+blocked+stalled+difference+telugu
DevTools,Intermediate,How do you use the Performance panel for memory usage analysis?,Memory profiling,Heap analysis,Allocation tracking,Resource usage,A,Record performance with Memory checkbox enabled to see memory usage over time.,Performance,https://developer.chrome.com/docs/devtools/evaluate-performance/,https://youtube.com/results?search_query=devtools+performance+memory+analysis,https://youtube.com/results?search_query=devtools+performance+memory+analysis+hindi,https://youtube.com/results?search_query=devtools+performance+memory+analysis+kannada,https://youtube.com/results?search_query=devtools+performance+memory+analysis+tamil,https://youtube.com/results?search_query=devtools+performance+memory+analysis+telugu
DevTools,Intermediate,What's the purpose of the Console's copy() function?,Data copying,Clipboard utility,Export data,Debug sharing,A,copy(object) copies string representation to clipboard for sharing.,Console,https://developer.chrome.com/docs/devtools/console/utilities/,https://youtube.com/results?search_query=devtools+console+copy+function,https://youtube.com/results?search_query=devtools+console+copy+function+hindi,https://youtube.com/results?search_query=devtools+console+copy+function+kannada,https://youtube.com/results?search_query=devtools+console+copy+function+tamil,https://youtube.com/results?search_query=devtools+console+copy+function+telugu
DevTools,Intermediate,How do you test CSS backdrop-filter in DevTools?,Visual effects,Filter testing,Blur effects,Compositing,A,Use Styles panel to edit backdrop-filter property and see real-time visual changes.,Elements,https://developer.chrome.com/docs/devtools/css/,https://youtube.com/results?search_query=devtools+css+backdrop+filter,https://youtube.com/results?search_query=devtools+css+backdrop+filter+hindi,https://youtube.com/results?search_query=devtools+css+backdrop+filter+kannada,https://youtube.com/results?search_query=devtools+css+backdrop+filter+tamil,https://youtube.com/results?search_query=devtools+css+backdrop+filter+telugu
DevTools,Intermediate,What's the difference between Network panel's Size and Decoded Size?,Resource metrics,Transfer size,Actual size,Encoding analysis,A,Size shows transferred bytes; Decoded Size shows size after decompression.,Network,https://developer.chrome.com/docs/devtools/network/,https://youtube.com/results?search_query=devtools+size+decoded+size,https://youtube.com/results?search_query=devtools+size+decoded+size+hindi,https://youtube.com/results?search_query=devtools+size+decoded+size+kannada,https://youtube.com/results?search_query=devtools+size+decoded+size+tamil,https://youtube.com/results?search_query=devtools+size+decoded+size+telugu
DevTools,Intermediate,How do you use the Performance panel for paint flashing visualization?,Visual debugging,Paint regions,Rendering analysis,Performance optimization,A,Enable "Paint flashing" in Rendering panel during performance recording.,Rendering,https://developer.chrome.com/docs/devtools/rendering/,https://youtube.com/results?search_query=devtools+performance+paint+flashing,https://youtube.com/results?search_query=devtools+performance+paint+flashing+hindi,https://youtube.com/results?search_query=devtools+performance+paint+flashing+kannada,https://youtube.com/results?search_query=devtools+performance+paint+flashing+tamil,https://youtube.com/results?search_query=devtools+performance+paint+flashing+telugu
DevTools,Intermediate,What's the purpose of the Elements panel's Properties tab?,DOM properties,Object inspection,Element properties,JavaScript properties,A,Shows DOM properties and prototype chain of selected element.,Elements,https://developer.chrome.com/docs/devtools/dom/,https://youtube.com/results?search_query=devtools+properties+tab,https://youtube.com/results?search_query=devtools+properties+tab+hindi,https://youtube.com/results?search_query=devtools+properties+tab+kannada,https://youtube.com/results?search_query=devtools+properties+tab+tamil,https://youtube.com/results?search_query=devtools+properties+tab+telugu
DevTools,Intermediate,How do you test CSS scroll-behavior in DevTools?,Smooth scrolling,CSS scrolling,User experience,Page navigation,A,Edit scroll-behavior property in Styles panel and test scrolling on page.,Elements,https://developer.chrome.com/docs/devtools/css/,https://youtube.com/results?search_query=devtools+css+scroll+behavior,https://youtube.com/results?search_query=devtools+css+scroll+behavior+hindi,https://youtube.com/results?search_query=devtools+css+scroll+behavior+kannada,https://youtube.com/results?search_query=devtools+css+scroll+behavior+tamil,https://youtube.com/results?search_query=devtools+css+scroll+behavior+telugu
DevTools,Intermediate,What's the difference between Network panel's Type and Initiator?,Request analysis,Resource types,Trigger sources,Dependency tracking,A,Type shows resource type (document, script); Initiator shows what triggered request.,Network,https://developer.chrome.com/docs/devtools/network/,https://youtube.com/results?search_query=devtools+type+initiator+difference,https://youtube.com/results?search_query=devtools+type+initiator+difference+hindi,https://youtube.com/results?search_query=devtools+type+initiator+difference+kannada,https://youtube.com/results?search_query=devtools+type+initiator+difference+tamil,https://youtube.com/results?search_query=devtools+type+initiator+difference+telugu
DevTools,Intermediate,How do you use console.trace() for stack trace debugging?,Stack traces,Function calls,Call hierarchy,Debug tracing,A,console.trace() prints stack trace showing function call hierarchy.,Console,https://developer.chrome.com/docs/devtools/console/,https://youtube.com/results?search_query=devtools+console+trace,https://youtube.com/results?search_query=devtools+console+trace+hindi,https://youtube.com/results?search_query=devtools+console+trace+kannada,https://youtube.com/results?search_query=devtools+console+trace+tamil,https://youtube.com/results?search_query=devtools+console+trace+telugu
DevTools,Intermediate,What's the purpose of the Application panel's Background Services tab?,PWA features,Background tasks,Notifications,Sync testing,A,Shows background service workers, push notifications, background sync for PWA testing.,Application,https://developer.chrome.com/docs/devtools/pwa/,https://youtube.com/results?search_query=devtools+background+services+tab,https://youtube.com/results?search_query=devtools+background+services+tab+hindi,https://youtube.com/results?search_query=devtools+background+services+tab+kannada,https://youtube.com/results?search_query=devtools+background+services+tab+tamil,https://youtube.com/results?search_query=devtools+background+services+tab+telugu
DevTools,Intermediate,How do you inspect CSS position properties in DevTools?,Position debugging,Layout inspection,Absolute/relative positioning,UI layout,A,Use Styles panel to edit position property and see visual changes in real-time.,Elements,https://developer.chrome.com/docs/devtools/css/,https://youtube.com/results?search_query=devtools+css+position+inspection,https://youtube.com/results?search_query=devtools+css+position+inspection+hindi,https://youtube.com/results?search_query=devtools+css+position+inspection+kannada,https://youtube.com/results?search_query=devtools+css+position+inspection+tamil,https://youtube.com/results?search_query=devtools+css+position+inspection+telugu
DevTools,Intermediate,What's the difference between Network panel's Schema and Domain?,Request details,Protocol types,Server information,Connection protocols,A,Schema shows protocol (http/https); Domain shows server domain.,Network,https://developer.chrome.com/docs/devtools/network/,https://youtube.com/results?search_query=devtools+schema+domain+difference,https://youtube.com/results?search_query=devtools+schema+domain+difference+hindi,https://youtube.com/results?search_query=devtools+schema+domain+difference+kannada,https://youtube.com/results?search_query=devtools+schema+domain+difference+tamil,https://youtube.com/results?search_query=devtools+schema+domain+difference+telugu
DevTools,Intermediate,How do you use the Performance panel for layout shift debugging?,Visual stability,Layout shifts,CLS debugging,User experience,A,Record performance and look for Layout Shift events to identify shifting elements.,Performance,https://developer.chrome.com/docs/devtools/evaluate-performance/,https://youtube.com/results?search_query=devtools+performance+layout+shift,https://youtube.com/results?search_query=devtools+performance+layout+shift+hindi,https://youtube.com/results?search_query=devtools+performance+layout+shift+kannada,https://youtube.com/results?search_query=devtools+performance+layout+shift+tamil,https://youtube.com/results?search_query=devtools+performance+layout+shift+telugu
DevTools,Intermediate,What's the purpose of the Console's monitor() function?,Function monitoring,Call tracking,Debug utilities,Performance monitoring,A,monitor(function) logs function calls with arguments and return values.,Console,https://developer.chrome.com/docs/devtools/console/utilities/,https://youtube.com/results?search_query=devtools+console+monitor,https://youtube.com/results?search_query=devtools+console+monitor+hindi,https://youtube.com/results?search_query=devtools+console+monitor+kannada,https://youtube.com/results?search_query=devtools+console+monitor+tamil,https://youtube.com/results?search_query=devtools+console+monitor+telugu
DevTools,Intermediate,How do you test CSS filter effects in DevTools?,Visual filters,Image effects,CSS filters,Visual editing,A,Edit filter property in Styles panel to apply and test blur, brightness, contrast effects.,Elements,https://developer.chrome.com/docs/devtools/css/,https://youtube.com/results?search_query=devtools+css+filter+effects,https://youtube.com/results?search_query=devtools+css+filter+effects+hindi,https://youtube.com/results?search_query=devtools+css+filter+effects+kannada,https://youtube.com/results?search_query=devtools+css+filter+effects+tamil,https://youtube.com/results?search_query=devtools+css+filter+effects+telugu
DevTools,Intermediate,What's the difference between Network panel's Started and Time?,Request timing,Start time,Duration metrics,Timeline analysis,A,Started shows absolute start time; Time shows duration from start to finish.,Network,https://developer.chrome.com/docs/devtools/network/,https://youtube.com/results?search_query=devtools+started+time+difference,https://youtube.com/results?search_query=devtools+started+time+difference+hindi,https://youtube.com/results?search_query=devtools+started+time+difference+kannada,https://youtube.com/results?search_query=devtools+started+time+difference+tamil,https://youtube.com/results?search_query=devtools+started+time+difference+telugu
DevTools,Intermediate,How do you use the Performance panel for first contentful paint (FCP) analysis?,Loading metrics,Visual progress,FCP measurement,Performance auditing,A,Record performance and look for first paint event to identify FCP timing.,Performance,https://developer.chrome.com/docs/devtools/evaluate-performance/,https://youtube.com/results?search_query=devtools+performance+fcp+analysis,https://youtube.com/results?search_query=devtools+performance+fcp+analysis+hindi,https://youtube.com/results?search_query=devtools+performance+fcp+analysis+kannada,https://youtube.com/results?search_query=devtools+performance+fcp+analysis+tamil,https://youtube.com/results?search_query=devtools+performance+fcp+analysis+telugu
DevTools,Intermediate,What's the purpose of the Elements panel's Layout panel?,Layout debugging,Grid/Flexbox tools,Alignment guides,Visual overlays,A,Shows layout tools for Grid, Flexbox, and overlays for alignment debugging.,Elements,https://developer.chrome.com/docs/devtools/css/,https://youtube.com/results?search_query=devtools+layout+panel,https://youtube.com/results?search_query=devtools+layout+panel+hindi,https://youtube.com/results?search_query=devtools+layout+panel+kannada,https://youtube.com/results?search_query=devtools+layout+panel+tamil,https://youtube.com/results?search_query=devtools+layout+panel+telugu
DevTools,Intermediate,How do you test CSS mix-blend-mode in DevTools?,Blending modes,Visual effects,Layer compositing,Design effects,A,Edit mix-blend-mode property in Styles panel to test different blending effects.,Elements,https://developer.chrome.com/docs/devtools/css/,https://youtube.com/results?search_query=devtools+css+mix+blend+mode,https://youtube.com/results?search_query=devtools+css+mix+blend+mode+hindi,https://youtube.com/results?search_query=devtools+css+mix+blend+mode+kannada,https://youtube.com/results?search_query=devtools+css+mix+blend+mode+tamil,https://youtube.com/results?search_query=devtools+css+mix+blend+mode+telugu
DevTools,Intermediate,What's the difference between Network panel's Method and Status?,Request details,HTTP methods,Response codes,API calls,A,Method shows HTTP method (GET, POST); Status shows response code (200, 404).,Network,https://developer.chrome.com/docs/devtools/network/,https://youtube.com/results?search_query=devtools+method+status+difference,https://youtube.com/results?search_query=devtools+method+status+difference+hindi,https://youtube.com/results?search_query=devtools+method+status+difference+kannada,https://youtube.com/results?search_query=devtools+method+status+difference+tamil,https://youtube.com/results?search_query=devtools+method+status+difference+telugu
DevTools,Intermediate,How do you use console.profile() for JavaScript profiling?,Performance profiling,Function timing,CPU profiling,Code optimization,A,console.profile('label') starts profiler; console.profileEnd('label') stops it.,Console,https://developer.chrome.com/docs/devtools/console/,https://youtube.com/results?search_query=devtools+console+profile,https://youtube.com/results?search_query=devtools+console+profile+hindi,https://youtube.com/results?search_query=devtools+console+profile+kannada,https://youtube.com/results?search_query=devtools+console+profile+tamil,https://youtube.com/results?search_query=devtools+console+profile+telugu
DevTools,Intermediate,What's the purpose of the Application panel's Web SQL tab?,Database inspection,Legacy storage,SQL databases,Client-side data,A,Shows Web SQL databases (deprecated) for legacy web app debugging.,Application,https://developer.chrome.com/docs/devtools/storage/,https://youtube.com/results?search_query=devtools+web+sql+tab,https://youtube.com/results?search_query=devtools+web+sql+tab+hindi,https://youtube.com/results?search_query=devtools+web+sql+tab+kannada,https://youtube.com/results?search_query=devtools+web+sql+tab+tamil,https://youtube.com/results?search_query=devtools+web+sql+tab+telugu
DevTools,Intermediate,How do you inspect CSS text properties in DevTools?,Typography debugging,Font inspection,Text styling,Typography testing,A,Use Styles panel to edit font-family, size, spacing, and other text properties.,Elements,https://developer.chrome.com/docs/devtools/css/,https://youtube.com/results?search_query=devtools+css+text+properties,https://youtube.com/results?search_query=devtools+css+text+properties+hindi,https://youtube.com/results?search_query=devtools+css+text+properties+kannada,https://youtube.com/results?search_query=devtools+css+text+properties+tamil,https://youtube.com/results?search_query=devtools+css+text+properties+telugu
DevTools,Intermediate,What's the difference between Network panel's Headers and Cookies?,Request data,Header inspection,Cookie data,Data locations,A,Headers shows all HTTP headers; Cookies shows only cookie-related headers.,Network,https://developer.chrome.com/docs/devtools/network/,https://youtube.com/results?search_query=devtools+headers+cookies+difference,https://youtube.com/results?search_query=devtools+headers+cookies+difference+hindi,https://youtube.com/results?search_query=devtools+headers+cookies+difference+kannada,https://youtube.com/results?search_query=devtools+headers+cookies+difference+tamil,https://youtube.com/results?search_query=devtools+headers+cookies+difference+telugu
DevTools,Intermediate,How do you use the Performance panel for interaction timing analysis?,User interaction,Response timing,Event handling,UI responsiveness,A,Record performance during user interactions to measure event handling and response times.,Performance,https://developer.chrome.com/docs/devtools/evaluate-performance/,https://youtube.com/results?search_query=devtools+performance+interaction+timing,https://youtube.com/results?search_query=devtools+performance+interaction+timing+hindi,https://youtube.com/results?search_query=devtools+performance+interaction+timing+kannada,https://youtube.com/results?search_query=devtools+performance+interaction+timing+tamil,https://youtube.com/results?search_query=devtools+performance+interaction+timing+telugu
DevTools,Intermediate,What's the purpose of the Console's debug() function?,Debug logging,Verbose output,Development logging,Debug levels,A,console.debug() logs debug messages (visible when Verbose level enabled).,Console,https://developer.chrome.com/docs/devtools/console/,https://youtube.com/results?search_query=devtools+console+debug,https://youtube.com/results?search_query=devtools+console+debug+hindi,https://youtube.com/results?search_query=devtools+console+debug+kannada,https://youtube.com/results?search_query=devtools+console+debug+tamil,https://youtube.com/results?search_query=devtools+console+debug+telugu
DevTools,Intermediate,How do you test CSS will-change property in DevTools?,Performance optimization,Rendering hints,GPU acceleration,Browser hints,A,Edit will-change property in Styles panel to test performance optimization hints.,Elements,https://developer.chrome.com/docs/devtools/css/,https://youtube.com/results?search_query=devtools+css+will+change,https://youtube.com/results?search_query=devtools+css+will+change+hindi,https://youtube.com/results?search_query=devtools+css+will+change+kannada,https://youtube.com/results?search_query=devtools+css+will+change+tamil,https://youtube.com/results?search_query=devtools+css+will+change+telugu
DevTools,Intermediate,What's the difference between Network panel's Transferred and Size?,Data metrics,Network usage,Transfer size,Resource size,A,Transferred shows actual bytes sent; Size shows resource size (may be compressed).,Network,https://developer.chrome.com/docs/devtools/network/,https://youtube.com/results?search_query=devtools+transferred+size+difference,https://youtube.com/results?search_query=devtools+transferred+size+difference+hindi,https://youtube.com/results?search_query=devtools+transferred+size+difference+kannada,https://youtube.com/results?search_query=devtools+transferred+size+difference+tamil,https://youtube.com/results?search_query=devtools+transferred+size+difference+telugu
DevTools,Intermediate,How do you use the Performance panel for main thread activity analysis?,CPU profiling,Main thread,JavaScript execution,Thread analysis,A,Record performance and analyze Main section to see JavaScript execution and rendering.,Performance,https://developer.chrome.com/docs/devtools/evaluate-performance/,https://youtube.com/results?search_query=devtools+performance+main+thread,https://youtube.com/results?search_query=devtools+performance+main+thread+hindi,https://youtube.com/results?search_query=devtools+performance+main+thread+kannada,https://youtube.com/results?search_query=devtools+performance+main+thread+tamil,https://youtube.com/results?search_query=devtools+performance+main+thread+telugu
DevTools,Intermediate,What's the purpose of the Elements panel's Event Listeners pane?,Event debugging,Handler functions,Listener inspection,Event tracking,A,Shows all event listeners attached to selected element for debugging event handling.,Elements,https://developer.chrome.com/docs/devtools/console/utilities/,https://youtube.com/results?search_query=devtools+event+listeners+pane,https://youtube.com/results?search_query=devtools+event+listeners+pane+hindi,https://youtube.com/results?search_query=devtools+event+listeners+pane+kannada,https://youtube.com/results?search_query=devtools+event+listeners+pane+tamil,https://youtube.com/results?search_query=devtools+event+listeners+pane+telugu
DevTools,Intermediate,How do you test CSS clip-path in DevTools?,Shape clipping,Visual effects,CSS shapes,Design elements,A,Edit clip-path property in Styles panel to create and test different shape clippings.,Elements,https://developer.chrome.com/docs/devtools/css/,https://youtube.com/results?search_query=devtools+css+clip+path,https://youtube.com/results?search_query=devtools+css+clip+path+hindi,https://youtube.com/results?search_query=devtools+css+clip+path+kannada,https://youtube.com/results?search_query=devtools+css+clip+path+tamil,https://youtube.com/results?search_query=devtools+css+clip+path+telugu
DevTools,Intermediate,What's the difference between Network panel's Connection ID and Request ID?,Request tracking,Connection management,Identifier types,Debug identifiers,A,Connection ID identifies TCP connection; Request ID identifies individual request.,Network,https://developer.chrome.com/docs/devtools/network/,https://youtube.com/results?search_query=devtools+connection+request+id,https://youtube.com/results?search_query=devtools+connection+request+id+hindi,https://youtube.com/results?search_query=devtools+connection+request+id+kannada,https://youtube.com/results?search_query=devtools+connection+request+id+tamil,https://youtube.com/results?search_query=devtools+connection+request+id+telugu
DevTools,Intermediate,How do you use the Performance panel for rendering pipeline analysis?,Rendering performance,Pipeline stages,Painting compositing,GPU rendering,A,Record performance and analyze Painting, Compositing, and GPU sections.,Performance,https://developer.chrome.com/docs/devtools/evaluate-performance/,https://youtube.com/results?search_query=devtools+performance+rendering+pipeline,https://youtube.com/results?search_query=devtools+performance+rendering+pipeline+hindi,https://youtube.com/results?search_query=devtools+performance+rendering+pipeline+kannada,https://youtube.com/results?search_query=devtools+performance+rendering+pipeline+tamil,https://youtube.com/results?search_query=devtools+performance+rendering+pipeline+telugu
DevTools,Intermediate,What's the purpose of the Console's table() with column filtering?,Data display,Column selection,Table filtering,Interactive tables,A,console.table(data, columns) shows table with only specified columns for focused viewing.,Console,https://developer.chrome.com/docs/devtools/console/,https://youtube.com/results?search_query=devtools+console+table+columns,https://youtube.com/results?search_query=devtools+console+table+columns+hindi,https://youtube.com/results?search_query=devtools+console+table+columns+kannada,https://youtube.com/results?search_query=devtools+console+table+columns+tamil,https://youtube.com/results?search_query=devtools+console+table+columns+telugu
DevTools,Intermediate,How do you test CSS aspect-ratio in DevTools?,Ratio testing,Responsive media,Container sizing,Modern CSS,A,Edit aspect-ratio property in Styles panel to test different aspect ratio constraints.,Elements,https://developer.chrome.com/docs/devtools/css/,https://youtube.com/results?search_query=devtools+css+aspect+ratio+testing,https://youtube.com/results?search_query=devtools+css+aspect+ratio+testing+hindi,https://youtube.com/results?search_query=devtools+css+aspect+ratio+testing+kannada,https://youtube.com/results?search_query=devtools+css+aspect+ratio+testing+tamil,https://youtube.com/results?search_query=devtools+css+aspect+ratio+testing+telugu
DevTools,Intermediate,What's the difference between Network panel's From Cache and From Memory Cache?,Caching sources,Resource loading,Cache types,Browser cache,A,From Cache shows disk cache; From Memory Cache shows memory cache - faster.,Network,https://developer.chrome.com/docs/devtools/network/,https://youtube.com/results?search_query=devtools+from+cache+memory+cache,https://youtube.com/results?search_query=devtools+from+cache+memory+cache+hindi,https://youtube.com/results?search_query=devtools+from+cache+memory+cache+kannada,https://youtube.com/results?search_query=devtools+from+cache+memory+cache+tamil,https://youtube.com/results?search_query=devtools+from+cache+memory+cache+telugu
DevTools,Intermediate,How do you use the Performance panel for JavaScript heap analysis?,Memory profiling,Heap usage,Object allocation,Garbage collection,A,Record performance with Memory checkbox to see heap size and garbage collection.,Performance,https://developer.chrome.com/docs/devtools/evaluate-performance/,https://youtube.com/results?search_query=devtools+performance+heap+analysis,https://youtube.com/results?search_query=devtools+performance+heap+analysis+hindi,https://youtube.com/results?search_query=devtools+performance+heap+analysis+kannada,https://youtube.com/results?search_query=devtools+performance+heap+analysis+tamil,https://youtube.com/results?search_query=devtools+performance+heap+analysis+telugu
DevTools,Intermediate,What's the purpose of the Console's groupCollapsed() function?,Log organization,Collapsed groups,Structured output,Space saving,A,console.groupCollapsed() starts collapsed log group for organized, space-saving output.,Console,https://developer.chrome.com/docs/devtools/console/,https://youtube.com/results?search_query=devtools+console+groupcollapsed,https://youtube.com/results?search_query=devtools+console+groupcollapsed+hindi,https://youtube.com/results?search_query=devtools+console+groupcollapsed+kannada,https://youtube.com/results?search_query=devtools+console+groupcollapsed+tamil,https://youtube.com/results?search_query=devtools+console+groupcollapsed+telugu
DevTools,Intermediate,How do you test CSS object-fit in DevTools?,Image fitting,Media sizing,Container adaptation,Responsive media,A,Edit object-fit property in Styles panel to test different image fitting options.,Elements,https://developer.chrome.com/docs/devtools/css/,https://youtube.com/results?search_query=devtools+css+object+fit,https://youtube.com/results?search_query=devtools+css+object+fit+hindi,https://youtube.com/results?search_query=devtools+css+object+fit+kannada,https://youtube.com/results?search_query=devtools+css+object+fit+tamil,https://youtube.com/results?search_query=devtools+css+object+fit+telugu
DevTools,Intermediate,What's the difference between Network panel's Request and Response headers?,HTTP headers,Data direction,Client-server communication,Header types,A,Request headers sent to server; Response headers received from server.,Network,https://developer.chrome.com/docs/devtools/network/,https://youtube.com/results?search_query=devtools+request+response+headers,https://youtube.com/results?search_query=devtools+request+response+headers+hindi,https://youtube.com/results?search_query=devtools+request+response+headers+kannada,https://youtube.com/results?search_query=devtools+request+response+headers+tamil,https://youtube.com/results?search_query=devtools+request+response+headers+telugu
DevTools,Intermediate,How do you use the Performance panel for long task analysis?,Performance optimization,Long tasks,Main thread blocking,User experience,A,Record performance and identify tasks >50ms that block main thread and affect responsiveness.,Performance,https://developer.chrome.com/docs/devtools/evaluate-performance/,https://youtube.com/results?search_query=devtools+performance+long+tasks,https://youtube.com/results?search_query=devtools+performance+long+tasks+hindi,https://youtube.com/results?search_query=devtools+performance+long+tasks+kannada,https://youtube.com/results?search_query=devtools+performance+long+tasks+tamil,https://youtube.com/results?search_query=devtools+performance+long+tasks+telugu
DevTools,Intermediate,What's the purpose of the Console's timeStamp() function?,Timeline marking,Performance markers,Event timing,Debug markers,A,console.timeStamp(label) adds marker to Performance timeline for event correlation.,Console,https://developer.chrome.com/docs/devtools/console/,https://youtube.com/results?search_query=devtools+console+timestamp,https://youtube.com/results?search_query=devtools+console+timestamp+hindi,https://youtube.com/results?search_query=devtools+console+timestamp+kannada,https://youtube.com/results?search_query=devtools+console+timestamp+tamil,https://youtube.com/results?search_query=devtools+console+timestamp+telugu
DevTools,Intermediate,How do you test CSS gap property in DevTools?,Spacing debugging,Grid/Flexbox gaps,Layout spacing,Modern CSS,A,Edit gap property in Styles panel to test spacing in Grid and Flexbox layouts.,Elements,https://developer.chrome.com/docs/devtools/css/,https://youtube.com/results?search_query=devtools+css+gap+property,https://youtube.com/results?search_query=devtools+css+gap+property+hindi,https://youtube.com/results?search_query=devtools+css+gap+property+kannada,https://youtube.com/results?search_query=devtools+css+gap+property+tamil,https://youtube.com/results?search_query=devtools+css+gap+property+telugu
DevTools,Intermediate,What's the difference between Network panel's Queued and Started?,Request timing,Queue status,Processing stages,Timeline analysis,A,Queued shows waiting time; Started shows when request actually began.,Network,https://developer.chrome.com/docs/devtools/network/,https://youtube.com/results?search_query=devtools+queued+started+difference,https://youtube.com/results?search_query=devtools+queued+started+difference+hindi,https://youtube.com/results?search_query=devtools+queued+started+difference+kannada,https://youtube.com/results?search_query=devtools+queued+started+difference+tamil,https://youtube.com/results?search_query=devtools+queued+started+difference+telugu
DevTools,Intermediate,How do you use the Performance panel for frame rate analysis?,Animation performance,FPS monitoring,Frame rendering,Smoothness testing,A,Record performance and check FPS chart to identify dropped frames and animation issues.,Performance,https://developer.chrome.com/docs/devtools/evaluate-performance/,https://youtube.com/results?search_query=devtools+performance+frame+rate,https://youtube.com/results?search_query=devtools+performance+frame+rate+hindi,https://youtube.com/results?search_query=devtools+performance+frame+rate+kannada,https://youtube.com/results?search_query=devtools+performance+frame+rate+tamil,https://youtube.com/results?search_query=devtools+performance+frame+rate+telugu
DevTools,Intermediate,What's the purpose of the Console's countReset() function?,Counter reset,Debug counters,Reset function,Counting utilities,A,console.countReset(label) resets counter for given label back to 0.,Console,https://developer.chrome.com/docs/devtools/console/,https://youtube.com/results?search_query=devtools+console+countreset,https://youtube.com/results?search_query=devtools+console+countreset+hindi,https://youtube.com/results?search_query=devtools+console+countreset+kannada,https://youtube.com/results?search_query=devtools+console+countreset+tamil,https://youtube.com/results?search_query=devtools+console+countreset+telugu
DevTools,Intermediate,How do you test CSS writing-mode in DevTools?,Text direction,Vertical text,Writing modes,Internationalization,A,Edit writing-mode property in Styles panel to test horizontal/vertical text direction.,Elements,https://developer.chrome.com/docs/devtools/css/,https://youtube.com/results?search_query=devtools+css+writing+mode,https://youtube.com/results?search_query=devtools+css+writing+mode+hindi,https://youtube.com/results?search_query=devtools+css+writing+mode+kannada,https://youtube.com/results?search_query=devtools+css+writing+mode+tamil,https://youtube.com/results?search_query=devtools+css+writing+mode+telugu
DevTools,Intermediate,What's the difference between Network panel's First Byte and Content Download?,Timing phases,Server response,Data transfer,Loading stages,A,First Byte is server response time; Content Download is data transfer time.,Network,https://developer.chrome.com/docs/devtools/network/,https://youtube.com/results?search_query=devtools+first+byte+content+download,https://youtube.com/results?search_query=devtools+first+byte+content+download+hindi,https://youtube.com/results?search_query=devtools+first+byte+content+download+kannada,https://youtube.com/results?search_query=devtools+first+byte+content+download+tamil,https://youtube.com/results?search_query=devtools+first+byte+content+download+telugu
DevTools,Intermediate,How do you use the Performance panel for user timing measurements?,Custom timing,Performance markers,User metrics,Application timing,A,Use performance.mark() and performance.measure() APIs, view in User Timing section.,Performance,https://developer.chrome.com/docs/devtools/evaluate-performance/,https://youtube.com/results?search_query=devtools+performance+user+timing,https://youtube.com/results?search_query=devtools+performance+user+timing+hindi,https://youtube.com/results?search_query=devtools+performance+user+timing+kannada,https://youtube.com/results?search_query=devtools+performance+user+timing+tamil,https://youtube.com/results?search_query=devtools+performance+user+timing+telugu
DevTools,Intermediate,What's the purpose of the Console's dirxml() function?,XML/HTML inspection,Element logging,DOM structure,Debug output,A,console.dirxml(node) logs XML/HTML element representation with expandable tree.,Console,https://developer.chrome.com/docs/devtools/console/,https://youtube.com/results?search_query=devtools+console+dirxml,https://youtube.com/results?search_query=devtools+console+dirxml+hindi,https://youtube.com/results?search_query=devtools+console+dirxml+kannada,https://youtube.com/results?search_query=devtools+console+dirxml+tamil,https://youtube.com/results?search_query=devtools+console+dirxml+telugu
DevTools,Intermediate,How do you test CSS scroll-snap in DevTools?,Scroll behavior,Snap points,Page navigation,Modern scrolling,A,Edit scroll-snap properties in Styles panel and test scrolling behavior on page.,Elements,https://developer.chrome.com/docs/devtools/css/,https://youtube.com/results?search_query=devtools+css+scroll+snap,https://youtube.com/results?search_query=devtools+css+scroll+snap+hindi,https://youtube.com/results?search_query=devtools+css+scroll+snap+kannada,https://youtube.com/results?search_query=devtools+css+scroll+snap+tamil,https://youtube.com/results?search_query=devtools+css+scroll+snap+telugu
DevTools,Intermediate,What's the difference between Network panel's DNS Lookup and Initial Connection?,Timing phases,Connection setup,Network latency,DNS resolution,A,DNS Lookup is domain resolution; Initial Connection is TCP handshake.,Network,https://developer.chrome.com/docs/devtools/network/,https://youtube.com/results?search_query=devtools+dns+initial+connection,https://youtube.com/results?search_query=devtools+dns+initial+connection+hindi,https://youtube.com/results?search_query=devtools+dns+initial+connection+kannada,https://youtube.com/results?search_query=devtools+dns+initial+connection+tamil,https://youtube.com/results?search_query=devtools+dns+initial+connection+telugu
DevTools,Intermediate,How do you use the Performance panel for layout and paint analysis?,Rendering performance,Layout calculations,Paint operations,Browser rendering,A,Record performance and analyze Layout and Paint events to optimize rendering.,Performance,https://developer.chrome.com/docs/devtools/evaluate-performance/,https://youtube.com/results?search_query=devtools+performance+layout+paint,https://youtube.com/results?search_query=devtools+performance+layout+paint+hindi,https://youtube.com/results?search_query=devtools+performance+layout+paint+kannada,https://youtube.com/results?search_query=devtools+performance+layout+paint+tamil,https://youtube.com/results?search_query=devtools+performance+layout+paint+telugu
DevTools,Intermediate,What's the purpose of the Console's warn() function?,Warning logging,Non-critical errors,Development warnings,Alert messages,A,console.warn() logs warning messages with yellow icon for non-critical issues.,Console,https://developer.chrome.com/docs/devtools/console/,https://youtube.com/results?search_query=devtools+console+warn,https://youtube.com/results?search_query=devtools+console+warn+hindi,https://youtube.com/results?search_query=devtools+console+warn+kannada,https://youtube.com/results?search_query=devtools+console+warn+tamil,https://youtube.com/results?search_query=devtools+console+warn+telugu
DevTools,Intermediate,How do you test CSS content-visibility in DevTools?,Performance optimization,Content skipping,Rendering control,Virtualization,A,Edit content-visibility property in Styles panel to test rendering optimization.,Elements,https://developer.chrome.com/docs/devtools/css/,https://youtube.com/results?search_query=devtools+css+content+visibility,https://youtube.com/results?search_query=devtools+css+content+visibility+hindi,https://youtube.com/results?search_query=devtools+css+content+visibility+kannada,https://youtube.com/results?search_query=devtools+css+content+visibility+tamil,https://youtube.com/results?search_query=devtools+css+content+visibility+telugu
DevTools,Intermediate,What's the difference between Network panel's SSL and TCP Handshake?,Security timing,Connection setup,Encryption overhead,Protocol phases,A,SSL is TLS handshake; TCP Handshake is basic connection setup.,Network,https://developer.chrome.com/docs/devtools/network/,https://youtube.com/results?search_query=devtools+ssl+tcp+handshake,https://youtube.com/results?search_query=devtools+ssl+tcp+handshake+hindi,https://youtube.com/results?search_query=devtools+ssl+tcp+handshake+kannada,https://youtube.com/results?search_query=devtools+ssl+tcp+handshake+tamil,https://youtube.com/results?search_query=devtools+ssl+tcp+handshake+telugu