Docker,Basic,What is Docker?,Containerization,Virtualization,Application packaging,A,Docker is a platform for developing, shipping, and running applications in containers.,Introduction,https://docs.docker.com/get-started/overview/,https://youtube.com/results?search_query=what+is+docker,https://youtube.com/results?search_query=what+is+docker+hindi,https://youtube.com/results?search_query=what+is+docker+kannada,https://youtube.com/results?search_query=what+is+docker+tamil,https://youtube.com/results?search_query=what+is+docker+telugu
Docker,Basic,What is a Docker container?,Containers,Process isolation,Runtime environment,A,A Docker container is a lightweight, standalone, executable package that includes everything needed to run an application.,Containers,https://docs.docker.com/get-started/overview/,https://youtube.com/results?search_query=docker+container,https://youtube.com/results?search_query=docker+container+hindi,https://youtube.com/results?search_query=docker+container+kannada,https://youtube.com/results?search_query=docker+container+tamil,https://youtube.com/results?search_query=docker+container+telugu
Docker,Basic,What is a Docker image?,Images,Templates,Application snapshots,A,A Docker image is a read-only template with instructions for creating a Docker container.,Images,https://docs.docker.com/get-started/overview/,https://youtube.com/results?search_query=docker+image,https://youtube.com/results?search_query=docker+image+hindi,https://youtube.com/results?search_query=docker+image+kannada,https://youtube.com/results?search_query=docker+image+tamil,https://youtube.com/results?search_query=docker+image+telugu
Docker,Basic,How do you install Docker?,Installation,Setup,Requirements,A,Download and install Docker Desktop from docker.com or use package managers like apt/yum for Linux.,Installation,https://docs.docker.com/engine/install/,https://youtube.com/results?search_query=install+docker,https://youtube.com/results?search_query=install+docker+hindi,https://youtube.com/results?search_query=install+docker+kannada,https://youtube.com/results?search_query=install+docker+tamil,https://youtube.com/results?search_query=install+docker+telugu
Docker,Basic,What is the Dockerfile?,Dockerfile,Build instructions,Image definition,A,A Dockerfile is a text document containing all commands to build a Docker image.,Dockerfile,https://docs.docker.com/engine/reference/builder/,https://youtube.com/results?search_query=dockerfile,https://youtube.com/results?search_query=dockerfile+hindi,https://youtube.com/results?search_query=dockerfile+kannada,https://youtube.com/results?search_query=dockerfile+tamil,https://youtube.com/results?search_query=dockerfile+telugu
Docker,Basic,What command shows Docker version?,Version check,Information,System info,A,docker --version or docker version,Commands,https://docs.docker.com/engine/reference/commandline/version/,https://youtube.com/results?search_query=docker+version,https://youtube.com/results?search_query=docker+version+hindi,https://youtube.com/results?search_query=docker+version+kannada,https://youtube.com/results?search_query=docker+version+tamil,https://youtube.com/results?search_query=docker+version+telugu
Docker,Basic,How do you run a Docker container?,Run containers,Execution,Start containers,A,docker run [OPTIONS] IMAGE [COMMAND] [ARG...],Commands,https://docs.docker.com/engine/reference/commandline/run/,https://youtube.com/results?search_query=docker+run,https://youtube.com/results?search_query=docker+run+hindi,https://youtube.com/results?search_query=docker+run+kannada,https://youtube.com/results?search_query=docker+run+tamil,https://youtube.com/results?search_query=docker+run+telugu
Docker,Basic,How do you list running containers?,Container listing,Processes,Active containers,A,docker ps,Commands,https://docs.docker.com/engine/reference/commandline/ps/,https://youtube.com/results?search_query=docker+ps,https://youtube.com/results?search_query=docker+ps+hindi,https://youtube.com/results?search_query=docker+ps+kannada,https://youtube.com/results?search_query=docker+ps+tamil,https://youtube.com/results?search_query=docker+ps+telugu
Docker,Basic,How do you list all containers including stopped ones?,All containers,Complete listing,History,A,docker ps -a,Commands,https://docs.docker.com/engine/reference/commandline/ps/,https://youtube.com/results?search_query=docker+ps+a,https://youtube.com/results?search_query=docker+ps+a+hindi,https://youtube.com/results?search_query=docker+ps+a+kannada,https://youtube.com/results?search_query=docker+ps+a+tamil,https://youtube.com/results?search_query=docker+ps+a+telugu
Docker,Basic,How do you stop a running container?,Stop containers,Termination,Process management,A,docker stop CONTAINER_ID,Commands,https://docs.docker.com/engine/reference/commandline/stop/,https://youtube.com/results?search_query=docker+stop,https://youtube.com/results?search_query=docker+stop+hindi,https://youtube.com/results?search_query=docker+stop+kannada,https://youtube.com/results?search_query=docker+stop+tamil,https://youtube.com/results?search_query=docker+stop+telugu
Docker,Basic,How do you start a stopped container?,Start containers,Resume,Relaunch,A,docker start CONTAINER_ID,Commands,https://docs.docker.com/engine/reference/commandline/start/,https://youtube.com/results?search_query=docker+start,https://youtube.com/results?search_query=docker+start+hindi,https://youtube.com/results?search_query=docker+start+kannada,https://youtube.com/results?search_query=docker+start+tamil,https://youtube.com/results?search_query=docker+start+telugu
Docker,Basic,How do you remove a container?,Container removal,Cleanup,Delete,A,docker rm CONTAINER_ID,Commands,https://docs.docker.com/engine/reference/commandline/rm/,https://youtube.com/results?search_query=docker+rm,https://youtube.com/results?search_query=docker+rm+hindi,https://youtube.com/results?search_query=docker+rm+kannada,https://youtube.com/results?search_query=docker+rm+tamil,https://youtube.com/results?search_query=docker+rm+telugu
Docker,Basic,How do you remove a stopped container forcefully?,Force removal,Cleanup,Aggressive delete,A,docker rm -f CONTAINER_ID,Commands,https://docs.docker.com/engine/reference/commandline/rm/,https://youtube.com/results?search_query=docker+rm+f,https://youtube.com/results?search_query=docker+rm+f+hindi,https://youtube.com/results?search_query=docker+rm+f+kannada,https://youtube.com/results?search_query=docker+rm+f+tamil,https://youtube.com/results?search_query=docker+rm+f+telugu
Docker,Basic,How do you list Docker images?,Image listing,Repository,Templates,A,docker images,Commands,https://docs.docker.com/engine/reference/commandline/images/,https://youtube.com/results?search_query=docker+images,https://youtube.com/results?search_query=docker+images+hindi,https://youtube.com/results?search_query=docker+images+kannada,https://youtube.com/results?search_query=docker+images+tamil,https://youtube.com/results?search_query=docker+images+telugu
Docker,Basic,How do you pull an image from Docker Hub?,Image download,Repository,Remote images,A,docker pull IMAGE_NAME,Commands,https://docs.docker.com/engine/reference/commandline/pull/,https://youtube.com/results?search_query=docker+pull,https://youtube.com/results?search_query=docker+pull+hindi,https://youtube.com/results?search_query=docker+pull+kannada,https://youtube.com/results?search_query=docker+pull+tamil,https://youtube.com/results?search_query=docker+pull+telugu
Docker,Basic,How do you build an image from a Dockerfile?,Image building,Compilation,Image creation,A,docker build -t IMAGE_NAME .,Commands,https://docs.docker.com/engine/reference/commandline/build/,https://youtube.com/results?search_query=docker+build,https://youtube.com/results?search_query=docker+build+hindi,https://youtube.com/results?search_query=docker+build+kannada,https://youtube.com/results?search_query=docker+build+tamil,https://youtube.com/results?search_query=docker+build+telugu
Docker,Basic,How do you remove a Docker image?,Image removal,Cleanup,Delete images,A,docker rmi IMAGE_ID,Commands,https://docs.docker.com/engine/reference/commandline/rmi/,https://youtube.com/results?search_query=docker+rmi,https://youtube.com/results?search_query=docker+rmi+hindi,https://youtube.com/results?search_query=docker+rmi+kannada,https://youtube.com/results?search_query=docker+rmi+tamil,https://youtube.com/results?search_query=docker+rmi+telugu
Docker,Basic,What is Docker Hub?,Registry,Repository,Image store,A,Docker Hub is a cloud-based registry service for sharing and storing Docker images.,Docker Hub,https://hub.docker.com/,https://youtube.com/results?search_query=docker+hub,https://youtube.com/results?search_query=docker+hub+hindi,https://youtube.com/results?search_query=docker+hub+kannada,https://youtube.com/results?search_query=docker+hub+tamil,https://youtube.com/results?search_query=docker+hub+telugu
Docker,Basic,How do you run a container in interactive mode?,Interactive mode,Terminal access,Shell access,A,docker run -it IMAGE_NAME /bin/bash,Commands,https://docs.docker.com/engine/reference/commandline/run/,https://youtube.com/results?search_query=docker+interactive+mode,https://youtube.com/results?search_query=docker+interactive+mode+hindi,https://youtube.com/results?search_query=docker+interactive+mode+kannada,https://youtube.com/results?search_query=docker+interactive+mode+tamil,https://youtube.com/results?search_query=docker+interactive+mode+telugu
Docker,Basic,How do you run a container in detached mode?,Detached mode,Background,Daemon mode,A,docker run -d IMAGE_NAME,Commands,https://docs.docker.com/engine/reference/commandline/run/,https://youtube.com/results?search_query=docker+detached+mode,https://youtube.com/results?search_query=docker+detached+mode+hindi,https://youtube.com/results?search_query=docker+detached+mode+kannada,https://youtube.com/results?search_query=docker+detached+mode+tamil,https://youtube.com/results?search_query=docker+detached+mode+telugu
Docker,Basic,How do you map container ports to host ports?,Port mapping,Network,Expose ports,A,docker run -p HOST_PORT:CONTAINER_PORT IMAGE_NAME,Networking,https://docs.docker.com/engine/reference/commandline/run/,https://youtube.com/results?search_query=docker+port+mapping,https://youtube.com/results?search_query=docker+port+mapping+hindi,https://youtube.com/results?search_query=docker+port+mapping+kannada,https://youtube.com/results?search_query=docker+port+mapping+tamil,https://youtube.com/results?search_query=docker+port+mapping+telugu
Docker,Basic,How do you map container directories to host directories?,Volume mapping,Data persistence,Storage,A,docker run -v HOST_DIR:CONTAINER_DIR IMAGE_NAME,Volumes,https://docs.docker.com/engine/reference/commandline/run/,https://youtube.com/results?search_query=docker+volume+mapping,https://youtube.com/results?search_query=docker+volume+mapping+hindi,https://youtube.com/results?search_query=docker+volume+mapping+kannada,https://youtube.com/results?search_query=docker+volume+mapping+tamil,https://youtube.com/results?search_query=docker+volume+mapping+telugu
Docker,Basic,How do you set environment variables in a container?,Environment variables,Configuration,Runtime settings,A,docker run -e VAR_NAME=value IMAGE_NAME,Environment,https://docs.docker.com/engine/reference/commandline/run/,https://youtube.com/results?search_query=docker+environment+variables,https://youtube.com/results?search_query=docker+environment+variables+hindi,https://youtube.com/results?search_query=docker+environment+variables+kannada,https://youtube.com/results?search_query=docker+environment+variables+tamil,https://youtube.com/results?search_query=docker+environment+variables+telugu
Docker,Basic,How do you view container logs?,Logs,Output,Debugging,A,docker logs CONTAINER_ID,Commands,https://docs.docker.com/engine/reference/commandline/logs/,https://youtube.com/results?search_query=docker+logs,https://youtube.com/results?search_query=docker+logs+hindi,https://youtube.com/results?search_query=docker+logs+kannada,https://youtube.com/results?search_query=docker+logs+tamil,https://youtube.com/results?search_query=docker+logs+telugu
Docker,Basic,How do you follow container logs in real-time?,Real-time logs,Live output,Tail logs,A,docker logs -f CONTAINER_ID,Commands,https://docs.docker.com/engine/reference/commandline/logs/,https://youtube.com/results?search_query=docker+logs+f,https://youtube.com/results?search_query=docker+logs+f+hindi,https://youtube.com/results?search_query=docker+logs+f+kannada,https://youtube.com/results?search_query=docker+logs+f+tamil,https://youtube.com/results?search_query=docker+logs+f+telugu
Docker,Basic,How do you execute a command in a running container?,Command execution,Shell access,Interactive,A,docker exec CONTAINER_ID COMMAND,Commands,https://docs.docker.com/engine/reference/commandline/exec/,https://youtube.com/results?search_query=docker+exec,https://youtube.com/results?search_query=docker+exec+hindi,https://youtube.com/results?search_query=docker+exec+kannada,https://youtube.com/results?search_query=docker+exec+tamil,https://youtube.com/results?search_query=docker+exec+telugu
Docker,Basic,How do you get a shell inside a running container?,Shell access,Terminal,Interactive session,A,docker exec -it CONTAINER_ID /bin/bash,Commands,https://docs.docker.com/engine/reference/commandline/exec/,https://youtube.com/results?search_query=docker+exec+shell,https://youtube.com/results?search_query=docker+exec+shell+hindi,https://youtube.com/results?search_query=docker+exec+shell+kannada,https://youtube.com/results?search_query=docker+exec+shell+tamil,https://youtube.com/results?search_query=docker+exec+shell+telugu
Docker,Basic,What is the FROM instruction in Dockerfile?,Base image,Foundation,Starting point,A,FROM specifies the base image to start building from.,Dockerfile,https://docs.docker.com/engine/reference/builder/#from,https://youtube.com/results?search_query=docker+from+instruction,https://youtube.com/results?search_query=docker+from+instruction+hindi,https://youtube.com/results?search_query=docker+from+instruction+kannada,https://youtube.com/results?search_query=docker+from+instruction+tamil,https://youtube.com/results?search_query=docker+from+instruction+telugu
Docker,Basic,What is the RUN instruction in Dockerfile?,Command execution,Build steps,Installation,A,RUN executes commands during image build process.,Dockerfile,https://docs.docker.com/engine/reference/builder/#run,https://youtube.com/results?search_query=docker+run+instruction,https://youtube.com/results?search_query=docker+run+instruction+hindi,https://youtube.com/results?search_query=docker+run+instruction+kannada,https://youtube.com/results?search_query=docker+run+instruction+tamil,https://youtube.com/results?search_query=docker+run+instruction+telugu
Docker,Basic,What is the CMD instruction in Dockerfile?,Default command,Entry point,Startup,A,CMD specifies the default command to run when container starts.,Dockerfile,https://docs.docker.com/engine/reference/builder/#cmd,https://youtube.com/results?search_query=docker+cmd+instruction,https://youtube.com/results?search_query=docker+cmd+instruction+hindi,https://youtube.com/results?search_query=docker+cmd+instruction+kannada,https://youtube.com/results?search_query=docker+cmd+instruction+tamil,https://youtube.com/results?search_query=docker+cmd+instruction+telugu
Docker,Basic,What is the ENTRYPOINT instruction in Dockerfile?,Entry point,Main command,Executable,A,ENTRYPOINT configures a container to run as an executable.,Dockerfile,https://docs.docker.com/engine/reference/builder/#entrypoint,https://youtube.com/results?search_query=docker+entrypoint+instruction,https://youtube.com/results?search_query=docker+entrypoint+instruction+hindi,https://youtube.com/results?search_query=docker+entrypoint+instruction+kannada,https://youtube.com/results?search_query=docker+entrypoint+instruction+tamil,https://youtube.com/results?search_query=docker+entrypoint+instruction+telugu
Docker,Basic,What is the COPY instruction in Dockerfile?,File copying,Add files,Resource transfer,A,COPY copies files from host to container during build.,Dockerfile,https://docs.docker.com/engine/reference/builder/#copy,https://youtube.com/results?search_query=docker+copy+instruction,https://youtube.com/results?search_query=docker+copy+instruction+hindi,https://youtube.com/results?search_query=docker+copy+instruction+kannada,https://youtube.com/results?search_query=docker+copy+instruction+tamil,https://youtube.com/results?search_query=docker+copy+instruction+telugu
Docker,Basic,What is the ADD instruction in Dockerfile?,File addition,Advanced copy,Remote resources,A,ADD copies files and can handle URLs and tar extraction.,Dockerfile,https://docs.docker.com/engine/reference/builder/#add,https://youtube.com/results?search_query=docker+add+instruction,https://youtube.com/results?search_query=docker+add+instruction+hindi,https://youtube.com/results?search_query=docker+add+instruction+kannada,https://youtube.com/results?search_query=docker+add+instruction+tamil,https://youtube.com/results?search_query=docker+add+instruction+telugu
Docker,Basic,What is the ENV instruction in Dockerfile?,Environment variables,Configuration,Build-time settings,A,ENV sets environment variables in the image.,Dockerfile,https://docs.docker.com/engine/reference/builder/#env,https://youtube.com/results?search_query=docker+env+instruction,https://youtube.com/results?search_query=docker+env+instruction+hindi,https://youtube.com/results?search_query=docker+env+instruction+kannada,https://youtube.com/results?search_query=docker+env+instruction+tamil,https://youtube.com/results?search_query=docker+env+instruction+telugu
Docker,Basic,What is the WORKDIR instruction in Dockerfile?,Working directory,Current directory,Path setting,A,WORKDIR sets the working directory for subsequent instructions.,Dockerfile,https://docs.docker.com/engine/reference/builder/#workdir,https://youtube.com/results?search_query=docker+workdir+instruction,https://youtube.com/results?search_query=docker+workdir+instruction+hindi,https://youtube.com/results?search_query=docker+workdir+instruction+kannada,https://youtube.com/results?search_query=docker+workdir+instruction+tamil,https://youtube.com/results?search_query=docker+workdir+instruction+telugu
Docker,Basic,What is the EXPOSE instruction in Dockerfile?,Port exposure,Network configuration,Service ports,A,EXPOSE informs Docker that the container listens on specified network ports.,Dockerfile,https://docs.docker.com/engine/reference/builder/#expose,https://youtube.com/results?search_query=docker+expose+instruction,https://youtube.com/results?search_query=docker+expose+instruction+hindi,https://youtube.com/results?search_query=docker+expose+instruction+kannada,https://youtube.com/results?search_query=docker+expose+instruction+tamil,https://youtube.com/results?search_query=docker+expose+instruction+telugu
Docker,Basic,How do you tag a Docker image?,Image tagging,Versioning,Labels,A,docker tag SOURCE_IMAGE[:TAG] TARGET_IMAGE[:TAG],Commands,https://docs.docker.com/engine/reference/commandline/tag/,https://youtube.com/results?search_query=docker+tag,https://youtube.com/results?search_query=docker+tag+hindi,https://youtube.com/results?search_query=docker+tag+kannada,https://youtube.com/results?search_query=docker+tag+tamil,https://youtube.com/results?search_query=docker+tag+telugu
Docker,Basic,How do you push an image to Docker Hub?,Image upload,Registry,Share images,A,docker push IMAGE_NAME,Commands,https://docs.docker.com/engine/reference/commandline/push/,https://youtube.com/results?search_query=docker+push,https://youtube.com/results?search_query=docker+push+hindi,https://youtube.com/results?search_query=docker+push+kannada,https://youtube.com/results?search_query=docker+push+tamil,https://youtube.com/results?search_query=docker+push+telugu
Docker,Basic,What is Docker Compose?,Orchestration,Multi-container,Development,A,Docker Compose is a tool for defining and running multi-container Docker applications.,Docker Compose,https://docs.docker.com/compose/,https://youtube.com/results?search_query=docker+compose,https://youtube.com/results?search_query=docker+compose+hindi,https://youtube.com/results?search_query=docker+compose+kannada,https://youtube.com/results?search_query=docker+compose+tamil,https://youtube.com/results?search_query=docker+compose+telugu
Docker,Basic,What is the docker-compose.yml file?,Compose file,Configuration,YAML definition,A,docker-compose.yml is a YAML file that defines services, networks, and volumes for Docker Compose.,Docker Compose,https://docs.docker.com/compose/compose-file/,https://youtube.com/results?search_query=docker+compose+yml,https://youtube.com/results?search_query=docker+compose+yml+hindi,https://youtube.com/results?search_query=docker+compose+yml+kannada,https://youtube.com/results?search_query=docker+compose+yml+tamil,https://youtube.com/results?search_query=docker+compose+yml+telugu
Docker,Basic,How do you start services with Docker Compose?,Compose startup,Multi-container launch,A,docker-compose up,Commands,https://docs.docker.com/compose/reference/up/,https://youtube.com/results?search_query=docker+compose+up,https://youtube.com/results?search_query=docker+compose+up+hindi,https://youtube.com/results?search_query=docker+compose+up+kannada,https://youtube.com/results?search_query=docker+compose+up+tamil,https://youtube.com/results?search_query=docker+compose+up+telugu
Docker,Basic,How do you stop services with Docker Compose?,Compose stop,Shutdown,Termination,A,docker-compose down,Commands,https://docs.docker.com/compose/reference/down/,https://youtube.com/results?search_query=docker+compose+down,https://youtube.com/results?search_query=docker+compose+down+hindi,https://youtube.com/results?search_query=docker+compose+down+kannada,https://youtube.com/results?search_query=docker+compose+down+tamil,https://youtube.com/results?search_query=docker+compose+down+telugu
Docker,Basic,How do you view running Compose services?,Compose status,Service listing,A,docker-compose ps,Commands,https://docs.docker.com/compose/reference/ps/,https://youtube.com/results?search_query=docker+compose+ps,https://youtube.com/results?search_query=docker+compose+ps+hindi,https://youtube.com/results?search_query=docker+compose+ps+kannada,https://youtube.com/results?search_query=docker+compose+ps+tamil,https://youtube.com/results?search_query=docker+compose+ps+telugu
Docker,Basic,How do you run a command in a Compose service?,Compose execution,Service command,A,docker-compose exec SERVICE_NAME COMMAND,Commands,https://docs.docker.com/compose/reference/exec/,https://youtube.com/results?search_query=docker+compose+exec,https://youtube.com/results?search_query=docker+compose+exec+hindi,https://youtube.com/results?search_query=docker+compose+exec+kannada,https://youtube.com/results?search_query=docker+compose+exec+tamil,https://youtube.com/results?search_query=docker+compose+exec+telugu
Docker,Basic,What is a Docker volume?,Volumes,Data persistence,Storage,A,A Docker volume is a persistent data storage mechanism for containers.,Volumes,https://docs.docker.com/storage/volumes/,https://youtube.com/results?search_query=docker+volumes,https://youtube.com/results?search_query=docker+volumes+hindi,https://youtube.com/results?search_query=docker+volumes+kannada,https://youtube.com/results?search_query=docker+volumes+tamil,https://youtube.com/results?search_query=docker+volumes+telugu
Docker,Basic,How do you create a Docker volume?,Volume creation,Storage setup,A,docker volume create VOLUME_NAME,Commands,https://docs.docker.com/engine/reference/commandline/volume_create/,https://youtube.com/results?search_query=docker+volume+create,https://youtube.com/results?search_query=docker+volume+create+hindi,https://youtube.com/results?search_query=docker+volume+create+kannada,https://youtube.com/results?search_query=docker+volume+create+tamil,https://youtube.com/results?search_query=docker+volume+create+telugu
Docker,Basic,How do you list Docker volumes?,Volume listing,Storage inventory,A,docker volume ls,Commands,https://docs.docker.com/engine/reference/commandline/volume_ls/,https://youtube.com/results?search_query=docker+volume+ls,https://youtube.com/results?search_query=docker+volume+ls+hindi,https://youtube.com/results?search_query=docker+volume+ls+kannada,https://youtube.com/results?search_query=docker+volume+ls+tamil,https://youtube.com/results?search_query=docker+volume+ls+telugu
Docker,Basic,How do you remove a Docker volume?,Volume removal,Cleanup,Delete storage,A,docker volume rm VOLUME_NAME,Commands,https://docs.docker.com/engine/reference/commandline/volume_rm/,https://youtube.com/results?search_query=docker+volume+rm,https://youtube.com/results?search_query=docker+volume+rm+hindi,https://youtube.com/results?search_query=docker+volume+rm+kannada,https://youtube.com/results?search_query=docker+volume+rm+tamil,https://youtube.com/results?search_query=docker+volume+rm+telugu
Docker,Basic,What is a Docker network?,Networking,Connectivity,Communication,A,A Docker network enables communication between containers.,Networking,https://docs.docker.com/network/,https://youtube.com/results?search_query=docker+network,https://youtube.com/results?search_query=docker+network+hindi,https://youtube.com/results?search_query=docker+network+kannada,https://youtube.com/results?search_query=docker+network+tamil,https://youtube.com/results?search_query=docker+network+telugu
Docker,Basic,How do you create a Docker network?,Network creation,Connectivity setup,A,docker network create NETWORK_NAME,Commands,https://docs.docker.com/engine/reference/commandline/network_create/,https://youtube.com/results?search_query=docker+network+create,https://youtube.com/results?search_query=docker+network+create+hindi,https://youtube.com/results?search_query=docker+network+create+kannada,https://youtube.com/results?search_query=docker+network+create+tamil,https://youtube.com/results?search_query=docker+network+create+telugu
Docker,Basic,How do you list Docker networks?,Network listing,Connectivity inventory,A,docker network ls,Commands,https://docs.docker.com/engine/reference/commandline/network_ls/,https://youtube.com/results?search_query=docker+network+ls,https://youtube.com/results?search_query=docker+network+ls+hindi,https://youtube.com/results?search_query=docker+network+ls+kannada,https://youtube.com/results?search_query=docker+network+ls+tamil,https://youtube.com/results?search_query=docker+network+ls+telugu
Docker,Basic,How do you remove a Docker network?,Network removal,Cleanup,Delete connectivity,A,docker network rm NETWORK_NAME,Commands,https://docs.docker.com/engine/reference/commandline/network_rm/,https://youtube.com/results?search_query=docker+network+rm,https://youtube.com/results?search_query=docker+network+rm+hindi,https://youtube.com/results?search_query=docker+network+rm+kannada,https://youtube.com/results?search_query=docker+network+rm+tamil,https://youtube.com/results?search_query=docker+network+rm+telugu
Docker,Basic,How do you connect a container to a network?,Network connection,Container networking,A,docker network connect NETWORK_NAME CONTAINER_ID,Commands,https://docs.docker.com/engine/reference/commandline/network_connect/,https://youtube.com/results?search_query=docker+network+connect,https://youtube.com/results?search_query=docker+network+connect+hindi,https://youtube.com/results?search_query=docker+network+connect+kannada,https://youtube.com/results?search_query=docker+network+connect+tamil,https://youtube.com/results?search_query=docker+network+connect+telugu
Docker,Basic,How do you disconnect a container from a network?,Network disconnection,Container isolation,A,docker network disconnect NETWORK_NAME CONTAINER_ID,Commands,https://docs.docker.com/engine/reference/commandline/network_disconnect/,https://youtube.com/results?search_query=docker+network+disconnect,https://youtube.com/results?search_query=docker+network+disconnect+hindi,https://youtube.com/results?search_query=docker+network+disconnect+kannada,https://youtube.com/results?search_query=docker+network+disconnect+tamil,https://youtube.com/results?search_query=docker+network+disconnect+telugu
Docker,Basic,What is the difference between COPY and ADD in Dockerfile?,File instructions,Comparison,Build commands,A,COPY only copies files, while ADD can also handle URLs and extract tar files.,Dockerfile,https://docs.docker.com/engine/reference/builder/#add,https://youtube.com/results?search_query=docker+copy+vs+add,https://youtube.com/results?search_query=docker+copy+vs+add+hindi,https://youtube.com/results?search_query=docker+copy+vs+add+kannada,https://youtube.com/results?search_query=docker+copy+vs+add+tamil,https://youtube.com/results?search_query=docker+copy+vs+add+telugu
Docker,Basic,What is the difference between CMD and ENTRYPOINT?,Command instructions,Comparison,Startup commands,A,CMD sets default commands that can be overridden, ENTRYPOINT sets main command that always runs.,Dockerfile,https://docs.docker.com/engine/reference/builder/#understand-how-cmd-and-entrypoint-interact,https://youtube.com/results?search_query=docker+cmd+vs+entrypoint,https://youtube.com/results?search_query=docker+cmd+vs+entrypoint+hindi,https://youtube.com/results?search_query=docker+cmd+vs+entrypoint+kannada,https://youtube.com/results?search_query=docker+cmd+vs+entrypoint+tamil,https://youtube.com/results?search_query=docker+cmd+vs+entrypoint+telugu
Docker,Basic,How do you clean up unused Docker resources?,Cleanup,System maintenance,Resource management,A,docker system prune,Commands,https://docs.docker.com/engine/reference/commandline/system_prune/,https://youtube.com/results?search_query=docker+system+prune,https://youtube.com/results?search_query=docker+system+prune+hindi,https://youtube.com/results?search_query=docker+system+prune+kannada,https://youtube.com/results?search_query=docker+system+prune+tamil,https://youtube.com/results?search_query=docker+system+prune+telugu
Docker,Basic,How do you view Docker disk usage?,Disk usage,Storage analysis,System info,A,docker system df,Commands,https://docs.docker.com/engine/reference/commandline/system_df/,https://youtube.com/results?search_query=docker+system+df,https://youtube.com/results?search_query=docker+system+df+hindi,https://youtube.com/results?search_query=docker+system+df+kannada,https://youtube.com/results?search_query=docker+system+df+tamil,https://youtube.com/results?search_query=docker+system+df+telugu
Docker,Basic,What is a .dockerignore file?,Ignore file,Exclusion,Build optimization,A,.dockerignore file specifies which files to exclude from Docker build context.,Dockerfile,https://docs.docker.com/engine/reference/builder/#dockerignore-file,https://youtube.com/results?search_query=dockerignore,https://youtube.com/results?search_query=dockerignore+hindi,https://youtube.com/results?search_query=dockerignore+kannada,https://youtube.com/results?search_query=dockerignore+tamil,https://youtube.com/results?search_query=dockerignore+telugu
Docker,Basic,How do you rename a Docker container?,Container renaming,Identification,A,docker rename OLD_NAME NEW_NAME,Commands,https://docs.docker.com/engine/reference/commandline/rename/,https://youtube.com/results?search_query=docker+rename,https://youtube.com/results?search_query=docker+rename+hindi,https://youtube.com/results?search_query=docker+rename+kannada,https://youtube.com/results?search_query=docker+rename+tamil,https://youtube.com/results?search_query=docker+rename+telugu
Docker,Basic,How do you update a running container's configuration?,Container update,Modification,Runtime changes,A,You cannot update a running container's configuration; create a new container with new settings.,Containers,https://docs.docker.com/engine/reference/commandline/update/,https://youtube.com/results?search_query=docker+update+container,https://youtube.com/results?search_query=docker+update+container+hindi,https://youtube.com/results?search_query=docker+update+container+kannada,https://youtube.com/results?search_query=docker+update+container+tamil,https://youtube.com/results?search_query=docker+update+container+telugu
Docker,Basic,How do you pause a running container?,Container pause,Suspension,Freeze,A,docker pause CONTAINER_ID,Commands,https://docs.docker.com/engine/reference/commandline/pause/,https://youtube.com/results?search_query=docker+pause,https://youtube.com/results?search_query=docker+pause+hindi,https://youtube.com/results?search_query=docker+pause+kannada,https://youtube.com/results?search_query=docker+pause+tamil,https://youtube.com/results?search_query=docker+pause+telugu
Docker,Basic,How do you unpause a paused container?,Container unpause,Resume,Continue,A,docker unpause CONTAINER_ID,Commands,https://docs.docker.com/engine/reference/commandline/unpause/,https://youtube.com/results?search_query=docker+unpause,https://youtube.com/results?search_query=docker+unpause+hindi,https://youtube.com/results?search_query=docker+unpause+kannada,https://youtube.com/results?search_query=docker+unpause+tamil,https://youtube.com/results?search_query=docker+unpause+telugu
Docker,Basic,How do you restart a container?,Container restart,Reboot,Reload,A,docker restart CONTAINER_ID,Commands,https://docs.docker.com/engine/reference/commandline/restart/,https://youtube.com/results?search_query=docker+restart,https://youtube.com/results?search_query=docker+restart+hindi,https://youtube.com/results?search_query=docker+restart+kannada,https://youtube.com/results?search_query=docker+restart+tamil,https://youtube.com/results?search_query=docker+restart+telugu
Docker,Basic,How do you kill a container immediately?,Container kill,Force stop,Termination,A,docker kill CONTAINER_ID,Commands,https://docs.docker.com/engine/reference/commandline/kill/,https://youtube.com/results?search_query=docker+kill,https://youtube.com/results?search_query=docker+kill+hindi,https://youtube.com/results?search_query=docker+kill+kannada,https://youtube.com/results?search_query=docker+kill+tamil,https://youtube.com/results?search_query=docker+kill+telugu
Docker,Basic,How do you copy files from container to host?,File extraction,Data transfer,Export,A,docker cp CONTAINER_ID:CONTAINER_PATH HOST_PATH,Commands,https://docs.docker.com/engine/reference/commandline/cp/,https://youtube.com/results?search_query=docker+cp,https://youtube.com/results?search_query=docker+cp+hindi,https://youtube.com/results?search_query=docker+cp+kannada,https://youtube.com/results?search_query=docker+cp+tamil,https://youtube.com/results?search_query=docker+cp+telugu
Docker,Basic,How do you copy files from host to container?,File injection,Data transfer,Import,A,docker cp HOST_PATH CONTAINER_ID:CONTAINER_PATH,Commands,https://docs.docker.com/engine/reference/commandline/cp/,https://youtube.com/results?search_query=docker+cp+host+to+container,https://youtube.com/results?search_query=docker+cp+host+to+container+hindi,https://youtube.com/results?search_query=docker+cp+host+to+container+kannada,https://youtube.com/results?search_query=docker+cp+host+to+container+tamil,https://youtube.com/results?search_query=docker+cp+host+to+container+telugu
Docker,Basic,What is Docker Desktop?,GUI interface,Development tool,Desktop application,A,Docker Desktop is a GUI application for Mac and Windows to run Docker.,Docker Desktop,https://www.docker.com/products/docker-desktop/,https://youtube.com/results?search_query=docker+desktop,https://youtube.com/results?search_query=docker+desktop+hindi,https://youtube.com/results?search_query=docker+desktop+kannada,https://youtube.com/results?search_query=docker+desktop+tamil,https://youtube.com/results?search_query=docker+desktop+telugu
Docker,Basic,What is Docker Engine?,Core component,Runtime,Daemon,A,Docker Engine is the core Docker application that runs containers.,Docker Engine,https://docs.docker.com/engine/,https://youtube.com/results?search_query=docker+engine,https://youtube.com/results?search_query=docker+engine+hindi,https://youtube.com/results?search_query=docker+engine+kannada,https://youtube.com/results?search_query=docker+engine+tamil,https://youtube.com/results?search_query=docker+engine+telugu
Docker,Basic,What is Docker Daemon?,Background service,Server process,A,Docker Daemon is the background service that manages Docker objects.,Docker Engine,https://docs.docker.com/engine/docker-overview/#docker-daemon,https://youtube.com/results?search_query=docker+daemon,https://youtube.com/results?search_query=docker+daemon+hindi,https://youtube.com/results?search_query=docker+daemon+kannada,https://youtube.com/results?search_query=docker+daemon+tamil,https://youtube.com/results?search_query=docker+daemon+telugu
Docker,Basic,What is Docker CLI?,Command line,Interface,Terminal,A,Docker CLI is the command-line interface for interacting with Docker.,Docker CLI,https://docs.docker.com/engine/reference/commandline/cli/,https://youtube.com/results?search_query=docker+cli,https://youtube.com/results?search_query=docker+cli+hindi,https://youtube.com/results?search_query=docker+cli+kannada,https://youtube.com/results?search_query=docker+cli+tamil,https://youtube.com/results?search_query=docker+cli+telugu
Docker,Basic,How do you run a container with a specific name?,Container naming,Identification,Custom names,A,docker run --name CONTAINER_NAME IMAGE_NAME,Commands,https://docs.docker.com/engine/reference/commandline/run/,https://youtube.com/results?search_query=docker+run+with+name,https://youtube.com/results?search_query=docker+run+with+name+hindi,https://youtube.com/results?search_query=docker+run+with+name+kannada,https://youtube.com/results?search_query=docker+run+with+name+tamil,https://youtube.com/results?search_query=docker+run+with+name+telugu
Docker,Basic,How do you run a container with resource limits?,Resource limits,Constraints,CPU/Memory,A,docker run --memory=512m --cpus=1 IMAGE_NAME,Commands,https://docs.docker.com/engine/reference/commandline/run/,https://youtube.com/results?search_query=docker+resource+limits,https://youtube.com/results?search_query=docker+resource+limits+hindi,https://youtube.com/results?search_query=docker+resource+limits+kannada,https://youtube.com/results?search_query=docker+resource+limits+tamil,https://youtube.com/results?search_query=docker+resource+limits+telugu
Docker,Basic,What is the USER instruction in Dockerfile?,User context,Security,Privileges,A,USER sets the username or UID for subsequent instructions.,Dockerfile,https://docs.docker.com/engine/reference/builder/#user,https://youtube.com/results?search_query=docker+user+instruction,https://youtube.com/results?search_query=docker+user+instruction+hindi,https://youtube.com/results?search_query=docker+user+instruction+kannada,https://youtube.com/results?search_query=docker+user+instruction+tamil,https://youtube.com/results?search_query=docker+user+instruction+telugu
Docker,Basic,What is the ARG instruction in Dockerfile?,Build arguments,Variables,Parameters,A,ARG defines build-time variables that users can pass at build time.,Dockerfile,https://docs.docker.com/engine/reference/builder/#arg,https://youtube.com/results?search_query=docker+arg+instruction,https://youtube.com/results?search_query=docker+arg+instruction+hindi,https://youtube.com/results?search_query=docker+arg+instruction+kannada,https://youtube.com/results?search_query=docker+arg+instruction+tamil,https://youtube.com/results?search_query=docker+arg+instruction+telugu
Docker,Basic,What is the LABEL instruction in Dockerfile?,Metadata,Labels,Information,A,LABEL adds metadata to an image in key-value pairs.,Dockerfile,https://docs.docker.com/engine/reference/builder/#label,https://youtube.com/results?search_query=docker+label+instruction,https://youtube.com/results?search_query=docker+label+instruction+hindi,https://youtube.com/results?search_query=docker+label+instruction+kannada,https://youtube.com/results?search_query=docker+label+instruction+tamil,https://youtube.com/results?search_query=docker+label+instruction+telugu
Docker,Basic,What is the HEALTHCHECK instruction in Dockerfile?,Health monitoring,Container status,Readiness,A,HEALTHCHECK tells Docker how to test a container to check if it's working properly.,Dockerfile,https://docs.docker.com/engine/reference/builder/#healthcheck,https://youtube.com/results?search_query=docker+healthcheck,https://youtube.com/results?search_query=docker+healthcheck+hindi,https://youtube.com/results?search_query=docker+healthcheck+kannada,https://youtube.com/results?search_query=docker+healthcheck+tamil,https://youtube.com/results?search_query=docker+healthcheck+telugu
Docker,Basic,How do you inspect a Docker container?,Container inspection,Details,Information,A,docker inspect CONTAINER_ID,Commands,https://docs.docker.com/engine/reference/commandline/inspect/,https://youtube.com/results?search_query=docker+inspect,https://youtube.com/results?search_query=docker+inspect+hindi,https://youtube.com/results?search_query=docker+inspect+kannada,https://youtube.com/results?search_query=docker+inspect+tamil,https://youtube.com/results?search_query=docker+inspect+telugu
Docker,Basic,How do you inspect a Docker image?,Image inspection,Details,Information,A,docker inspect IMAGE_ID,Commands,https://docs.docker.com/engine/reference/commandline/inspect/,https://youtube.com/results?search_query=docker+inspect+image,https://youtube.com/results?search_query=docker+inspect+image+hindi,https://youtube.com/results?search_query=docker+inspect+image+kannada,https://youtube.com/results?search_query=docker+inspect+image+tamil,https://youtube.com/results?search_query=docker+inspect+image+telugu
Docker,Basic,How do you save a Docker image to a file?,Image export,Backup,Archive,A,docker save -o FILE_NAME.tar IMAGE_NAME,Commands,https://docs.docker.com/engine/reference/commandline/save/,https://youtube.com/results?search_query=docker+save,https://youtube.com/results?search_query=docker+save+hindi,https://youtube.com/results?search_query=docker+save+kannada,https://youtube.com/results?search_query=docker+save+tamil,https://youtube.com/results?search_query=docker+save+telugu
Docker,Basic,How do you load a Docker image from a file?,Image import,Restore,Load backup,A,docker load -i FILE_NAME.tar,Commands,https://docs.docker.com/engine/reference/commandline/load/,https://youtube.com/results?search_query=docker+load,https://youtube.com/results?search_query=docker+load+hindi,https://youtube.com/results?search_query=docker+load+kannada,https://youtube.com/results?search_query=docker+load+tamil,https://youtube.com/results?search_query=docker+load+telugu
Docker,Basic,What is Docker Swarm?,Orchestration,Clustering,Production,A,Docker Swarm is a native clustering and orchestration solution for Docker.,Docker Swarm,https://docs.docker.com/engine/swarm/,https://youtube.com/results?search_query=docker+swarm,https://youtube.com/results?search_query=docker+swarm+hindi,https://youtube.com/results?search_query=docker+swarm+kannada,https://youtube.com/results?search_query=docker+swarm+tamil,https://youtube.com/results?search_query=docker+swarm+telugu
Docker,Basic,How do you initialize Docker Swarm?,Swarm setup,Cluster initialization,A,docker swarm init,Commands,https://docs.docker.com/engine/reference/commandline/swarm_init/,https://youtube.com/results?search_query=docker+swarm+init,https://youtube.com/results?search_query=docker+swarm+init+hindi,https://youtube.com/results?search_query=docker+swarm+init+kannada,https://youtube.com/results?search_query=docker+swarm+init+tamil,https://youtube.com/results?search_query=docker+swarm+init+telugu
Docker,Basic,How do you join a Docker Swarm?,Swarm join,Node addition,A,docker swarm join --token TOKEN MANAGER_IP:PORT,Commands,https://docs.docker.com/engine/reference/commandline/swarm_join/,https://youtube.com/results?search_query=docker+swarm+join,https://youtube.com/results?search_query=docker+swarm+join+hindi,https://youtube.com/results?search_query=docker+swarm+join+kannada,https://youtube.com/results?search_query=docker+swarm+join+tamil,https://youtube.com/results?search_query=docker+swarm+join+telugu
Docker,Basic,What is a Docker registry?,Image storage,Repository server,A,A Docker registry stores Docker images.,Registry,https://docs.docker.com/registry/,https://youtube.com/results?search_query=docker+registry,https://youtube.com/results?search_query=docker+registry+hindi,https://youtube.com/results?search_query=docker+registry+kannada,https://youtube.com/results?search_query=docker+registry+tamil,https://youtube.com/results?search_query=docker+registry+telugu
Docker,Basic,How do you run a private Docker registry?,Private registry,Local repository,A,docker run -d -p 5000:5000 --name registry registry:2,Commands,https://docs.docker.com/registry/deploying/,https://youtube.com/results?search_query=docker+private+registry,https://youtube.com/results?search_query=docker+private+registry+hindi,https://youtube.com/results?search_query=docker+private+registry+kannada,https://youtube.com/results?search_query=docker+private+registry+tamil,https://youtube.com/results?search_query=docker+private+registry+telugu
Docker,Basic,What is Docker's default bridge network?,Default network,Connectivity,A,Docker's default bridge network is automatically created for containers to communicate.,Networking,https://docs.docker.com/network/bridge/,https://youtube.com/results?search_query=docker+bridge+network,https://youtube.com/results?search_query=docker+bridge+network+hindi,https://youtube.com/results?search_query=docker+bridge+network+kannada,https://youtube.com/results?search_query=docker+bridge+network+tamil,https://youtube.com/results?search_query=docker+bridge+network+telugu
Docker,Basic,How do you run a container with host networking?,Host network,Network mode,A,docker run --network=host IMAGE_NAME,Commands,https://docs.docker.com/network/host/,https://youtube.com/results?search_query=docker+host+network,https://youtube.com/results?search_query=docker+host+network+hindi,https://youtube.com/results?search_query=docker+host+network+kannada,https://youtube.com/results?search_query=docker+host+network+tamil,https://youtube.com/results?search_query=docker+host+network+telugu
Docker,Basic,What is a Dockerfile multi-stage build?,Multi-stage builds,Optimization,Size reduction,A,Multi-stage builds use multiple FROM statements to create smaller final images.,Dockerfile,https://docs.docker.com/develop/develop-images/multistage-build/,https://youtube.com/results?search_query=docker+multi+stage+build,https://youtube.com/results?search_query=docker+multi+stage+build+hindi,https://youtube.com/results?search_query=docker+multi+stage+build+kannada,https://youtube.com/results?search_query=docker+multi+stage+build+tamil,https://youtube.com/results?search_query=docker+multi+stage+build+telugu
Docker,Basic,How do you build an image with a specific Dockerfile?,Custom Dockerfile,Build file selection,A,docker build -f Dockerfile.custom -t IMAGE_NAME .,Commands,https://docs.docker.com/engine/reference/commandline/build/,https://youtube.com/results?search_query=docker+build+with+custom+file,https://youtube.com/results?search_query=docker+build+with+custom+file+hindi,https://youtube.com/results?search_query=docker+build+with+custom+file+kannada,https://youtube.com/results?search_query=docker+build+with+custom+file+tamil,https://youtube.com/results?search_query=docker+build+with+custom+file+telugu
Docker,Basic,How do you run a container with read-only filesystem?,Read-only,Security,Immutable,A,docker run --read-only IMAGE_NAME,Commands,https://docs.docker.com/engine/reference/commandline/run/,https://youtube.com/results?search_query=docker+read+only+container,https://youtube.com/results?search_query=docker+read+only+container+hindi,https://youtube.com/results?search_query=docker+read+only+container+kannada,https://youtube.com/results?search_query=docker+read+only+container+tamil,https://youtube.com/results?search_query=docker+read+only+container+telugu
Docker,Basic,How do you run a container with tmpfs mount?,Temporary filesystem,RAM disk,A,docker run --tmpfs /tmp IMAGE_NAME,Commands,https://docs.docker.com/engine/reference/commandline/run/,https://youtube.com/results?search_query=docker+tmpfs,https://youtube.com/results?search_query=docker+tmpfs+hindi,https://youtube.com/results?search_query=docker+tmpfs+kannada,https://youtube.com/results?search_query=docker+tmpfs+tamil,https://youtube.com/results?search_query=docker+tmpfs+telugu
Docker,Basic,What is the STOPSIGNAL instruction in Dockerfile?,Stop signal,Termination,Process signal,A,STOPSIGNAL sets the system call signal that will be sent to the container to exit.,Dockerfile,https://docs.docker.com/engine/reference/builder/#stopsignal,https://youtube.com/results?search_query=docker+stopsignal,https://youtube.com/results?search_query=docker+stopsignal+hindi,https://youtube.com/results?search_query=docker+stopsignal+kannada,https://youtube.com/results?search_query=docker+stopsignal+tamil,https://youtube.com/results?search_query=docker+stopsignal+telugu
Docker,Basic,What is the SHELL instruction in Dockerfile?,Shell configuration,Command interpreter,A,SHELL allows the default shell used for the shell form of commands to be overridden.,Dockerfile,https://docs.docker.com/engine/reference/builder/#shell,https://youtube.com/results?search_query=docker+shell+instruction,https://youtube.com/results?search_query=docker+shell+instruction+hindi,https://youtube.com/results?search_query=docker+shell+instruction+kannada,https://youtube.com/results?search_query=docker+shell+instruction+tamil,https://youtube.com/results?search_query=docker+shell+instruction+telugu
Docker,Basic,How do you run Docker Compose in detached mode?,Compose background,Detached,A,docker-compose up -d,Commands,https://docs.docker.com/compose/reference/up/,https://youtube.com/results?search_query=docker+compose+detached,https://youtube.com/results?search_query=docker+compose+detached+hindi,https://youtube.com/results?search_query=docker+compose+detached+kannada,https://youtube.com/results?search_query=docker+compose+detached+tamil,https://youtube.com/results?search_query=docker+compose+detached+telugu
Docker,Basic,How do you build images with Docker Compose?,Compose build,Image creation,A,docker-compose build,Commands,https://docs.docker.com/compose/reference/build/,https://youtube.com/results?search_query=docker+compose+build,https://youtube.com/results?search_query=docker+compose+build+hindi,https://youtube.com/results?search_query=docker+compose+build+kannada,https://youtube.com/results?search_query=docker+compose+build+tamil,https://youtube.com/results?search_query=docker+compose+build+telugu
Docker,Basic,How do you view logs for Docker Compose services?,Compose logs,Service output,A,docker-compose logs,Commands,https://docs.docker.com/compose/reference/logs/,https://youtube.com/results?search_query=docker+compose+logs,https://youtube.com/results?search_query=docker+compose+logs+hindi,https://youtube.com/results?search_query=docker+compose+logs+kannada,https://youtube.com/results?search_query=docker+compose+logs+tamil,https://youtube.com/results?search_query=docker+compose+logs+telugu
Docker,Basic,What is Docker's build cache?,Build optimization,Caching,Performance,A,Docker's build cache stores intermediate layers to speed up subsequent builds.,Build Process,https://docs.docker.com/develop/develop-images/dockerfile_best-practices/#leverage-build-cache,https://youtube.com/results?search_query=docker+build+cache,https://youtube.com/results?search_query=docker+build+cache+hindi,https://youtube.com/results?search_query=docker+build+cache+kannada,https://youtube.com/results?search_query=docker+build+cache+tamil,https://youtube.com/results?search_query=docker+build+cache+telugu
Docker,Basic,How do you clear Docker's build cache?,Cache cleanup,Build reset,A,docker builder prune,Commands,https://docs.docker.com/engine/reference/commandline/builder_prune/,https://youtube.com/results?search_query=docker+clear+build+cache,https://youtube.com/results?search_query=docker+clear+build+cache+hindi,https://youtube.com/results?search_query=docker+clear+build+cache+kannada,https://youtube.com/results?search_query=docker+clear+build+cache+tamil,https://youtube.com/results?search_query=docker+clear+build+cache+telugu
Docker,Basic,What is Docker Content Trust?,Security,Image verification,Trust,A,Docker Content Trust provides digital signing for images to ensure authenticity.,Security,https://docs.docker.com/engine/security/trust/,https://youtube.com/results?search_query=docker+content+trust,https://youtube.com/results?search_query=docker+content+trust+hindi,https://youtube.com/results?search_query=docker+content+trust+kannada,https://youtube.com/results?search_query=docker+content+trust+tamil,https://youtube.com/results?search_query=docker+content+trust+telugu
Docker,Basic,How do you enable Docker Content Trust?,Trust enable,Security feature,A,export DOCKER_CONTENT_TRUST=1,Commands,https://docs.docker.com/engine/security/trust/,https://youtube.com/results?search_query=docker+enable+content+trust,https://youtube.com/results?search_query=docker+enable+content+trust+hindi,https://youtube.com/results?search_query=docker+enable+content+trust+kannada,https://youtube.com/results?search_query=docker+enable+content+trust+tamil,https://youtube.com/results?search_query=docker+enable+content+trust+telugu
Docker,Basic,What is Docker's official image repository?,Official images,Verified images,A,Docker Hub's Official Images are curated, secure, and maintained by Docker.,Docker Hub,https://hub.docker.com/search?q=&type=image&image_filter=official,https://youtube.com/results?search_query=docker+official+images,https://youtube.com/results?search_query=docker+official+images+hindi,https://youtube.com/results?search_query=docker+official+images+kannada,https://youtube.com/results?search_query=docker+official+images+tamil,https://youtube.com/results?search_query=docker+official+images+telugu
Docker,Basic,How do you search for Docker images in registry?,Image search,Repository search,A,docker search IMAGE_NAME,Commands,https://docs.docker.com/engine/reference/commandline/search/,https://youtube.com/results?search_query=docker+search,https://youtube.com/results?search_query=docker+search+hindi,https://youtube.com/results?search_query=docker+search+kannada,https://youtube.com/results?search_query=docker+search+tamil,https://youtube.com/results?search_query=docker+search+telugu
Docker,Basic,What is the difference between docker stop and docker kill?,Container termination,Stop vs kill,A,docker stop sends SIGTERM then SIGKILL after grace period; docker kill sends SIGKILL immediately.,Commands,https://docs.docker.com/engine/reference/commandline/stop/,https://youtube.com/results?search_query=docker+stop+vs+kill,https://youtube.com/results?search_query=docker+stop+vs+kill+hindi,https://youtube.com/results?search_query=docker+stop+vs+kill+kannada,https://youtube.com/results?search_query=docker+stop+vs+kill+tamil,https://youtube.com/results?search_query=docker+stop+vs+kill+telugu
Docker,Basic,How do you run a container with auto-restart policy?,Auto-restart,Recovery,Resilience,A,docker run --restart always IMAGE_NAME,Commands,https://docs.docker.com/engine/reference/commandline/run/,https://youtube.com/results?search_query=docker+auto+restart,https://youtube.com/results?search_query=docker+auto+restart+hindi,https://youtube.com/results?search_query=docker+auto+restart+kannada,https://youtube.com/results?search_query=docker+auto+restart+tamil,https://youtube.com/results?search_query=docker+auto+restart+telugu
Docker,Basic,What are Docker container restart policies?,Restart policies,Recovery options,A,always, unless-stopped, on-failure, no (default).,Containers,https://docs.docker.com/engine/reference/commandline/run/#restart-policies---restart,https://youtube.com/results?search_query=docker+restart+policies,https://youtube.com/results?search_query=docker+restart+policies+hindi,https://youtube.com/results?search_query=docker+restart+policies+kannada,https://youtube.com/results?search_query=docker+restart+policies+tamil,https://youtube.com/results?search_query=docker+restart+policies+telugu
Docker,Basic,How do you view Docker events in real-time?,Events monitoring,System events,A,docker events,Commands,https://docs.docker.com/engine/reference/commandline/events/,https://youtube.com/results?search_query=docker+events,https://youtube.com/results?search_query=docker+events+hindi,https://youtube.com/results?search_query=docker+events+kannada,https://youtube.com/results?search_query=docker+events+tamil,https://youtube.com/results?search_query=docker+events+telugu
Docker,Basic,What is Docker's layered filesystem?,Layers,Image structure,Union filesystem,A,Docker uses a layered filesystem where each instruction creates a new layer, enabling efficient storage.,Images,https://docs.docker.com/storage/storagedriver/,https://youtube.com/results?search_query=docker+layered+filesystem,https://youtube.com/results?search_query=docker+layered+filesystem+hindi,https://youtube.com/results?search_query=docker+layered+filesystem+kannada,https://youtube.com/results?search_query=docker+layered+filesystem+tamil,https://youtube.com/results?search_query=docker+layered+filesystem+telugu