Flutter,Basic,What is Flutter and what makes it different from other frameworks?,Framework basics,Cross-platform,Mobile development,Google framework,A,Flutter is Google's UI toolkit for natively compiled apps from a single codebase, using Dart language and widget-based architecture.,Introduction,https://flutter.dev/docs,https://youtube.com/results?search_query=what+is+flutter,https://youtube.com/results?search_query=what+is+flutter+hindi,https://youtube.com/results?search_query=what+is+flutter+kannada,https://youtube.com/results?search_query=what+is+flutter+tamil,https://youtube.com/results?search_query=what+is+flutter+telugu
Flutter,Basic,How do you create a new Flutter project?,Project setup,CLI commands,Initialization,New project,A,Use "flutter create project_name" in terminal or IDE's Flutter project creation wizard.,Setup,https://flutter.dev/docs/get-started/test-drive,https://youtube.com/results?search_query=flutter+create+new+project,https://youtube.com/results?search_query=flutter+create+new+project+hindi,https://youtube.com/results?search_query=flutter+create+new+project+kannada,https://youtube.com/results?search_query=flutter+create+new+project+tamil,https://youtube.com/results?search_query=flutter+create+new+project+telugu
Flutter,Basic,What is the main() function in a Flutter app?,Entry point,App startup,Main function,Program start,A,main() is the entry point of every Flutter app, where runApp() is called to start the application.,Basics,https://flutter.dev/docs/development/ui/widgets-intro,https://youtube.com/results?search_query=flutter+main+function,https://youtube.com/results?search_query=flutter+main+function+hindi,https://youtube.com/results?search_query=flutter+main+function+kannada,https://youtube.com/results?search_query=flutter+main+function+tamil,https://youtube.com/results?search_query=flutter+main+function+telugu
Flutter,Basic,What is a Widget in Flutter?,UI components,Building blocks,User interface,Widget basics,A,Widgets are reusable UI components that describe what the app's view should look like.,Widgets,https://flutter.dev/docs/development/ui/widgets,https://youtube.com/results?search_query=flutter+widgets+explained,https://youtube.com/results?search_query=flutter+widgets+explained+hindi,https://youtube.com/results?search_query=flutter+widgets+explained+kannada,https://youtube.com/results?search_query=flutter+widgets+explained+tamil,https://youtube.com/results?search_query=flutter+widgets+explained+telugu
Flutter,Basic,How do you display text in Flutter?,Text display,UI elements,Text widget,Basic UI,A,Use the Text('Your text') widget to display text on screen.,Widgets,https://api.flutter.dev/flutter/widgets/Text-class.html,https://youtube.com/results?search_query=flutter+text+widget,https://youtube.com/results?search_query=flutter+text+widget+hindi,https://youtube.com/results?search_query=flutter+text+widget+kannada,https://youtube.com/results?search_query=flutter+text+widget+tamil,https://youtube.com/results?search_query=flutter+text+widget+telugu
Flutter,Basic,What is the difference between Stateless and Stateful widgets?,Widget types,State management,UI updates,Reactivity,A,Stateless widgets are immutable; Stateful widgets can change state and trigger UI updates.,Widgets,https://flutter.dev/docs/development/ui/interactive,https://youtube.com/results?search_query=flutter+stateless+vs+stateful,https://youtube.com/results?search_query=flutter+stateless+vs+stateful+hindi,https://youtube.com/results?search_query=flutter+stateless+vs+stateful+kannada,https://youtube.com/results?search_query=flutter+stateless+vs+stateful+tamil,https://youtube.com/results?search_query=flutter+stateless+vs+stateful+telugu
Flutter,Basic,How do you add an image to your Flutter app?,Image display,Asset management,Visual content,Media,A,Use Image.asset('path/to/image.png') for local images or Image.network('url') for web images.,Widgets,https://flutter.dev/docs/cookbook/images,https://youtube.com/results?search_query=flutter+add+image,https://youtube.com/results?search_query=flutter+add+image+hindi,https://youtube.com/results?search_query=flutter+add+image+kannada,https://youtube.com/results?search_query=flutter+add+image+tamil,https://youtube.com/results?search_query=flutter+add+image+telugu
Flutter,Basic,What is the Scaffold widget used for?,App structure,Layout skeleton,Material design,Page framework,A,Scaffold provides basic Material Design visual layout structure like app bars, drawers, and snackbars.,Layout,https://api.flutter.dev/flutter/material/Scaffold-class.html,https://youtube.com/results?search_query=flutter+scaffold+widget,https://youtube.com/results?search_query=flutter+scaffold+widget+hindi,https://youtube.com/results?search_query=flutter+scaffold+widget+kannada,https://youtube.com/results?search_query=flutter+scaffold+widget+tamil,https://youtube.com/results?search_query=flutter+scaffold+widget+telugu
Flutter,Basic,How do you create a button in Flutter?,User interaction,Buttons,Input controls,Click events,A,Use ElevatedButton, TextButton, or IconButton widgets with onPressed callback.,Widgets,https://flutter.dev/docs/development/ui/widgets/material,https://youtube.com/results?search_query=flutter+button+creation,https://youtube.com/results?search_query=flutter+button+creation+hindi,https://youtube.com/results?search_query=flutter+button+creation+kannada,https://youtube.com/results?search_query=flutter+button+creation+tamil,https://youtube.com/results?search_query=flutter+button+creation+telugu
Flutter,Basic,What is the purpose of the pubspec.yaml file?,Dependency management,Project configuration,Asset declaration,Package control,A,Manages project dependencies, assets, fonts, and metadata for the Flutter application.,Setup,https://flutter.dev/docs/development/packages-and-plugins/using-packages,https://youtube.com/results?search_query=flutter+pubspec+yaml,https://youtube.com/results?search_query=flutter+pubspec+yaml+hindi,https://youtube.com/results?search_query=flutter+pubspec+yaml+kannada,https://youtube.com/results?search_query=flutter+pubspec+yaml+tamil,https://youtube.com/results?search_query=flutter+pubspec+yaml+telugu
Flutter,Basic,How do you add padding around a widget?,Layout spacing,UI positioning,Margin/padding,Design spacing,A,Use Padding widget with EdgeInsets or Container widget with padding property.,Layout,https://api.flutter.dev/flutter/widgets/Padding-class.html,https://youtube.com/results?search_query=flutter+padding+widget,https://youtube.com/results?search_query=flutter+padding+widget+hindi,https://youtube.com/results?search_query=flutter+padding+widget+kannada,https://youtube.com/results?search_query=flutter+padding+widget+tamil,https://youtube.com/results?search_query=flutter+padding+widget+telugu
Flutter,Basic,What is the Column widget used for?,Vertical layout,Widget arrangement,UI structure,Layout containers,A,Column arranges its children vertically in a linear direction from top to bottom.,Layout,https://api.flutter.dev/flutter/widgets/Column-class.html,https://youtube.com/results?search_query=flutter+column+widget,https://youtube.com/results?search_query=flutter+column+widget+hindi,https://youtube.com/results?search_query=flutter+column+widget+kannada,https://youtube.com/results?search_query=flutter+column+widget+tamil,https://youtube.com/results?search_query=flutter+column+widget+telugu
Flutter,Basic,What is the Row widget used for?,Horizontal layout,Widget arrangement,UI structure,Layout containers,A,Row arranges its children horizontally in a linear direction from left to right.,Layout,https://api.flutter.dev/flutter/widgets/Row-class.html,https://youtube.com/results?search_query=flutter+row+widget,https://youtube.com/results?search_query=flutter+row+widget+hindi,https://youtube.com/results?search_query=flutter+row+widget+kannada,https://youtube.com/results?search_query=flutter+row+widget+tamil,https://youtube.com/results?search_query=flutter+row+widget+telugu
Flutter,Basic,How do you create a list of items in Flutter?,Lists,Scrollable content,Data display,Repeated widgets,A,Use ListView.builder for dynamic lists or ListView with children for static lists.,Widgets,https://flutter.dev/docs/cookbook/lists/basic-list,https://youtube.com/results?search_query=flutter+listview+widget,https://youtube.com/results?search_query=flutter+listview+widget+hindi,https://youtube.com/results?search_query=flutter+listview+widget+kannada,https://youtube.com/results?search_query=flutter+listview+widget+tamil,https://youtube.com/results?search_query=flutter+listview+widget+telugu
Flutter,Basic,What is the Container widget used for?,Layout container,Box styling,Widget wrapper,UI decoration,A,Container is a versatile widget for styling, positioning, and sizing its child widget.,Layout,https://api.flutter.dev/flutter/widgets/Container-class.html,https://youtube.com/results?search_query=flutter+container+widget,https://youtube.com/results?search_query=flutter+container+widget+hindi,https://youtube.com/results?search_query=flutter+container+widget+kannada,https://youtube.com/results?search_query=flutter+container+widget+tamil,https://youtube.com/results?search_query=flutter+container+widget+telugu
Flutter,Basic,How do you navigate between screens in Flutter?,Screen navigation,Routing,Page transitions,App flow,A,Use Navigator.push() to go to new screen and Navigator.pop() to return to previous screen.,Navigation,https://flutter.dev/docs/cookbook/navigation/navigation-basics,https://youtube.com/results?search_query=flutter+navigation+basics,https://youtube.com/results?search_query=flutter+navigation+basics+hindi,https://youtube.com/results?search_query=flutter+navigation+basics+kannada,https://youtube.com/results?search_query=flutter+navigation+basics+tamil,https://youtube.com/results?search_query=flutter+navigation+basics+telugu
Flutter,Basic,What is the AppBar widget used for?,Top navigation,App header,Action buttons,Title display,A,AppBar provides a top app bar with title, actions, and navigation controls in Material Design.,Widgets,https://api.flutter.dev/flutter/material/AppBar-class.html,https://youtube.com/results?search_query=flutter+appbar+widget,https://youtube.com/results?search_query=flutter+appbar+widget+hindi,https://youtube.com/results?search_query=flutter+appbar+widget+kannada,https://youtube.com/results?search_query=flutter+appbar+widget+tamil,https://youtube.com/results?search_query=flutter+appbar+widget+telugu
Flutter,Basic,How do you add icons to your Flutter app?,Icon display,Visual symbols,Material icons,UI symbols,A,Use Icon widget with Icons.class_name (like Icons.home) for Material icons.,Widgets,https://api.flutter.dev/flutter/material/Icons-class.html,https://youtube.com/results?search_query=flutter+icons+usage,https://youtube.com/results?search_query=flutter+icons+usage+hindi,https://youtube.com/results?search_query=flutter+icons+usage+kannada,https://youtube.com/results?search_query=flutter+icons+usage+tamil,https://youtube.com/results?search_query=flutter+icons+usage+telugu
Flutter,Basic,What is the Center widget used for?,Alignment positioning,Centering content,Layout control,UI alignment,A,Center aligns its child widget both horizontally and vertically in the available space.,Layout,https://api.flutter.dev/flutter/widgets/Center-class.html,https://youtube.com/results?search_query=flutter+center+widget,https://youtube.com/results?search_query=flutter+center+widget+hindi,https://youtube.com/results?search_query=flutter+center+widget+kannada,https://youtube.com/results?search_query=flutter+center+widget+tamil,https://youtube.com/results?search_query=flutter+center+widget+telugu
Flutter,Basic,How do you create a text input field in Flutter?,User input,Forms,Text fields,Data entry,A,Use TextField or TextFormField widgets for text input with various customization options.,Widgets,https://flutter.dev/docs/cookbook/forms/text-input,https://youtube.com/results?search_query=flutter+textfield+widget,https://youtube.com/results?search_query=flutter+textfield+widget+hindi,https://youtube.com/results?search_query=flutter+textfield+widget+kannada,https://youtube.com/results?search_query=flutter+textfield+widget+tamil,https://youtube.com/results?search_query=flutter+textfield+widget+telugu
Flutter,Basic,What is hot reload in Flutter?,Development feature,Quick updates,Developer experience,Live updates,A,Hot reload instantly updates the running app with code changes without restarting.,Development,https://flutter.dev/docs/development/tools/hot-reload,https://youtube.com/results?search_query=flutter+hot+reload,https://youtube.com/results?search_query=flutter+hot+reload+hindi,https://youtube.com/results?search_query=flutter+hot+reload+kannada,https://youtube.com/results?search_query=flutter+hot+reload+tamil,https://youtube.com/results?search_query=flutter+hot+reload+telugu
Flutter,Basic,How do you change text color in Flutter?,Text styling,Color customization,UI theming,Visual design,A,Use style property of Text widget with TextStyle(color: Colors.red).,Styling,https://api.flutter.dev/flutter/painting/TextStyle-class.html,https://youtube.com/results?search_query=flutter+text+color,https://youtube.com/results?search_query=flutter+text+color+hindi,https://youtube.com/results?search_query=flutter+text+color+kannada,https://youtube.com/results?search_query=flutter+text+color+tamil,https://youtube.com/results?search_query=flutter+text+color+telugu
Flutter,Basic,What is the MaterialApp widget used for?,App configuration,Material design,Theme setup,App wrapper,A,MaterialApp sets up the fundamental Material Design components and app-wide configuration.,Widgets,https://api.flutter.dev/flutter/material/MaterialApp-class.html,https://youtube.com/results?search_query=flutter+materialapp+widget,https://youtube.com/results?search_query=flutter+materialapp+widget+hindi,https://youtube.com/results?search_query=flutter+materialapp+widget+kannada,https://youtube.com/results?search_query=flutter+materialapp+widget+tamil,https://youtube.com/results?search_query=flutter+materialapp+widget+telugu
Flutter,Basic,How do you add a background color to a widget?,Background styling,Color filling,Visual design,UI theming,A,Use Container with color property or BoxDecoration with color for background colors.,Styling,https://flutter.dev/docs/cookbook/design/theme,https://youtube.com/results?search_query=flutter+background+color,https://youtube.com/results?search_query=flutter+background+color+hindi,https://youtube.com/results?search_query=flutter+background+color+kannada,https://youtube.com/results?search_query=flutter+background+color+tamil,https://youtube.com/results?search_query=flutter+background+color+telugu
Flutter,Basic,What is the Expanded widget used for?,Layout expansion,Flexible sizing,Space allocation,Responsive design,A,Expanded widget makes a child of Row or Column expand to fill available space.,Layout,https://api.flutter.dev/flutter/widgets/Expanded-class.html,https://youtube.com/results?search_query=flutter+expanded+widget,https://youtube.com/results?search_query=flutter+expanded+widget+hindi,https://youtube.com/results?search_query=flutter+expanded+widget+kannada,https://youtube.com/results?search_query=flutter+expanded+widget+tamil,https://youtube.com/results?search_query=flutter+expanded+widget+telugu
Flutter,Basic,How do you create a simple alert dialog in Flutter?,Dialogs,User prompts,Alert messages,Popups,A,Use showDialog() with AlertDialog widget to display simple alert messages.,Widgets,https://flutter.dev/docs/cookbook/design/dialogs,https://youtube.com/results?search_query=flutter+alert+dialog,https://youtube.com/results?search_query=flutter+alert+dialog+hindi,https://youtube.com/results?search_query=flutter+alert+dialog+kannada,https://youtube.com/results?search_query=flutter+alert+dialog+tamil,https://youtube.com/results?search_query=flutter+alert+dialog+telugu
Flutter,Basic,What is the SizedBox widget used for?,Fixed sizing,Space management,Layout spacing,Dimension control,A,SizedBox creates a box of fixed dimensions, either for spacing or constraining child size.,Layout,https://api.flutter.dev/flutter/widgets/SizedBox-class.html,https://youtube.com/results?search_query=flutter+sizedbox+widget,https://youtube.com/results?search_query=flutter+sizedbox+widget+hindi,https://youtube.com/results?search_query=flutter+sizedbox+widget+kannada,https://youtube.com/results?search_query=flutter+sizedbox+widget+tamil,https://youtube.com/results?search_query=flutter+sizedbox+widget+telugu
Flutter,Basic,How do you add margins around a widget?,Layout spacing,UI positioning,Margin control,Design spacing,A,Use Container with margin property or Padding widget for margins.,Layout,https://api.flutter.dev/flutter/widgets/Container/margin.html,https://youtube.com/results?search_query=flutter+margin+widget,https://youtube.com/results?search_query=flutter+margin+widget+hindi,https://youtube.com/results?search_query=flutter+margin+widget+kannada,https://youtube.com/results?search_query=flutter+margin+widget+tamil,https://youtube.com/results?search_query=flutter+margin+widget+telugu
Flutter,Basic,What is the Stack widget used for?,Overlay layout,Widget layering,Positioned elements,UI stacking,A,Stack overlays multiple widgets on top of each other, allowing precise positioning.,Layout,https://api.flutter.dev/flutter/widgets/Stack-class.html,https://youtube.com/results?search_query=flutter+stack+widget,https://youtube.com/results?search_query=flutter+stack+widget+hindi,https://youtube.com/results?search_query=flutter+stack+widget+kannada,https://youtube.com/results?search_query=flutter+stack+widget+tamil,https://youtube.com/results?search_query=flutter+stack+widget+telugu
Flutter,Basic,How do you make a widget clickable in Flutter?,User interaction,Tap events,Click handling,Gesture detection,A,Wrap widget with GestureDetector or InkWell for tap/click interactions.,Widgets,https://api.flutter.dev/flutter/widgets/GestureDetector-class.html,https://youtube.com/results?search_query=flutter+clickable+widget,https://youtube.com/results?search_query=flutter+clickable+widget+hindi,https://youtube.com/results?search_query=flutter+clickable+widget+kannada,https://youtube.com/results?search_query=flutter+clickable+widget+tamil,https://youtube.com/results?search_query=flutter+clickable+widget+telugu
Flutter,Basic,What is the ListTile widget used for?,List items,Material design,Detailed rows,Information display,A,ListTile provides a fixed-height row with leading/trailing icons and title/subtitle.,Widgets,https://api.flutter.dev/flutter/material/ListTile-class.html,https://youtube.com/results?search_query=flutter+listtile+widget,https://youtube.com/results?search_query=flutter+listtile+widget+hindi,https://youtube.com/results?search_query=flutter+listtile+widget+kannada,https://youtube.com/results?search_query=flutter+listtile+widget+tamil,https://youtube.com/results?search_query=flutter+listtile+widget+telugu
Flutter,Basic,How do you change the font size of text in Flutter?,Text styling,Typography,Font sizing,Readability,A,Use TextStyle with fontSize property: Text('Hello', style: TextStyle(fontSize: 20)),Styling,https://api.flutter.dev/flutter/painting/TextStyle/fontSize.html,https://youtube.com/results?search_query=flutter+font+size,https://youtube.com/results?search_query=flutter+font+size+hindi,https://youtube.com/results?search_query=flutter+font+size+kannada,https://youtube.com/results?search_query=flutter+font+size+tamil,https://youtube.com/results?search_query=flutter+font+size+telugu
Flutter,Basic,What is the Divider widget used for?,Visual separation,Section dividers,UI organization,Layout structure,A,Divider creates a horizontal line to separate content visually.,Widgets,https://api.flutter.dev/flutter/material/Divider-class.html,https://youtube.com/results?search_query=flutter+divider+widget,https://youtube.com/results?search_query=flutter+divider+widget+hindi,https://youtube.com/results?search_query=flutter+divider+widget+kannada,https://youtube.com/results?search_query=flutter+divider+widget+tamil,https://youtube.com/results?search_query=flutter+divider+widget+telugu
Flutter,Basic,How do you create a checkbox in Flutter?,Form inputs,Selection controls,Boolean input,Toggle options,A,Use Checkbox widget with value and onChanged properties for selection.,Widgets,https://api.flutter.dev/flutter/material/Checkbox-class.html,https://youtube.com/results?search_query=flutter+checkbox+widget,https://youtube.com/results?search_query=flutter+checkbox+widget+hindi,https://youtube.com/results?search_query=flutter+checkbox+widget+kannada,https://youtube.com/results?search_query=flutter+checkbox+widget+tamil,https://youtube.com/results?search_query=flutter+checkbox+widget+telugu
Flutter,Basic,What is the CircularProgressIndicator widget used for?,Loading indicators,Progress feedback,Activity indication,Wait states,A,Displays a circular progress indicator for loading or processing states.,Widgets,https://api.flutter.dev/flutter/material/CircularProgressIndicator-class.html,https://youtube.com/results?search_query=flutter+circularprogressindicator,https://youtube.com/results?search_query=flutter+circularprogressindicator+hindi,https://youtube.com/results?search_query=flutter+circularprogressindicator+kannada,https://youtube.com/results?search_query=flutter+circularprogressindicator+tamil,https://youtube.com/results?search_query=flutter+circularprogressindicator+telugu
Flutter,Basic,How do you create a dropdown menu in Flutter?,Selection menus,Form inputs,Choice selection,UI controls,A,Use DropdownButton widget with items and onChanged properties.,Widgets,https://api.flutter.dev/flutter/material/DropdownButton-class.html,https://youtube.com/results?search_query=flutter+dropdown+button,https://youtube.com/results?search_query=flutter+dropdown+button+hindi,https://youtube.com/results?search_query=flutter+dropdown+button+kannada,https://youtube.com/results?search_query=flutter+dropdown+button+tamil,https://youtube.com/results?search_query=flutter+dropdown+button+telugu
Flutter,Basic,What is the SafeArea widget used for?,Screen safety,Notch avoidance,UI protection,Device adaptation,A,SafeArea ensures child widgets aren't obscured by device notches or system UI.,Layout,https://api.flutter.dev/flutter/widgets/SafeArea-class.html,https://youtube.com/results?search_query=flutter+safearea+widget,https://youtube.com/results?search_query=flutter+safearea+widget+hindi,https://youtube.com/results?search_query=flutter+safearea+widget+kannada,https://youtube.com/results?search_query=flutter+safearea+widget+tamil,https://youtube.com/results?search_query=flutter+safearea+widget+telugu
Flutter,Basic,How do you add a border to a widget?,Visual styling,Border decoration,UI framing,Box styling,A,Use Container with decoration: BoxDecoration(border: Border.all()),Styling,https://api.flutter.dev/flutter/painting/BoxDecoration-class.html,https://youtube.com/results?search_query=flutter+add+border,https://youtube.com/results?search_query=flutter+add+border+hindi,https://youtube.com/results?search_query=flutter+add+border+kannada,https://youtube.com/results?search_query=flutter+add+border+tamil,https://youtube.com/results?search_query=flutter+add+border+telugu
Flutter,Basic,What is the Spacer widget used for?,Flexible spacing,Layout distribution,Space allocation,Responsive design,A,Spacer creates adjustable empty space that expands to fill available space.,Layout,https://api.flutter.dev/flutter/widgets/Spacer-class.html,https://youtube.com/results?search_query=flutter+spacer+widget,https://youtube.com/results?search_query=flutter+spacer+widget+hindi,https://youtube.com/results?search_query=flutter+spacer+widget+kannada,https://youtube.com/results?search_query=flutter+spacer+widget+tamil,https://youtube.com/results?search_query=flutter+spacer+widget+telugu
Flutter,Basic,How do you create a radio button in Flutter?,Selection controls,Form inputs,Single choice,Mutually exclusive,A,Use Radio widget within RadioGroup for single selection from multiple options.,Widgets,https://api.flutter.dev/flutter/material/Radio-class.html,https://youtube.com/results?search_query=flutter+radio+button,https://youtube.com/results?search_query=flutter+radio+button+hindi,https://youtube.com/results?search_query=flutter+radio+button+kannada,https://youtube.com/results?search_query=flutter+radio+button+tamil,https://youtube.com/results?search_query=flutter+radio+button+telugu
Flutter,Basic,What is the Card widget used for?,Material design,Content containers,Elevated panels,Information cards,A,Card creates a Material Design card with rounded corners and elevation shadow.,Widgets,https://api.flutter.dev/flutter/material/Card-class.html,https://youtube.com/results?search_query=flutter+card+widget,https://youtube.com/results?search_query=flutter+card+widget+hindi,https://youtube.com/results?search_query=flutter+card+widget+kannada,https://youtube.com/results?search_query=flutter+card+widget+tamil,https://youtube.com/results?search_query=flutter+card+widget+telugu
Flutter,Basic,How do you create a switch/toggle in Flutter?,Toggle controls,Form inputs,Binary switches,On/Off states,A,Use Switch widget with value and onChanged properties for toggle functionality.,Widgets,https://api.flutter.dev/flutter/material/Switch-class.html,https://youtube.com/results?search_query=flutter+switch+widget,https://youtube.com/results?search_query=flutter+switch+widget+hindi,https://youtube.com/results?search_query=flutter+switch+widget+kannada,https://youtube.com/results?search_query=flutter+switch+widget+tamil,https://youtube.com/results?search_query=flutter+switch+widget+telugu
Flutter,Basic,What is the Flexible widget used for?,Responsive layout,Flexible sizing,Space distribution,Adaptive design,A,Flexible makes a child of Row/Column flexible with flex factor for space distribution.,Layout,https://api.flutter.dev/flutter/widgets/Flexible-class.html,https://youtube.com/results?search_query=flutter+flexible+widget,https://youtube.com/results?search_query=flutter+flexible+widget+hindi,https://youtube.com/results?search_query=flutter+flexible+widget+kannada,https://youtube.com/results?search_query=flutter+flexible+widget+tamil,https://youtube.com/results?search_query=flutter+flexible+widget+telugu
Flutter,Basic,How do you create a slider in Flutter?,Range input,Value selection,Continuous adjustment,UI controls,A,Use Slider widget with value, min, max, and onChanged properties.,Widgets,https://api.flutter.dev/flutter/material/Slider-class.html,https://youtube.com/results?search_query=flutter+slider+widget,https://youtube.com/results?search_query=flutter+slider+widget+hindi,https://youtube.com/results?search_query=flutter+slider+widget+kannada,https://youtube.com/results?search_query=flutter+slider+widget+tamil,https://youtube.com/results?search_query=flutter+slider+widget+telugu
Flutter,Basic,What is the RichText widget used for?,Styled text,Text formatting,Mixed styles,Complex text,A,RichText displays text with multiple styles using TextSpan children.,Widgets,https://api.flutter.dev/flutter/widgets/RichText-class.html,https://youtube.com/results?search_query=flutter+richtext+widget,https://youtube.com/results?search_query=flutter+richtext+widget+hindi,https://youtube.com/results?search_query=flutter+richtext+widget+kannada,https://youtube.com/results?search_query=flutter+richtext+widget+tamil,https://youtube.com/results?search_query=flutter+richtext+widget+telugu
Flutter,Basic,How do you add rounded corners to a widget?,Visual styling,Border radius,Rounded edges,UI design,A,Use Container with decoration: BoxDecoration(borderRadius: BorderRadius.circular(10)),Styling,https://api.flutter.dev/flutter/painting/BoxDecoration/borderRadius.html,https://youtube.com/results?search_query=flutter+rounded+corners,https://youtube.com/results?search_query=flutter+rounded+corners+hindi,https://youtube.com/results?search_query=flutter+rounded+corners+kannada,https://youtube.com/results?search_query=flutter+rounded+corners+tamil,https://youtube.com/results?search_query=flutter+rounded+corners+telugu
Flutter,Basic,What is the SingleChildScrollView widget used for?,Scrollable content,Content overflow,Vertical scrolling,Layout containers,A,Wraps a single child widget to make it scrollable when content exceeds screen size.,Layout,https://api.flutter.dev/flutter/widgets/SingleChildScrollView-class.html,https://youtube.com/results?search_query=flutter+singlechildscrollview,https://youtube.com/results?search_query=flutter+singlechildscrollview+hindi,https://youtube.com/results?search_query=flutter+singlechildscrollview+kannada,https://youtube.com/results?search_query=flutter+singlechildscrollview+tamil,https://youtube.com/results?search_query=flutter+singlechildscrollview+telugu
Flutter,Basic,How do you create a progress bar in Flutter?,Progress indicators,Loading feedback,Task progress,Linear progress,A,Use LinearProgressIndicator widget for horizontal progress indication.,Widgets,https://api.flutter.dev/flutter/material/LinearProgressIndicator-class.html,https://youtube.com/results?search_query=flutter+progress+bar,https://youtube.com/results?search_query=flutter+progress+bar+hindi,https://youtube.com/results?search_query=flutter+progress+bar+kannada,https://youtube.com/results?search_query=flutter+progress+bar+tamil,https://youtube.com/results?search_query=flutter+progress+bar+telugu
Flutter,Basic,What is the Drawer widget used for?,Navigation drawer,Side menu,App navigation,Hidden menu,A,Drawer provides a sliding panel typically accessed from AppBar for navigation.,Widgets,https://api.flutter.dev/flutter/material/Drawer-class.html,https://youtube.com/results?search_query=flutter+drawer+widget,https://youtube.com/results?search_query=flutter+drawer+widget+hindi,https://youtube.com/results?search_query=flutter+drawer+widget+kannada,https://youtube.com/results?search_query=flutter+drawer+widget+tamil,https://youtube.com/results?search_query=flutter+drawer+widget+telugu
Flutter,Basic,How do you create a date picker in Flutter?,Date selection,Calendar input,Form controls,Time selection,A,Use showDatePicker() function to display Material Design date picker.,Widgets,https://api.flutter.dev/flutter/material/showDatePicker.html,https://youtube.com/results?search_query=flutter+date+picker,https://youtube.com/results?search_query=flutter+date+picker+hindi,https://youtube.com/results?search_query=flutter+date+picker+kannada,https://youtube.com/results?search_query=flutter+date+picker+tamil,https://youtube.com/results?search_query=flutter+date+picker+telugu
Flutter,Basic,What is the Wrap widget used for?,Flow layout,Widget wrapping,Responsive arrangement,Automatic line breaks,A,Wrap automatically flows children to next line when horizontal space is insufficient.,Layout,https://api.flutter.dev/flutter/widgets/Wrap-class.html,https://youtube.com/results?search_query=flutter+wrap+widget,https://youtube.com/results?search_query=flutter+wrap+widget+hindi,https://youtube.com/results?search_query=flutter+wrap+widget+kannada,https://youtube.com/results?search_query=flutter+wrap+widget+tamil,https://youtube.com/results?search_query=flutter+wrap+widget+telugu
Flutter,Basic,How do you create a time picker in Flutter?,Time selection,Clock input,Form controls,Time input,A,Use showTimePicker() function to display Material Design time picker.,Widgets,https://api.flutter.dev/flutter/material/showTimePicker.html,https://youtube.com/results?search_query=flutter+time+picker,https://youtube.com/results?search_query=flutter+time+picker+hindi,https://youtube.com/results?search_query=flutter+time+picker+kannada,https://youtube.com/results?search_query=flutter+time+picker+tamil,https://youtube.com/results?search_query=flutter+time+picker+telugu
Flutter,Basic,What is the AspectRatio widget used for?,Dimension control,Proportional sizing,Ratio maintenance,Responsive design,A,AspectRatio sizes its child to specified aspect ratio regardless of available space.,Layout,https://api.flutter.dev/flutter/widgets/AspectRatio-class.html,https://youtube.com/results?search_query=flutter+aspectratio+widget,https://youtube.com/results?search_query=flutter+aspectratio+widget+hindi,https://youtube.com/results?search_query=flutter+aspectratio+widget+kannada,https://youtube.com/results?search_query=flutter+aspectratio+widget+tamil,https://youtube.com/results?search_query=flutter+aspectratio+widget+telugu
Flutter,Basic,How do you create a snackbar in Flutter?,Temporary messages,User feedback,Toast notifications,Brief alerts,A,Use ScaffoldMessenger.of(context).showSnackBar() with SnackBar widget.,Widgets,https://api.flutter.dev/flutter/material/SnackBar-class.html,https://youtube.com/results?search_query=flutter+snackbar,https://youtube.com/results?search_query=flutter+snackbar+hindi,https://youtube.com/results?search_query=flutter+snackbar+kannada,https://youtube.com/results?search_query=flutter+snackbar+tamil,https://youtube.com/results?search_query=flutter+snackbar+telugu
Flutter,Basic,What is the Positioned widget used for?,Absolute positioning,Stack placement,Precise location,Overlay positioning,A,Positioned positions a child of Stack widget at specific coordinates within the stack.,Layout,https://api.flutter.dev/flutter/widgets/Positioned-class.html,https://youtube.com/results?search_query=flutter+positioned+widget,https://youtube.com/results?search_query=flutter+positioned+widget+hindi,https://youtube.com/results?search_query=flutter+positioned+widget+kannada,https://youtube.com/results?search_query=flutter+positioned+widget+tamil,https://youtube.com/results?search_query=flutter+positioned+widget+telugu
Flutter,Basic,How do you create a bottom navigation bar in Flutter?,Bottom navigation,Tab switching,App navigation,Multi-section,A,Use BottomNavigationBar with items and currentIndex properties in Scaffold.,Navigation,https://api.flutter.dev/flutter/material/BottomNavigationBar-class.html,https://youtube.com/results?search_query=flutter+bottom+navigation+bar,https://youtube.com/results?search_query=flutter+bottom+navigation+bar+hindi,https://youtube.com/results?search_query=flutter+bottom+navigation+bar+kannada,https://youtube.com/results?search_query=flutter+bottom+navigation+bar+tamil,https://youtube.com/results?search_query=flutter+bottom+navigation+bar+telugu
Flutter,Basic,What is the Align widget used for?,Precise alignment,Widget positioning,Coordinate placement,Layout control,A,Align positions its child widget according to alignment property within available space.,Layout,https://api.flutter.dev/flutter/widgets/Align-class.html,https://youtube.com/results?search_query=flutter+align+widget,https://youtube.com/results?search_query=flutter+align+widget+hindi,https://youtube.com/results?search_query=flutter+align+widget+kannada,https://youtube.com/results?search_query=flutter+align+widget+tamil,https://youtube.com/results?search_query=flutter+align+widget+telugu
Flutter,Basic,How do you create a tab bar in Flutter?,Tab navigation,Section switching,Content organization,Horizontal tabs,A,Use DefaultTabController with TabBar and TabBarView for tabbed interface.,Navigation,https://api.flutter.dev/flutter/material/TabBar-class.html,https://youtube.com/results?search_query=flutter+tab+bar,https://youtube.com/results?search_query=flutter+tab+bar+hindi,https://youtube.com/results?search_query=flutter+tab+bar+kannada,https://youtube.com/results?search_query=flutter+tab+bar+tamil,https://youtube.com/results?search_query=flutter+tab+bar+telugu
Flutter,Basic,What is the FittedBox widget used for?,Size adaptation,Content scaling,Fitting strategy,Responsive sizing,A,FittedBox scales and positions its child widget to fit according to fit property.,Layout,https://api.flutter.dev/flutter/widgets/FittedBox-class.html,https://youtube.com/results?search_query=flutter+fittedbox+widget,https://youtube.com/results?search_query=flutter+fittedbox+widget+hindi,https://youtube.com/results?search_query=flutter+fittedbox+widget+kannada,https://youtube.com/results?search_query=flutter+fittedbox+widget+tamil,https://youtube.com/results?search_query=flutter+fittedbox+widget+telugu
Flutter,Basic,How do you create a tooltip in Flutter?,Hover hints,Information tips,UI guidance,Help text,A,Wrap widget with Tooltip widget or use tooltip property in IconButton.,Widgets,https://api.flutter.dev/flutter/material/Tooltip-class.html,https://youtube.com/results?search_query=flutter+tooltip,https://youtube.com/results?search_query=flutter+tooltip+hindi,https://youtube.com/results?search_query=flutter+tooltip+kannada,https://youtube.com/results?search_query=flutter+tooltip+tamil,https://youtube.com/results?search_query=flutter+tooltip+telugu
Flutter,Basic,What is the Opacity widget used for?,Transparency effects,Visual fading,Alpha blending,UI effects,A,Opacity makes its child widget partially transparent with specified opacity value.,Widgets,https://api.flutter.dev/flutter/widgets/Opacity-class.html,https://youtube.com/results?search_query=flutter+opacity+widget,https://youtube.com/results?search_query=flutter+opacity+widget+hindi,https://youtube.com/results?search_query=flutter+opacity+widget+kannada,https://youtube.com/results?search_query=flutter+opacity+widget+tamil,https://youtube.com/results?search_query=flutter+opacity+widget+telugu
Flutter,Basic,How do you create a floating action button (FAB) in Flutter?,Action button,Primary action,Quick access,Floating button,A,Use FloatingActionButton widget in Scaffold's floatingActionButton property.,Widgets,https://api.flutter.dev/flutter/material/FloatingActionButton-class.html,https://youtube.com/results?search_query=flutter+floating+action+button,https://youtube.com/results?search_query=flutter+floating+action+button+hindi,https://youtube.com/results?search_query=flutter+floating+action+button+kannada,https://youtube.com/results?search_query=flutter+floating+action+button+tamil,https://youtube.com/results?search_query=flutter+floating+action+button+telugu
Flutter,Basic,What is the GridView widget used for?,Grid layout,Matrix arrangement,Multi-column,Item grids,A,GridView displays widgets in a scrollable grid arrangement with configurable columns.,Layout,https://api.flutter.dev/flutter/widgets/GridView-class.html,https://youtube.com/results?search_query=flutter+gridview+widget,https://youtube.com/results?search_query=flutter+gridview+widget+hindi,https://youtube.com/results?search_query=flutter+gridview+widget+kannada,https://youtube.com/results?search_query=flutter+gridview+widget+tamil,https://youtube.com/results?search_query=flutter+gridview+widget+telugu
Flutter,Basic,How do you create a simple form in Flutter?,Form handling,Input collection,Data submission,User input,A,Use Form widget with GlobalKey and FormField widgets for validation.,Widgets,https://api.flutter.dev/flutter/widgets/Form-class.html,https://youtube.com/results?search_query=flutter+form+creation,https://youtube.com/results?search_query=flutter+form+creation+hindi,https://youtube.com/results?search_query=flutter+form+creation+kannada,https://youtube.com/results?search_query=flutter+form+creation+tamil,https://youtube.com/results?search_query=flutter+form+creation+telugu
Flutter,Basic,What is the Visibility widget used for?,Conditional display,UI toggling,Element showing/hiding,Layout control,A,Visibility shows or hides its child widget based on visible property.,Widgets,https://api.flutter.dev/flutter/widgets/Visibility-class.html,https://youtube.com/results?search_query=flutter+visibility+widget,https://youtube.com/results?search_query=flutter+visibility+widget+hindi,https://youtube.com/results?search_query=flutter+visibility+widget+kannada,https://youtube.com/results?search_query=flutter+visibility+widget+tamil,https://youtube.com/results?search_query=flutter+visibility+widget+telugu
Flutter,Basic,How do you add a shadow to a widget?,Visual effects,Depth creation,Elevation shadows,UI depth,A,Use Container with decoration: BoxDecoration(boxShadow: [BoxShadow()]),Styling,https://api.flutter.dev/flutter/painting/BoxShadow-class.html,https://youtube.com/results?search_query=flutter+add+shadow,https://youtube.com/results?search_query=flutter+add+shadow+hindi,https://youtube.com/results?search_query=flutter+add+shadow+kannada,https://youtube.com/results?search_query=flutter+add+shadow+tamil,https://youtube.com/results?search_query=flutter+add+shadow+telugu
Flutter,Basic,What is the AnimatedContainer widget used for?,Animation effects,Smooth transitions,Property animation,Dynamic UI,A,AnimatedContainer automatically animates changes to its properties over time.,Animation,https://api.flutter.dev/flutter/widgets/AnimatedContainer-class.html,https://youtube.com/results?search_query=flutter+animatedcontainer,https://youtube.com/results?search_query=flutter+animatedcontainer+hindi,https://youtube.com/results?search_query=flutter+animatedcontainer+kannada,https://youtube.com/results?search_query=flutter+animatedcontainer+tamil,https://youtube.com/results?search_query=flutter+animatedcontainer+telugu
Flutter,Basic,How do you create a simple animation in Flutter?,Basic animation,Motion effects,UI movement,Visual transitions,A,Use AnimationController with Tween and AnimatedBuilder for basic animations.,Animation,https://flutter.dev/docs/development/ui/animations,https://youtube.com/results?search_query=flutter+simple+animation,https://youtube.com/results?search_query=flutter+simple+animation+hindi,https://youtube.com/results?search_query=flutter+simple+animation+kannada,https://youtube.com/results?search_query=flutter+simple+animation+tamil,https://youtube.com/results?search_query=flutter+simple+animation+telugu
Flutter,Basic,What is the MediaQuery widget used for?,Device information,Screen metrics,Responsive design,Environment data,A,MediaQuery provides information about the current device and app environment.,Layout,https://api.flutter.dev/flutter/widgets/MediaQuery-class.html,https://youtube.com/results?search_query=flutter+mediaquery,https://youtube.com/results?search_query=flutter+mediaquery+hindi,https://youtube.com/results?search_query=flutter+mediaquery+kannada,https://youtube.com/results?search_query=flutter+mediaquery+tamil,https://youtube.com/results?search_query=flutter+mediaquery+telugu
Flutter,Basic,How do you change app theme colors in Flutter?,Theming customization,Color scheme,App styling,Visual design,A,Define ThemeData in MaterialApp's theme property for app-wide theming.,Styling,https://flutter.dev/docs/cookbook/design/themes,https://youtube.com/results?search_query=flutter+change+theme+colors,https://youtube.com/results?search_query=flutter+change+theme+colors+hindi,https://youtube.com/results?search_query=flutter+change+theme+colors+kannada,https://youtube.com/results?search_query=flutter+change+theme+colors+tamil,https://youtube.com/results?search_query=flutter+change+theme+colors+telugu
Flutter,Basic,What is the Dismissible widget used for?,Swipe to dismiss,Item removal,Gesture actions,List management,A,Dismissible allows swiping to dismiss list items with background actions.,Widgets,https://api.flutter.dev/flutter/widgets/Dismissible-class.html,https://youtube.com/results?search_query=flutter+dismissible+widget,https://youtube.com/results?search_query=flutter+dismissible+widget+hindi,https://youtube.com/results?search_query=flutter+dismissible+widget+kannada,https://youtube.com/results?search_query=flutter+dismissible+widget+tamil,https://youtube.com/results?search_query=flutter+dismissible+widget+telugu
Flutter,Basic,How do you create a stepper widget in Flutter?,Multi-step forms,Progress tracking,Step navigation,Wizard interface,A,Use Stepper widget with steps property for multi-step form navigation.,Widgets,https://api.flutter.dev/flutter/material/Stepper-class.html,https://youtube.com/results?search_query=flutter+stepper+widget,https://youtube.com/results?search_query=flutter+stepper+widget+hindi,https://youtube.com/results?search_query=flutter+stepper+widget+kannada,https://youtube.com/results?search_query=flutter+stepper+widget+tamil,https://youtube.com/results?search_query=flutter+stepper+widget+telugu
Flutter,Basic,What is the ClipRRect widget used for?,Clipping effects,Rounded clipping,Visual masking,Shape control,A,ClipRRect clips its child widget with rounded rectangle boundary.,Widgets,https://api.flutter.dev/flutter/widgets/ClipRRect-class.html,https://youtube.com/results?search_query=flutter+cliprrect+widget,https://youtube.com/results?search_query=flutter+cliprrect+widget+hindi,https://youtube.com/results?search_query=flutter+cliprrect+widget+kannada,https://youtube.com/results?search_query=flutter+cliprrect+widget+tamil,https://youtube.com/results?search_query=flutter+cliprrect+widget+telugu
Flutter,Basic,How do you create a data table in Flutter?,Table display,Data presentation,Grid data,Tabular layout,A,Use DataTable widget with columns and rows properties for tabular data.,Widgets,https://api.flutter.dev/flutter/material/DataTable-class.html,https://youtube.com/results?search_query=flutter+datatable+widget,https://youtube.com/results?search_query=flutter+datatable+widget+hindi,https://youtube.com/results?search_query=flutter+datatable+widget+kannada,https://youtube.com/results?search_query=flutter+datatable+widget+tamil,https://youtube.com/results?search_query=flutter+datatable+widget+telugu
Flutter,Basic,What is the RefreshIndicator widget used for?,Pull to refresh,Data reloading,List updating,Gesture refresh,A,RefreshIndicator provides pull-to-refresh functionality for scrollable content.,Widgets,https://api.flutter.dev/flutter/material/RefreshIndicator-class.html,https://youtube.com/results?search_query=flutter+refreshindicator,https://youtube.com/results?search_query=flutter+refreshindicator+hindi,https://youtube.com/results?search_query=flutter+refreshindicator+kannada,https://youtube.com/results?search_query=flutter+refreshindicator+tamil,https://youtube.com/results?search_query=flutter+refreshindicator+telugu
Flutter,Basic,How do you create a simple chart in Flutter?,Data visualization,Chart display,Graph plotting,Statistics display,A,Use external packages like charts_flutter or fl_chart for chart creation.,Packages,https://pub.dev/packages/charts_flutter,https://youtube.com/results?search_query=flutter+simple+chart,https://youtube.com/results?search_query=flutter+simple+chart+hindi,https://youtube.com/results?search_query=flutter+simple+chart+kannada,https://youtube.com/results?search_query=flutter+simple+chart+tamil,https://youtube.com/results?search_query=flutter+simple+chart+telugu
Flutter,Basic,What is the Transform widget used for?,Visual transformation,Matrix operations,Rotation scaling,UI manipulation,A,Transform applies affine transformation matrix to its child widget.,Widgets,https://api.flutter.dev/flutter/widgets/Transform-class.html,https://youtube.com/results?search_query=flutter+transform+widget,https://youtube.com/results?search_query=flutter+transform+widget+hindi,https://youtube.com/results?search_query=flutter+transform+widget+kannada,https://youtube.com/results?search_query=flutter+transform+widget+tamil,https://youtube.com/results?search_query=flutter+transform+widget+telugu
Flutter,Basic,How do you play a video in Flutter?,Video playback,Media content,Multimedia,Video player,A,Use video_player package with VideoPlayerController and VideoPlayer widget.,Packages,https://pub.dev/packages/video_player,https://youtube.com/results?search_query=flutter+video+playback,https://youtube.com/results?search_query=flutter+video+playback+hindi,https://youtube.com/results?search_query=flutter+video+playback+kannada,https://youtube.com/results?search_query=flutter+video+playback+tamil,https://youtube.com/results?search_query=flutter+video+playback+telugu
Flutter,Basic,What is the WillPopScope widget used for?,Back button handling,Navigation control,Exit confirmation,Route interception,A,WillPopScope intercepts back button press for custom back navigation behavior.,Navigation,https://api.flutter.dev/flutter/widgets/WillPopScope-class.html,https://youtube.com/results?search_query=flutter+willpopscope,https://youtube.com/results?search_query=flutter+willpopscope+hindi,https://youtube.com/results?search_query=flutter+willpopscope+kannada,https://youtube.com/results?search_query=flutter+willpopscope+tamil,https://youtube.com/results?search_query=flutter+willpopscope+telugu
Flutter,Basic,How do you create a custom font in Flutter?,Typography customization,Font loading,Custom typefaces,Text styling,A,Add font files to pubspec.yaml under fonts section and reference in TextStyle.,Styling,https://flutter.dev/docs/cookbook/design/fonts,https://youtube.com/results?search_query=flutter+custom+font,https://youtube.com/results?search_query=flutter+custom+font+hindi,https://youtube.com/results?search_query=flutter+custom+font+kannada,https://youtube.com/results?search_query=flutter+custom+font+tamil,https://youtube.com/results?search_query=flutter+custom+font+telugu
Flutter,Basic,What is the ListWheelScrollView widget used for?,Wheel scrolling,Circular lists,Picker interfaces,Rotating selection,A,ListWheelScrollView displays items in a wheel that users can scroll through.,Widgets,https://api.flutter.dev/flutter/widgets/ListWheelScrollView-class.html,https://youtube.com/results?search_query=flutter+listwheelscrollview,https://youtube.com/results?search_query=flutter+listwheelscrollview+hindi,https://youtube.com/results?search_query=flutter+listwheelscrollview+kannada,https://youtube.com/results?search_query=flutter+listwheelscrollview+tamil,https://youtube.com/results?search_query=flutter+listwheelscrollview+telugu
Flutter,Basic,How do you create a search bar in Flutter?,Search functionality,Filter interface,Text search,Query input,A,Use TextField with onChanged for live search or SearchDelegate for full-screen search.,Widgets,https://api.flutter.dev/flutter/material/SearchDelegate-class.html,https://youtube.com/results?search_query=flutter+search+bar,https://youtube.com/results?search_query=flutter+search+bar+hindi,https://youtube.com/results?search_query=flutter+search+bar+kannada,https://youtube.com/results?search_query=flutter+search+bar+tamil,https://youtube.com/results?search_query=flutter+search+bar+telugu
Flutter,Basic,What is the CupertinoApp widget used for?,iOS styling,Cupertino design,Apple interface,iOS widgets,A,CupertinoApp provides iOS-style widgets and theming for Apple platform look.,Widgets,https://api.flutter.dev/flutter/cupertino/CupertinoApp-class.html,https://youtube.com/results?search_query=flutter+cupertinoapp,https://youtube.com/results?search_query=flutter+cupertinoapp+hindi,https://youtube.com/results?search_query=flutter+cupertinoapp+kannada,https://youtube.com/results?search_query=flutter+cupertinoapp+tamil,https://youtube.com/results?search_query=flutter+cupertinoapp+telugu
Flutter,Basic,How do you create a splash screen in Flutter?,App launch screen,Initial display,Loading screen,Branding display,A,Define home screen with timer or use native splash screen configuration.,Setup,https://flutter.dev/docs/development/ui/advanced/splash-screen,https://youtube.com/results?search_query=flutter+splash+screen,https://youtube.com/results?search_query=flutter+splash+screen+hindi,https://youtube.com/results?search_query=flutter+splash+screen+kannada,https://youtube.com/results?search_query=flutter+splash+screen+tamil,https://youtube.com/results?search_query=flutter+splash+screen+telugu
Flutter,Basic,What is the InteractiveViewer widget used for?,Zooming panning,Gesture interaction,Scale transformation,Image viewing,A,InteractiveViewer allows panning, zooming, and scaling of its child widget.,Widgets,https://api.flutter.dev/flutter/widgets/InteractiveViewer-class.html,https://youtube.com/results?search_query=flutter+interactiveviewer,https://youtube.com/results?search_query=flutter+interactiveviewer+hindi,https://youtube.com/results?search_query=flutter+interactiveviewer+kannada,https://youtube.com/results?search_query=flutter+interactiveviewer+tamil,https://youtube.com/results?search_query=flutter+interactiveviewer+telugu
Flutter,Basic,How do you create a barcode scanner in Flutter?,Barcode reading,QR scanning,Image recognition,Mobile scanning,A,Use packages like barcode_scan or mobile_scanner for barcode scanning functionality.,Packages,https://pub.dev/packages/barcode_scan,https://youtube.com/results?search_query=flutter+barcode+scanner,https://youtube.com/results?search_query=flutter+barcode+scanner+hindi,https://youtube.com/results?search_query=flutter+barcode+scanner+kannada,https://youtube.com/results?search_query=flutter+barcode+scanner+tamil,https://youtube.com/results?search_query=flutter+barcode+scanner+telugu
Flutter,Basic,What is the Hero widget used for?,Shared element transition,Page animation,Smooth navigation,Visual continuity,A,Hero creates flying animation for shared element between two screens.,Animation,https://api.flutter.dev/flutter/widgets/Hero-class.html,https://youtube.com/results?search_query=flutter+hero+widget,https://youtube.com/results?search_query=flutter+hero+widget+hindi,https://youtube.com/results?search_query=flutter+hero+widget+kannada,https://youtube.com/results?search_query=flutter+hero+widget+tamil,https://youtube.com/results?search_query=flutter+hero+widget+telugu
Flutter,Basic,How do you create a PDF viewer in Flutter?,PDF display,Document viewing,File rendering,PDF reading,A,Use packages like pdf_flutter or flutter_pdfview for PDF display functionality.,Packages,https://pub.dev/packages/pdf_flutter,https://youtube.com/results?search_query=flutter+pdf+viewer,https://youtube.com/results?search_query=flutter+pdf+viewer+hindi,https://youtube.com/results?search_query=flutter+pdf+viewer+kannada,https://youtube.com/results?search_query=flutter+pdf+viewer+tamil,https://youtube.com/results?search_query=flutter+pdf+viewer+telugu
Flutter,Basic,What is the ReorderableListView widget used for?,Drag and drop,List reordering,Item sorting,Interactive lists,A,ReorderableListView allows users to reorder list items via drag and drop.,Widgets,https://api.flutter.dev/flutter/material/ReorderableListView-class.html,https://youtube.com/results?search_query=flutter+reorderablelistview,https://youtube.com/results?search_query=flutter+reorderablelistview+hindi,https://youtube.com/results?search_query=flutter+reorderablelistview+kannada,https://youtube.com/results?search_query=flutter+reorderablelistview+tamil,https://youtube.com/results?search_query=flutter+reorderablelistview+telugu
Flutter,Basic,How do you create a map in Flutter?,Map display,Location mapping,Geographical data,Google Maps,A,Use google_maps_flutter package with GoogleMap widget for map display.,Packages,https://pub.dev/packages/google_maps_flutter,https://youtube.com/results?search_query=flutter+map+display,https://youtube.com/results?search_query=flutter+map+display+hindi,https://youtube.com/results?search_query=flutter+map+display+kannada,https://youtube.com/results?search_query=flutter+map+display+tamil,https://youtube.com/results?search_query=flutter+map+display+telugu
Flutter,Basic,What is the IgnorePointer widget used for?,Input blocking,Interaction disabling,Event prevention,UI deactivation,A,IgnorePointer prevents its child and subtree from receiving pointer events.,Widgets,https://api.flutter.dev/flutter/widgets/IgnorePointer-class.html,https://youtube.com/results?search_query=flutter+ignorepointer,https://youtube.com/results?search_query=flutter+ignorepointer+hindi,https://youtube.com/results?search_query=flutter+ignorepointer+kannada,https://youtube.com/results?search_query=flutter+ignorepointer+tamil,https://youtube.com/results?search_query=flutter+ignorepointer+telugu
Flutter,Basic,How do you create a calendar in Flutter?,Date display,Month view,Event calendar,Scheduling,A,Use packages like table_calendar or syncfusion_flutter_calendar for calendar widgets.,Packages,https://pub.dev/packages/table_calendar,https://youtube.com/results?search_query=flutter+calendar+widget,https://youtube.com/results?search_query=flutter+calendar+widget+hindi,https://youtube.com/results?search_query=flutter+calendar+widget+kannada,https://youtube.com/results?search_query=flutter+calendar+widget+tamil,https://youtube.com/results?search_query=flutter+calendar+widget+telugu
Flutter,Basic,What is the AbsorbPointer widget used for?,Input absorption,Event blocking,Interaction capture,Pointer handling,A,AbsorbPointer absorbs pointer events, preventing them from reaching descendants.,Widgets,https://api.flutter.dev/flutter/widgets/AbsorbPointer-class.html,https://youtube.com/results?search_query=flutter+absorbpointer,https://youtube.com/results?search_query=flutter+absorbpointer+hindi,https://youtube.com/results?search_query=flutter+absorbpointer+kannada,https://youtube.com/results?search_query=flutter+absorbpointer+tamil,https://youtube.com/results?search_query=flutter+absorbpointer+telugu
Flutter,Basic,How do you create a file picker in Flutter?,File selection,Document picking,Media selection,File access,A,Use file_picker package for selecting files from device storage.,Packages,https://pub.dev/packages/file_picker,https://youtube.com/results?search_query=flutter+file+picker,https://youtube.com/results?search_query=flutter+file+picker+hindi,https://youtube.com/results?search_query=flutter+file+picker+kannada,https://youtube.com/results?search_query=flutter+file+picker+tamil,https://youtube.com/results?search_query=flutter+file+picker+telugu
Flutter,Basic,What is the BackdropFilter widget used for?,Visual effects,Background blurring,Filter application,UI blur,A,BackdropFilter applies image filter to background behind child widget.,Widgets,https://api.flutter.dev/flutter/widgets/BackdropFilter-class.html,https://youtube.com/results?search_query=flutter+backdropfilter,https://youtube.com/results?search_query=flutter+backdropfilter+hindi,https://youtube.com/results?search_query=flutter+backdropfilter+kannada,https://youtube.com/results?search_query=flutter+backdropfilter+tamil,https://youtube.com/results?search_query=flutter+backdropfilter+telugu
Flutter,Basic,How do you create a webview in Flutter?,Web content,Browser embedding,HTML display,Web pages,A,Use webview_flutter package with WebView widget for displaying web content.,Packages,https://pub.dev/packages/webview_flutter,https://youtube.com/results?search_query=flutter+webview,https://youtube.com/results?search_query=flutter+webview+hindi,https://youtube.com/results?search_query=flutter+webview+kannada,https://youtube.com/results?search_query=flutter+webview+tamil,https://youtube.com/results?search_query=flutter+webview+telugu
Flutter,Basic,What is the ShaderMask widget used for?,Visual effects,Gradient masking,Shader application,Color effects,A,ShaderMask applies shader to child widget, useful for gradient masks and effects.,Widgets,https://api.flutter.dev/flutter/widgets/ShaderMask-class.html,https://youtube.com/results?search_query=flutter+shadermask,https://youtube.com/results?search_query=flutter+shadermask+hindi,https://youtube.com/results?search_query=flutter+shadermask+kannada,https://youtube.com/results?search_query=flutter+shadermask+tamil,https://youtube.com/results?search_query=flutter+shadermask+telugu
Flutter,Basic,How do you create a fingerprint/face ID authentication in Flutter?,Biometric auth,Security login,Fingerprint scanning,Face recognition,A,Use local_auth package for biometric authentication functionality.,Packages,https://pub.dev/packages/local_auth,https://youtube.com/results?search_query=flutter+fingerprint+authentication,https://youtube.com/results?search_query=flutter+fingerprint+authentication+hindi,https://youtube.com/results?search_query=flutter+fingerprint+authentication+kannada,https://youtube.com/results?search_query=flutter+fingerprint+authentication+tamil,https://youtube.com/results?search_query=flutter+fingerprint+authentication+telugu
Flutter,Basic,What is the AnimatedBuilder widget used for?,Custom animation,Reactive building,Animation control,Dynamic UI,A,AnimatedBuilder rebuilds widget tree when animation value changes for custom animations.,Animation,https://api.flutter.dev/flutter/widgets/AnimatedBuilder-class.html,https://youtube.com/results?search_query=flutter+animatedbuilder,https://youtube.com/results?search_query=flutter+animatedbuilder+hindi,https://youtube.com/results?search_query=flutter+animatedbuilder+kannada,https://youtube.com/results?search_query=flutter+animatedbuilder+tamil,https://youtube.com/results?search_query=flutter+animatedbuilder+telugu
Flutter,Basic,How do you create a notification system in Flutter?,Push notifications,Alerts,Messages,User notifications,A,Use firebase_messaging package for push notifications with Firebase.,Packages,https://pub.dev/packages/firebase_messaging,https://youtube.com/results?search_query=flutter+push+notifications,https://youtube.com/results?search_query=flutter+push+notifications+hindi,https://youtube.com/results?search_query=flutter+push+notifications+kannada,https://youtube.com/results?search_query=flutter+push+notifications+tamil,https://youtube.com/results?search_query=flutter+push+notifications+telugu
Flutter,Basic,What is the ClipOval widget used for?,Circular clipping,Oval masking,Shape effects,Visual clipping,A,ClipOval clips its child widget with oval (or circular) boundary.,Widgets,https://api.flutter.dev/flutter/widgets/ClipOval-class.html,https://youtube.com/results?search_query=flutter+clipoval,https://youtube.com/results?search_query=flutter+clipoval+hindi,https://youtube.com/results?search_query=flutter+clipoval+kannada,https://youtube.com/results?search_query=flutter+clipoval+tamil,https://youtube.com/results?search_query=flutter+clipoval+telugu
Flutter,Basic,How do you create a chatbot interface in Flutter?,Chat UI,Messaging interface,Conversation design,Message bubbles,A,Use ListView for messages, TextField for input, and custom widgets for message bubbles.,Widgets,https://flutter.dev/docs/cookbook/networking/fetch-data,https://youtube.com/results?search_query=flutter+chat+interface,https://youtube.com/results?search_query=flutter+chat+interface+hindi,https://youtube.com/results?search_query=flutter+chat+interface+kannada,https://youtube.com/results?search_query=flutter+chat+interface+tamil,https://youtube.com/results?search_query=flutter+chat+interface+telugu
Flutter,Basic,What is the FractionallySizedBox widget used for?,Proportional sizing,Percentage dimensions,Relative sizing,Responsive layout,A,FractionallySizedBox sizes its child to fraction of available space (width/height factors).,Layout,https://api.flutter.dev/flutter/widgets/FractionallySizedBox-class.html,https://youtube.com/results?search_query=flutter+fractionallysizedbox,https://youtube.com/results?search_query=flutter+fractionallysizedbox+hindi,https://youtube.com/results?search_query=flutter+fractionallysizedbox+kannada,https://youtube.com/results?search_query=flutter+fractionallysizedbox+tamil,https://youtube.com/results?search_query=flutter+fractionallysizedbox+telugu
Flutter,Basic,How do you create a QR code generator in Flutter?,QR creation,Code generation,Quick response codes,Data encoding,A,Use qr_flutter package to generate and display QR codes.,Packages,https://pub.dev/packages/qr_flutter,https://youtube.com/results?search_query=flutter+qr+code+generator,https://youtube.com/results?search_query=flutter+qr+code+generator+hindi,https://youtube.com/results?search_query=flutter+qr+code+generator+kannada,https://youtube.com/results?search_query=flutter+qr+code+generator+tamil,https://youtube.com/results?search_query=flutter+qr+code+generator+telugu
Flutter,Basic,What is the PageView widget used for?,Screen paging,Horizontal scrolling,Multi-page content,Page navigation,A,PageView creates scrollable pages that users can swipe horizontally.,Navigation,https://api.flutter.dev/flutter/widgets/PageView-class.html,https://youtube.com/results?search_query=flutter+pageview,https://youtube.com/results?search_query=flutter+pageview+hindi,https://youtube.com/results?search_query=flutter+pageview+kannada,https://youtube.com/results?search_query=flutter+pageview+tamil,https://youtube.com/results?search_query=flutter+pageview+telugu
Flutter,Basic,How do you create a rating system in Flutter?,Star ratings,Review system,Feedback collection,Rating input,A,Use rating_bar package or create custom widget with IconButton for star ratings.,Packages,https://pub.dev/packages/rating_bar,https://youtube.com/results?search_query=flutter+rating+system,https://youtube.com/results?search_query=flutter+rating+system+hindi,https://youtube.com/results?search_query=flutter+rating+system+kannada,https://youtube.com/results?search_query=flutter+rating+system+tamil,https://youtube.com/results?search_query=flutter+rating+system+telugu
Flutter,Basic,What is the CustomPaint widget used for?,Custom drawing,Canvas painting,Vector graphics,Custom graphics,A,CustomPaint provides canvas for custom drawing using CustomPainter.,Widgets,https://api.flutter.dev/flutter/widgets/CustomPaint-class.html,https://youtube.com/results?search_query=flutter+custompaint,https://youtube.com/results?search_query=flutter+custompaint+hindi,https://youtube.com/results?search_query=flutter+custompaint+kannada,https://youtube.com/results?search_query=flutter+custompaint+tamil,https://youtube.com/results?search_query=flutter+custompaint+telugu
Flutter,Basic,How do you create a music player in Flutter?,Audio playback,Music streaming,Media controls,Audio controls,A,Use audioplayers package for audio playback with play/pause/seek controls.,Packages,https://pub.dev/packages/audioplayers,https://youtube.com/results?search_query=flutter+music+player,https://youtube.com/results?search_query=flutter+music+player+hindi,https://youtube.com/results?search_query=flutter+music+player+kannada,https://youtube.com/results?search_query=flutter+music+player+tamil,https://youtube.com/results?search_query=flutter+music+player+telugu
Flutter,Basic,What is the NotificationListener widget used for?,Event listening,Scroll notifications,Animation events,Custom notifications,A,NotificationListener listens for notifications bubbling up the widget tree.,Widgets,https://api.flutter.dev/flutter/widgets/NotificationListener-class.html,https://youtube.com/results?search_query=flutter+notificationlistener,https://youtube.com/results?search_query=flutter+notificationlistener+hindi,https://youtube.com/results?search_query=flutter+notificationlistener+kannada,https://youtube.com/results?search_query=flutter+notificationlistener+tamil,https://youtube.com/results?search_query=flutter+notificationlistener+telugu
Flutter,Basic,How do you create a graph/chart visualization in Flutter?,Data charts,Graph plotting,Statistics visualization,Chart display,A,Use fl_chart package for various chart types like line, bar, pie charts.,Packages,https://pub.dev/packages/fl_chart,https://youtube.com/results?search_query=flutter+chart+visualization,https://youtube.com/results?search_query=flutter+chart+visualization+hindi,https://youtube.com/results?search_query=flutter+chart+visualization+kannada,https://youtube.com/results?search_query=flutter+chart+visualization+tamil,https://youtube.com/results?search_query=flutter+chart+visualization+telugu
Flutter,Basic,What is the LayoutBuilder widget used for?,Responsive design,Layout constraints,Adaptive UI,Dynamic layout,A,LayoutBuilder provides constraints of parent widget for building responsive layouts.,Layout,https://api.flutter.dev/flutter/widgets/LayoutBuilder-class.html,https://youtube.com/results?search_query=flutter+layoutbuilder,https://youtube.com/results?search_query=flutter+layoutbuilder+hindi,https://youtube.com/results?search_query=flutter+layoutbuilder+kannada,https://youtube.com/results?search_query=flutter+layoutbuilder+tamil,https://youtube.com/results?search_query=flutter+layoutbuilder+telugu
Flutter,Basic,How do you create a camera app in Flutter?,Camera access,Photo capture,Video recording,Image capture,A,Use camera package with CameraController for camera functionality.,Packages,https://pub.dev/packages/camera,https://youtube.com/results?search_query=flutter+camera+app,https://youtube.com/results?search_query=flutter+camera+app+hindi,https://youtube.com/results?search_query=flutter+camera+app+kannada,https://youtube.com/results?search_query=flutter+camera+app+tamil,https://youtube.com/results?search_query=flutter+camera+app+telugu
Flutter,Basic,What is the SliverAppBar widget used for?,Scrollable app bar,Custom scrolling,Sliver effects,Parallax headers,A,SliverAppBar creates app bar that responds to scroll gestures with special effects.,Widgets,https://api.flutter.dev/flutter/material/SliverAppBar-class.html,https://youtube.com/results?search_query=flutter+sliverappbar,https://youtube.com/results?search_query=flutter+sliverappbar+hindi,https://youtube.com/results?search_query=flutter+sliverappbar+kannada,https://youtube.com/results?search_query=flutter+sliverappbar+tamil,https://youtube.com/results?search_query=flutter+sliverappbar+telugu
Flutter,Basic,How do you create a signature pad in Flutter?,Signature capture,Handwriting input,Drawing canvas,Digital signature,A,Use signature package or CustomPaint with GestureDetector for drawing.,Packages,https://pub.dev/packages/signature,https://youtube.com/results?search_query=flutter+signature+pad,https://youtube.com/results?search_query=flutter+signature+pad+hindi,https://youtube.com/results?search_query=flutter+signature+pad+kannada,https://youtube.com/results?search_query=flutter+signature+pad+tamil,https://youtube.com/results?search_query=flutter+signature+pad+telugu
Flutter,Basic,What is the AnimatedOpacity widget used for?,Fade animation,Opacity transition,Smooth fading,Visual transitions,A,AnimatedOpacity automatically animates opacity changes over specified duration.,Animation,https://api.flutter.dev/flutter/widgets/AnimatedOpacity-class.html,https://youtube.com/results?search_query=flutter+animatedopacity,https://youtube.com/results?search_query=flutter+animatedopacity+hindi,https://youtube.com/results?search_query=flutter+animatedopacity+kannada,https://youtube.com/results?search_query=flutter+animatedopacity+tamil,https://youtube.com/results?search_query=flutter+animatedopacity+telugu
Flutter,Basic,How do you create a weather app in Flutter?,Weather display,API integration,Forecast data,Temperature display,A,Use http package to fetch weather data from API and display with custom UI.,Packages,https://pub.dev/packages/http,https://youtube.com/results?search_query=flutter+weather+app,https://youtube.com/results?search_query=flutter+weather+app+hindi,https://youtube.com/results?search_query=flutter+weather+app+kannada,https://youtube.com/results?search_query=flutter+weather+app+tamil,https://youtube.com/results?search_query=flutter+weather+app+telugu
Flutter,Basic,What is the AnimatedCrossFade widget used for?,Transition animation,Cross fading,Morphing effects,Widget switching,A,AnimatedCrossFade cross-fades between two children with animation.,Animation,https://api.flutter.dev/flutter/widgets/AnimatedCrossFade-class.html,https://youtube.com/results?search_query=flutter+animatedcrossfade,https://youtube.com/results?search_query=flutter+animatedcrossfade+hindi,https://youtube.com/results?search_query=flutter+animatedcrossfade+kannada,https://youtube.com/results?search_query=flutter+animatedcrossfade+tamil,https://youtube.com/results?search_query=flutter+animatedcrossfade+telugu
Flutter,Basic,How do you create a todo list app in Flutter?,Task management,Checklist,Productivity app,List management,A,Use ListView with Checkbox for tasks, TextField for input, and state management for updates.,Widgets,https://flutter.dev/docs/development/data-and-backend/state-mgmt/simple,https://youtube.com/results?search_query=flutter+todo+list+app,https://youtube.com/results?search_query=flutter+todo+list+app+hindi,https://youtube.com/results?search_query=flutter+todo+list+app+kannada,https://youtube.com/results?search_query=flutter+todo+list+app+tamil,https://youtube.com/results?search_query=flutter+todo+list+app+telugu
Flutter,Basic,What is the TweenAnimationBuilder widget used for?,Value animation,Interpolation building,Tween animation,Dynamic values,A,TweenAnimationBuilder animates between two values over duration with builder function.,Animation,https://api.flutter.dev/flutter/widgets/TweenAnimationBuilder-class.html,https://youtube.com/results?search_query=flutter+tweenanimationbuilder,https://youtube.com/results?search_query=flutter+tweenanimationbuilder+hindi,https://youtube.com/results?search_query=flutter+tweenanimationbuilder+kannada,https://youtube.com/results?search_query=flutter+tweenanimationbuilder+tamil,https://youtube.com/results?search_query=flutter+tweenanimationbuilder+telugu
Flutter,Basic,How do you create a calculator app in Flutter?,Math operations,Calculation interface,Number input,Result display,A,Use GridView for buttons, Text widget for display, and logic for calculations.,Widgets,https://flutter.dev/docs/get-started/codelab,https://youtube.com/results?search_query=flutter+calculator+app,https://youtube.com/results?search_query=flutter+calculator+app+hindi,https://youtube.com/results?search_query=flutter+calculator+app+kannada,https://youtube.com/results?search_query=flutter+calculator+app+tamil,https://youtube.com/results?search_query=flutter+calculator+app+telugu
Flutter,Basic,What is the SliverList widget used for?,Scrollable lists,Sliver components,Custom scrolling,Performance lists,A,SliverList creates scrollable list within CustomScrollView for custom scroll effects.,Widgets,https://api.flutter.dev/flutter/widgets/SliverList-class.html,https://youtube.com/results?search_query=flutter+sliverlist,https://youtube.com/results?search_query=flutter+sliverlist+hindi,https://youtube.com/results?search_query=flutter+sliverlist+kannada,https://youtube.com/results?search_query=flutter+sliverlist+tamil,https://youtube.com/results?search_query=flutter+sliverlist+telugu
Flutter,Basic,How do you create a currency converter in Flutter?,Currency conversion,Exchange rates,Financial calculation,Money conversion,A,Use http package to fetch exchange rates and TextField for input conversion.,Packages,https://pub.dev/packages/http,https://youtube.com/results?search_query=flutter+currency+converter,https://youtube.com/results?search_query=flutter+currency+converter+hindi,https://youtube.com/results?search_query=flutter+currency+converter+kannada,https://youtube.com/results?search_query=flutter+currency+converter+tamil,https://youtube.com/results?search_query=flutter+currency+converter+telugu
Flutter,Basic,What is the AnimatedPadding widget used for?,Padding animation,Margin transitions,Space animation,Layout animation,A,AnimatedPadding automatically animates padding changes over specified duration.,Animation,https://api.flutter.dev/flutter/widgets/AnimatedPadding-class.html,https://youtube.com/results?search_query=flutter+animatedpadding,https://youtube.com/results?search_query=flutter+animatedpadding+hindi,https://youtube.com/results?search_query=flutter+animatedpadding+kannada,https://youtube.com/results?search_query=flutter+animatedpadding+tamil,https://youtube.com/results?search_query=flutter+animatedpadding+telugu
Flutter,Basic,How do you create a stopwatch/timer app in Flutter?,Time tracking,Stopwatch functionality,Countdown timer,Timing app,A,Use Timer.periodic for updates and display time with Text widget formatting.,Widgets,https://api.flutter.dev/flutter/dart-async/Timer-class.html,https://youtube.com/results?search_query=flutter+stopwatch+app,https://youtube.com/results?search_query=flutter+stopwatch+app+hindi,https://youtube.com/results?search_query=flutter+stopwatch+app+kannada,https://youtube.com/results?search_query=flutter+stopwatch+app+tamil,https://youtube.com/results?search_query=flutter+stopwatch+app+telugu
Flutter,Basic,What is the AnimatedPositioned widget used for?,Position animation,Movement transitions,Coordinate animation,Layout animation,A,AnimatedPositioned automatically animates position changes within Stack.,Animation,https://api.flutter.dev/flutter/widgets/AnimatedPositioned-class.html,https://youtube.com/results?search_query=flutter+animatedpositioned,https://youtube.com/results?search_query=flutter+animatedpositioned+hindi,https://youtube.com/results?search_query=flutter+animatedpositioned+kannada,https://youtube.com/results?search_query=flutter+animatedpositioned+tamil,https://youtube.com/results?search_query=flutter+animatedpositioned+telugu
Flutter,Basic,How do you create a photo gallery in Flutter?,Image gallery,Photo browsing,Media collection,Picture viewing,A,Use GridView.builder with Image widgets for photo grid display.,Widgets,https://flutter.dev/docs/cookbook/images/network-image,https://youtube.com/results?search_query=flutter+photo+gallery,https://youtube.com/results?search_query=flutter+photo+gallery+hindi,https://youtube.com/results?search_query=flutter+photo+gallery+kannada,https://youtube.com/results?search_query=flutter+photo+gallery+tamil,https://youtube.com/results?search_query=flutter+photo+gallery+telugu
Flutter,Basic,What is the AnimatedAlign widget used for?,Alignment animation,Position transitions,Coordinate animation,Layout animation,A,AnimatedAlign automatically animates alignment changes over specified duration.,Animation,https://api.flutter.dev/flutter/widgets/AnimatedAlign-class.html,https://youtube.com/results?search_query=flutter+animatedalign,https://youtube.com/results?search_query=flutter+animatedalign+hindi,https://youtube.com/results?search_query=flutter+animatedalign+kannada,https://youtube.com/results?search_query=flutter+animatedalign+tamil,https://youtube.com/results?search_query=flutter+animatedalign+telugu