Topic,Difficulty,Question,Tag1,Tag2,Tag3,Tag4,Correct Option,Explanation,Category,Doc URL,Video Search EN,Video Search HI,Video Search KN,Video Search TA,Video Search TE
GCP,Advanced,How does Google's global load balancing differ from traditional load balancers in terms of architecture?,Global Load Balancing,Anycast IP,Low latency,Global routing,A,Google's global load balancers use Anycast IP addresses and Google's global network to route traffic to nearest healthy backend.,Networking,https://cloud.google.com/load-balancing/docs/load-balancing-overview,https://youtube.com/results?search_query=gcp+global+load+balancing+architecture,https://youtube.com/results?search_query=gcp+global+load+balancing+architecture+hindi,https://youtube.com/results?search_query=gcp+global+load+balancing+architecture+kannada,https://youtube.com/results?search_query=gcp+global+load+balancing+architecture+tamil,https://youtube.com/results?search_query=gcp+global+load+balancing+architecture+telugu
GCP,Advanced,What is the purpose of VPC Service Controls and how do they enhance security beyond firewall rules?,VPC Service Controls,Data exfiltration,Service perimeters,Security boundaries,A,VPC Service Controls create service perimeters to prevent data exfiltration via API calls, complementing network firewall rules.,Security,https://cloud.google.com/vpc-service-controls/docs/overview,https://youtube.com/results?search_query=gcp+vpc+service+controls+security,https://youtube.com/results?search_query=gcp+vpc+service+controls+security+hindi,https://youtube.com/results?search_query=gcp+vpc+service+controls+security+kannada,https://youtube.com/results?search_query=gcp+vpc+service+controls+security+tamil,https://youtube.com/results?search_query=gcp+vpc+service+controls+security+telugu
GCP,Advanced,How does Cloud Spanner's TrueTime API enable global consistency in distributed databases?,Spanner,TrueTime API,Global consistency,Clock synchronization,A,TrueTime uses atomic clocks and GPS to provide bounded clock uncertainty, enabling external consistency across global regions.,Databases,https://cloud.google.com/spanner/docs/true-time-external-consistency,https://youtube.com/results?search_query=gcp+spanner+truetime+consistency,https://youtube.com/results?search_query=gcp+spanner+truetime+consistency+hindi,https://youtube.com/results?search_query=gcp+spanner+truetime+consistency+kannada,https://youtube.com/results?search_query=gcp+spanner+truetime+consistency+tamil,https://youtube.com/results?search_query=gcp+spanner+truetime+consistency+telugu
GCP,Advanced,What is the difference between Shared VPC and VPC Network Peering in GCP networking?,Shared VPC,VPC Peering,Network isolation,Cross-project networking,A,Shared VPC allows resource sharing within organization; VPC Peering connects different VPC networks for communication.,Networking,https://cloud.google.com/vpc/docs/shared-vpc,https://youtube.com/results?search_query=gcp+shared+vpc+vs+peering,https://youtube.com/results?search_query=gcp+shared+vpc+vs+peering+hindi,https://youtube.com/results?search_query=gcp+shared+vpc+vs+peering+kannada,https://youtube.com/results?search_query=gcp+shared+vpc+vs+peering+tamil,https://youtube.com/results?search_query=gcp+shared+vpc+vs+peering+telugu
GCP,Advanced,How does Cloud Memorystore's multi-region replication differ from single-region deployment for Redis?,Memorystore,Multi-region,Redis replication,High availability,A,Multi-region Memorystore provides cross-region replication with automatic failover, while single-region has zonal redundancy.,Databases,https://cloud.google.com/memorystore/docs/redis/ha-overview,https://youtube.com/results?search_query=gcp+memorystore+multi+region+redis,https://youtube.com/results?search_query=gcp+memorystore+multi+region+redis+hindi,https://youtube.com/results?search_query=gcp+memorystore+multi+region+redis+kannada,https://youtube.com/results?search_query=gcp+memorystore+multi+region+redis+tamil,https://youtube.com/results?search_query=gcp+memorystore+multi+region+redis+telugu
GCP,Advanced,What is the purpose of Cloud IAM Conditions and how do they enable fine-grained access control?,IAM Conditions,Attribute-based access,Temporal restrictions,Context-aware,A,IAM Conditions add context-aware policies based on resource attributes, request attributes, or time for granular access control.,IAM,https://cloud.google.com/iam/docs/conditions-overview,https://youtube.com/results?search_query=gcp+iam+conditions+fine+grained+access,https://youtube.com/results?search_query=gcp+iam+conditions+fine+grained+access+hindi,https://youtube.com/results?search_query=gcp+iam+conditions+fine+grained+access+kannada,https://youtube.com/results?search_query=gcp+iam+conditions+fine+grained+access+tamil,https://youtube.com/results?search_query=gcp+iam+conditions+fine+grained+access+telugu
GCP,Advanced,How does Dataflow's autoscaling differ from traditional fixed-worker data processing pipelines?,Dataflow,Autoscaling,Streaming analytics,Worker management,A,Dataflow dynamically scales workers based on backlog and throughput, unlike fixed pipelines requiring manual scaling.,Data Analytics,https://cloud.google.com/dataflow/docs/guides/deploying-a-pipeline#autoscaling,https://youtube.com/results?search_query=gcp+dataflow+autoscaling+vs+fixed,https://youtube.com/results?search_query=gcp+dataflow+autoscaling+vs+fixed+hindi,https://youtube.com/results?search_query=gcp+dataflow+autoscaling+vs+fixed+kannada,https://youtube.com/results?search_query=gcp+dataflow+autoscaling+vs+fixed+tamil,https://youtube.com/results?search_query=gcp+dataflow+autoscaling+vs+fixed+telugu
GCP,Advanced,What is the purpose of Cloud Run's concurrency model and how does it affect cold starts?,Cloud Run,Concurrency,Cold starts,Request processing,A,Cloud Run's concurrency setting controls requests per container instance, affecting cold start frequency and resource utilization.,Compute,https://cloud.google.com/run/docs/about-concurrency,https://youtube.com/results?search_query=gcp+cloud+run+concurrency+cold+starts,https://youtube.com/results?search_query=gcp+cloud+run+concurrency+cold+starts+hindi,https://youtube.com/results?search_query=gcp+cloud+run+concurrency+cold+starts+kannada,https://youtube.com/results?search_query=gcp+cloud+run+concurrency+cold+starts+tamil,https://youtube.com/results?search_query=gcp+cloud+run+concurrency+cold+starts+telugu
GCP,Advanced,How does Anthos enable hybrid and multi-cloud deployments beyond traditional Kubernetes?,Anthos,Hybrid cloud,Multi-cloud,Kubernetes fleet,A,Anthos provides consistent platform across on-prem, GCP, and other clouds with centralized management and policy enforcement.,Hybrid Cloud,https://cloud.google.com/anthos/docs/concepts/overview,https://youtube.com/results?search_query=gcp+anthos+hybrid+multi+cloud,https://youtube.com/results?search_query=gcp+anthos+hybrid+multi+cloud+hindi,https://youtube.com/results?search_query=gcp+anthos+hybrid+multi+cloud+kannada,https://youtube.com/results?search_query=gcp+anthos+hybrid+multi+cloud+tamil,https://youtube.com/results?search_query=gcp+anthos+hybrid+multi+cloud+telugu
GCP,Advanced,What is the difference between Cloud Storage's multi-regional and regional storage classes?,Cloud Storage,Storage classes,Data locality,Availability SLA,A,Multi-regional provides higher availability (99.95%) across regions; regional offers lower cost with single-region availability.,Storage,https://cloud.google.com/storage/docs/storage-classes,https://youtube.com/results?search_query=gcp+storage+multi+regional+vs+regional,https://youtube.com/results?search_query=gcp+storage+multi+regional+vs+regional+hindi,https://youtube.com/results?search_query=gcp+storage+multi+regional+vs+regional+kannada,https://youtube.com/results?search_query=gcp+storage+multi+regional+vs+regional+tamil,https://youtube.com/results?search_query=gcp+storage+multi+regional+vs+regional+telugu
GCP,Advanced,How does Cloud Pub/Sub's exactly-once delivery differ from at-least-once semantics?,Pub/Sub,Exactly-once delivery,Message deduplication,Idempotency,A,Exactly-once delivery uses message ordering keys and deduplication to prevent duplicates, while at-least-once may redeliver.,Messaging,https://cloud.google.com/pubsub/docs/exactly-once-delivery,https://youtube.com/results?search_query=gcp+pubsub+exactly+once+delivery,https://youtube.com/results?search_query=gcp+pubsub+exactly+once+delivery+hindi,https://youtube.com/results?search_query=gcp+pubsub+exactly+once+delivery+kannada,https://youtube.com/results?search_query=gcp+pubsub+exactly+once+delivery+tamil,https://youtube.com/results?search_query=gcp+pubsub+exactly+once+delivery+telugu
GCP,Advanced,What is the purpose of Cloud Armor and how does it provide DDoS protection at Google scale?,Cloud Armor,DDoS protection,WAF,Security policies,A,Cloud Armor provides network-level DDoS protection and application-layer WAF capabilities leveraging Google's global infrastructure.,Security,https://cloud.google.com/armor/docs/cloud-armor-overview,https://youtube.com/results?search_query=gcp+cloud+armor+ddos+protection,https://youtube.com/results?search_query=gcp+cloud+armor+ddos+protection+hindi,https://youtube.com/results?search_query=gcp+cloud+armor+ddos+protection+kannada,https://youtube.com/results?search_query=gcp+cloud+armor+ddos+protection+tamil,https://youtube.com/results?search_query=gcp+cloud+armor+ddos+protection+telugu
GCP,Advanced,How does BigQuery's separation of storage and compute enable independent scaling?,BigQuery,Storage compute separation,Scalability,Serverless,A,BigQuery's decoupled architecture allows storage to scale independently from compute, enabling on-demand query processing.,Data Analytics,https://cloud.google.com/bigquery/docs/introduction,https://youtube.com/results?search_query=gcp+bigquery+storage+compute+separation,https://youtube.com/results?search_query=gcp+bigquery+storage+compute+separation+hindi,https://youtube.com/results?search_query=gcp+bigquery+storage+compute+separation+kannada,https://youtube.com/results?search_query=gcp+bigquery+storage+compute+separation+tamil,https://youtube.com/results?search_query=gcp+bigquery+storage+compute+separation+telugu
GCP,Advanced,What is the difference between Cloud SQL's high availability and read replicas?,Cloud SQL,High availability,Read replicas,Failover,A,HA provides automated failover with standby instance; read replicas scale reads but require manual promotion for failover.,Databases,https://cloud.google.com/sql/docs/mysql/high-availability,https://youtube.com/results?search_query=gcp+cloud+sql+ha+vs+read+replicas,https://youtube.com/results?search_query=gcp+cloud+sql+ha+vs+read+replicas+hindi,https://youtube.com/results?search_query=gcp+cloud+sql+ha+vs+read+replicas+kannada,https://youtube.com/results?search_query=gcp+cloud+sql+ha+vs+read+replicas+tamil,https://youtube.com/results?search_query=gcp+cloud+sql+ha+vs+read+replicas+telugu
GCP,Advanced,How does Cloud CDN integrate with Google's global network for content delivery?,Cloud CDN,Edge caching,Global network,Low latency,A,Cloud CDN caches content at Google's globally distributed edge points, reducing latency and origin load.,Networking,https://cloud.google.com/cdn/docs/overview,https://youtube.com/results?search_query=gcp+cloud+cdn+global+network,https://youtube.com/results?search_query=gcp+cloud+cdn+global+network+hindi,https://youtube.com/results?search_query=gcp+cloud+cdn+global+network+kannada,https://youtube.com/results?search_query=gcp+cloud+cdn+global+network+tamil,https://youtube.com/results?search_query=gcp+cloud+cdn+global+network+telugu
GCP,Advanced,What is the purpose of Organization Policy Constraints and how do they enforce governance?,Organization policies,Constraints,Resource governance,Compliance,A,Organization Policy Constraints set guardrails on resource configurations across projects for security and compliance.,Governance,https://cloud.google.com/resource-manager/docs/organization-policy/overview,https://youtube.com/results?search_query=gcp+organization+policy+constraints,https://youtube.com/results?search_query=gcp+organization+policy+constraints+hindi,https://youtube.com/results?search_query=gcp+organization+policy+constraints+kannada,https://youtube.com/results?search_query=gcp+organization+policy+constraints+tamil,https://youtube.com/results?search_query=gcp+organization+policy+constraints+telugu
GCP,Advanced,How does Cloud Functions' second generation improve upon first generation architecture?,Cloud Functions,Gen2,Eventarc,Cloud Run underlay,A,Gen2 uses Cloud Run underlay providing longer timeouts, larger instances, and Eventarc for richer event sources.,Compute,https://cloud.google.com/functions/docs/concepts/version-comparison,https://youtube.com/results?search_query=gcp+cloud+functions+gen2+improvements,https://youtube.com/results?search_query=gcp+cloud+functions+gen2+improvements+hindi,https://youtube.com/results?search_query=gcp+cloud+functions+gen2+improvements+kannada,https://youtube.com/results?search_query=gcp+cloud+functions+gen2+improvements+tamil,https://youtube.com/results?search_query=gcp+cloud+functions+gen2+improvements+telugu
GCP,Advanced,What is the difference between Cloud NAT and Cloud Router for network address translation?,Cloud NAT,Cloud Router,NAT gateway,BGP routing,A,Cloud NAT provides outbound NAT for VMs without public IPs; Cloud Router manages BGP sessions for hybrid connectivity.,Networking,https://cloud.google.com/nat/docs/overview,https://youtube.com/results?search_query=gcp+cloud+nat+vs+cloud+router,https://youtube.com/results?search_query=gcp+cloud+nat+vs+cloud+router+hindi,https://youtube.com/results?search_query=gcp+cloud+nat+vs+cloud+router+kannada,https://youtube.com/results?search_query=gcp+cloud+nat+vs+cloud+router+tamil,https://youtube.com/results?search_query=gcp+cloud+nat+vs+cloud+router+telugu
GCP,Advanced,How does Cloud Data Loss Prevention (DLP) automate sensitive data discovery and protection?,DLP,Sensitive data discovery,Data classification,Redaction,A,Cloud DLP uses machine learning to discover, classify, and protect sensitive data through inspection, masking, and redaction.,Security,https://cloud.google.com/dlp/docs/overview,https://youtube.com/results?search_query=gcp+dlp+sensitive+data+protection,https://youtube.com/results?search_query=gcp+dlp+sensitive+data+protection+hindi,https://youtube.com/results?search_query=gcp+dlp+sensitive+data+protection+kannada,https://youtube.com/results?search_query=gcp+dlp+sensitive+data+protection+tamil,https://youtube.com/results?search_query=gcp+dlp+sensitive+data+protection+telugu
GCP,Advanced,What is the purpose of Cloud Scheduler and how does it differ from cron jobs?,Cloud Scheduler,Cron jobs,Job scheduling,HTTP triggers,A,Cloud Scheduler provides managed cron service with HTTP/App Engine/PubSub targets, offering monitoring and retries.,Compute,https://cloud.google.com/scheduler/docs,https://youtube.com/results?search_query=gcp+cloud+scheduler+vs+cron,https://youtube.com/results?search_query=gcp+cloud+scheduler+vs+cron+hindi,https://youtube.com/results?search_query=gcp+cloud+scheduler+vs+cron+kannada,https://youtube.com/results?search_query=gcp+cloud+scheduler+vs+cron+tamil,https://youtube.com/results?search_query=gcp+cloud+scheduler+vs+cron+telugu
GCP,Advanced,How does Cloud Monitoring's uptime checks differ from traditional health monitoring?,Cloud Monitoring,Uptime checks,Global monitoring,Synthetic monitoring,A,Uptime checks perform synthetic monitoring from multiple global locations, detecting issues before real users are affected.,Monitoring,https://cloud.google.com/monitoring/uptime-checks,https://youtube.com/results?search_query=gcp+monitoring+uptime+checks,https://youtube.com/results?search_query=gcp+monitoring+uptime+checks+hindi,https://youtube.com/results?search_query=gcp+monitoring+uptime+checks+kannada,https://youtube.com/results?search_query=gcp+monitoring+uptime+checks+tamil,https://youtube.com/results?search_query=gcp+monitoring+uptime+checks+telugu
GCP,Advanced,What is the difference between Cloud Build and Cloud Deploy for CI/CD pipelines?,Cloud Build,Cloud Deploy,CI/CD,Deployment automation,A,Cloud Build is CI tool for building/testing; Cloud Deploy is CD service for automated deployments to GKE and other targets.,CI/CD,https://cloud.google.com/build/docs/overview,https://youtube.com/results?search_query=gcp+cloud+build+vs+cloud+deploy,https://youtube.com/results?search_query=gcp+cloud+build+vs+cloud+deploy+hindi,https://youtube.com/results?search_query=gcp+cloud+build+vs+cloud+deploy+kannada,https://youtube.com/results?search_query=gcp+cloud+build+vs+cloud+deploy+tamil,https://youtube.com/results?search_query=gcp+cloud+build+vs+cloud+deploy+telugu
GCP,Advanced,How does Cloud Identity-Aware Proxy (IAP) enable zero-trust access to applications?,IAP,Zero-trust,Context-aware access,Identity verification,A,IAP provides identity-based access to apps without VPNs, verifying user identity and context before allowing access.,Security,https://cloud.google.com/iap/docs/concepts-overview,https://youtube.com/results?search_query=gcp+iap+zero+trust+access,https://youtube.com/results?search_query=gcp+iap+zero+trust+access+hindi,https://youtube.com/results?search_query=gcp+iap+zero+trust+access+kannada,https://youtube.com/results?search_query=gcp+iap+zero+trust+access+tamil,https://youtube.com/results?search_query=gcp+iap+zero+trust+access+telugu
GCP,Advanced,What is the purpose of Cloud Composer and how does it manage Apache Airflow workflows?,Cloud Composer,Apache Airflow,Workflow orchestration,Managed service,A,Cloud Composer provides managed Airflow environment with automatic scaling, monitoring, and integration with GCP services.,Data Analytics,https://cloud.google.com/composer/docs/concepts/overview,https://youtube.com/results?search_query=gcp+cloud+composer+airflow,https://youtube.com/results?search_query=gcp+cloud+composer+airflow+hindi,https://youtube.com/results?search_query=gcp+cloud+composer+airflow+kannada,https://youtube.com/results?search_query=gcp+cloud+composer+airflow+tamil,https://youtube.com/results?search_query=gcp+cloud+composer+airflow+telugu
GCP,Advanced,How does Cloud SQL's point-in-time recovery differ from automated backups?,Cloud SQL,PITR,Backup recovery,Continuous backup,A,PITR enables recovery to any timestamp within retention period; automated backups provide scheduled full backups.,Databases,https://cloud.google.com/sql/docs/mysql/backup-recovery/restoring,https://youtube.com/results?search_query=gcp+cloud+sql+pitr+vs+backups,https://youtube.com/results?search_query=gcp+cloud+sql+pitr+vs+backups+hindi,https://youtube.com/results?search_query=gcp+cloud+sql+pitr+vs+backups+kannada,https://youtube.com/results?search_query=gcp+cloud+sql+pitr+vs+backups+tamil,https://youtube.com/results?search_query=gcp+cloud+sql+pitr+vs+backups+telugu
GCP,Advanced,What is the difference between Cloud Interconnect and Cloud VPN for hybrid connectivity?,Cloud Interconnect,Cloud VPN,Hybrid connectivity,Dedicated links,A,Cloud Interconnect provides dedicated low-latency connections; Cloud VPN uses IPsec over internet for site-to-site VPN.,Networking,https://cloud.google.com/network-connectivity/docs/interconnect/concepts/overview,https://youtube.com/results?search_query=gcp+interconnect+vs+vpn,https://youtube.com/results?search_query=gcp+interconnect+vs+vpn+hindi,https://youtube.com/results?search_query=gcp+interconnect+vs+vpn+kannada,https://youtube.com/results?search_query=gcp+interconnect+vs+vpn+tamil,https://youtube.com/results?search_query=gcp+interconnect+vs+vpn+telugu
GCP,Advanced,How does Cloud Dataproc's autoscaling differ from traditional Hadoop cluster management?,Dataproc,Autoscaling,Hadoop,Cluster management,A,Dataproc automatically adds/removes worker nodes based on workload, unlike static clusters requiring manual scaling.,Data Analytics,https://cloud.google.com/dataproc/docs/concepts/configuring-clusters/autoscaling,https://youtube.com/results?search_query=gcp+dataproc+autoscaling+hadoop,https://youtube.com/results?search_query=gcp+dataproc+autoscaling+hadoop+hindi,https://youtube.com/results?search_query=gcp+dataproc+autoscaling+hadoop+kannada,https://youtube.com/results?search_query=gcp+dataproc+autoscaling+hadoop+tamil,https://youtube.com/results?search_query=gcp+dataproc+autoscaling+hadoop+telugu
GCP,Advanced,What is the purpose of Cloud Key Management Service (KMS) and how does it manage encryption keys?,Cloud KMS,Encryption keys,Key rotation,HSM,A,Cloud KMS provides centralized key management with automatic rotation, HSM-backed keys, and audit logging for compliance.,Security,https://cloud.google.com/kms/docs/key-management-service,https://youtube.com/results?search_query=gcp+kms+encryption+key+management,https://youtube.com/results?search_query=gcp+kms+encryption+key+management+hindi,https://youtube.com/results?search_query=gcp+kms+encryption+key+management+kannada,https://youtube.com/results?search_query=gcp+kms+encryption+key+management+tamil,https://youtube.com/results?search_query=gcp+kms+encryption+key+management+telugu
GCP,Advanced,How does Cloud Tasks differ from Cloud Pub/Sub for task queue management?,Cloud Tasks,Task queues,Pull queues,Push queues,A,Cloud Tasks is for HTTP task execution with rate limiting and retry logic; Pub/Sub is for publish-subscribe messaging.,Compute,https://cloud.google.com/tasks/docs/comp-tasks-pubsub,https://youtube.com/results?search_query=gcp+cloud+tasks+vs+pubsub,https://youtube.com/results?search_query=gcp+cloud+tasks+vs+pubsub+hindi,https://youtube.com/results?search_query=gcp+cloud+tasks+vs+pubsub+kannada,https://youtube.com/results?search_query=gcp+cloud+tasks+vs+pubsub+tamil,https://youtube.com/results?search_query=gcp+cloud+tasks+vs+pubsub+telugu
GCP,Advanced,What is the difference between Cloud Run and Cloud Functions for serverless computing?,Cloud Run,Cloud Functions,Serverless,Containers vs functions,A,Cloud Run runs containers with HTTP serving; Cloud Functions runs event-driven functions with simplified deployment.,Compute,https://cloud.google.com/blog/products/serverless/cloud-run-vs-cloud-functions,https://youtube.com/results?search_query=gcp+cloud+run+vs+functions,https://youtube.com/results?search_query=gcp+cloud+run+vs+functions+hindi,https://youtube.com/results?search_query=gcp+cloud+run+vs+functions+kannada,https://youtube.com/results?search_query=gcp+cloud+run+vs+functions+tamil,https://youtube.com/results?search_query=gcp+cloud+run+vs+functions+telugu
GCP,Advanced,How does Cloud Memorystore for Redis cluster mode differ from standard mode?,Memorystore,Redis cluster,Sharding,Horizontal scaling,A,Cluster mode provides automatic sharding and horizontal scaling; standard mode is single instance with read replicas.,Databases,https://cloud.google.com/memorystore/docs/redis/redis-clusters,https://youtube.com/results?search_query=gcp+memorystore+redis+cluster+mode,https://youtube.com/results?search_query=gcp+memorystore+redis+cluster+mode+hindi,https://youtube.com/results?search_query=gcp+memorystore+redis+cluster+mode+kannada,https://youtube.com/results?search_query=gcp+memorystore+redis+cluster+mode+tamil,https://youtube.com/results?search_query=gcp+memorystore+redis+cluster+mode+telugu
GCP,Advanced,What is the purpose of Cloud Audit Logs and how do they support compliance requirements?,Audit Logs,Compliance,Activity tracking,Forensics,A,Cloud Audit Logs record admin activities and data accesses across GCP services for security analysis and compliance.,Security,https://cloud.google.com/logging/docs/audit,https://youtube.com/results?search_query=gcp+audit+logs+compliance,https://youtube.com/results?search_query=gcp+audit+logs+compliance+hindi,https://youtube.com/results?search_query=gcp+audit+logs+compliance+kannada,https://youtube.com/results?search_query=gcp+audit+logs+compliance+tamil,https://youtube.com/results?search_query=gcp+audit+logs+compliance+telugu
GCP,Advanced,How does Cloud Datastore's strong consistency differ from eventual consistency in Firestore?,Datastore,Firestore,Consistency models,ACID transactions,A,Datastore offers strong consistency for ancestor queries; Firestore provides strong consistency for all queries in native mode.,Databases,https://cloud.google.com/datastore/docs/concepts/structuring_for_strong_consistency,https://youtube.com/results?search_query=gcp+datastore+firestore+consistency,https://youtube.com/results?search_query=gcp+datastore+firestore+consistency+hindi,https://youtube.com/results?search_query=gcp+datastore+firestore+consistency+kannada,https://youtube.com/results?search_query=gcp+datastore+firestore+consistency+tamil,https://youtube.com/results?search_query=gcp+datastore+firestore+consistency+telugu
GCP,Advanced,What is the difference between Cloud Load Balancing's internal vs external load balancers?,Load Balancing,Internal LB,External LB,Network tiers,A,Internal LBs route traffic within VPC; external LBs handle internet traffic with global or regional IP addresses.,Networking,https://cloud.google.com/load-balancing/docs/internal,https://youtube.com/results?search_query=gcp+internal+vs+external+load+balancer,https://youtube.com/results?search_query=gcp+internal+vs+external+load+balancer+hindi,https://youtube.com/results?search_query=gcp+internal+vs+external+load+balancer+kannada,https://youtube.com/results?search_query=gcp+internal+vs+external+load+balancer+tamil,https://youtube.com/results?search_query=gcp+internal+vs+external+load+balancer+telugu
GCP,Advanced,How does Cloud TPU's architecture differ from traditional GPU for machine learning workloads?,Cloud TPU,Matrix multiplication,ML accelerators,Tensor processing,A,TPUs are custom ASICs optimized for matrix operations in neural networks; GPUs are general-purpose parallel processors.,AI/ML,https://cloud.google.com/tpu/docs/tpus,https://youtube.com/results?search_query=gcp+tpu+vs+gpu+architecture,https://youtube.com/results?search_query=gcp+tpu+vs+gpu+architecture+hindi,https://youtube.com/results?search_query=gcp+tpu+vs+gpu+architecture+kannada,https://youtube.com/results?search_query=gcp+tpu+vs+gpu+architecture+tamil,https://youtube.com/results?search_query=gcp+tpu+vs+gpu+architecture+telugu
GCP,Advanced,What is the purpose of Cloud Data Catalog and how does it enable data discovery?,Data Catalog,Metadata management,Data discovery,Tagging,A,Data Catalog provides centralized metadata management with search and discovery across GCP data assets.,Data Analytics,https://cloud.google.com/data-catalog/docs/concepts/overview,https://youtube.com/results?search_query=gcp+data+catalog+discovery,https://youtube.com/results?search_query=gcp+data+catalog+discovery+hindi,https://youtube.com/results?search_query=gcp+data+catalog+discovery+kannada,https://youtube.com/results?search_query=gcp+data+catalog+discovery+tamil,https://youtube.com/results?search_query=gcp+data+catalog+discovery+telugu
GCP,Advanced,How does Cloud Storage's object versioning differ from object lifecycle management?,Cloud Storage,Object versioning,Lifecycle management,Data retention,A,Versioning keeps multiple object versions; lifecycle management automates transitions between storage classes/deletion.,Storage,https://cloud.google.com/storage/docs/object-versioning,https://youtube.com/results?search_query=gcp+storage+versioning+vs+lifecycle,https://youtube.com/results?search_query=gcp+storage+versioning+vs+lifecycle+hindi,https://youtube.com/results?search_query=gcp+storage+versioning+vs+lifecycle+kannada,https://youtube.com/results?search_query=gcp+storage+versioning+vs+lifecycle+tamil,https://youtube.com/results?search_query=gcp+storage+versioning+vs+lifecycle+telugu
GCP,Advanced,What is the difference between Cloud Identity and Cloud IAM for access management?,Cloud Identity,IAM,Directory service,User management,A,Cloud Identity is managed directory service for users/groups; IAM controls resource access for those identities.,IAM,https://cloud.google.com/identity/docs/overview,https://youtube.com/results?search_query=gcp+cloud+identity+vs+iam,https://youtube.com/results?search_query=gcp+cloud+identity+vs+iam+hindi,https://youtube.com/results?search_query=gcp+cloud+identity+vs+iam+kannada,https://youtube.com/results?search_query=gcp+cloud+identity+vs+iam+tamil,https://youtube.com/results?search_query=gcp+cloud+identity+vs+iam+telugu
GCP,Advanced,How does Cloud Endpoints differ from Apigee for API management?,Cloud Endpoints,Apigee,API management,API gateway,A,Endpoints is lightweight API gateway for Cloud Run/GKE; Apigee is full-featured API management platform for enterprises.,Networking,https://cloud.google.com/endpoints/docs/openapi/about-cloud-endpoints,https://youtube.com/results?search_query=gcp+endpoints+vs+apigee,https://youtube.com/results?search_query=gcp+endpoints+vs+apigee+hindi,https://youtube.com/results?search_query=gcp+endpoints+vs+apigee+kannada,https://youtube.com/results?search_query=gcp+endpoints+vs+apigee+tamil,https://youtube.com/results?search_query=gcp+endpoints+vs+apigee+telugu
GCP,Advanced,What is the purpose of Cloud Data Fusion and how does it simplify ETL pipeline development?,Data Fusion,ETL pipelines,Visual development,Data integration,A,Data Fusion provides visual ETL development with 150+ pre-built connectors and managed execution on Dataproc.,Data Analytics,https://cloud.google.com/data-fusion/docs/concepts/overview,https://youtube.com/results?search_query=gcp+data+fusion+etl,https://youtube.com/results?search_query=gcp+data+fusion+etl+hindi,https://youtube.com/results?search_query=gcp+data+fusion+etl+kannada,https://youtube.com/results?search_query=gcp+data+fusion+etl+tamil,https://youtube.com/results?search_query=gcp+data+fusion+etl+telugu
GCP,Advanced,How does Cloud Run Jobs differ from Cloud Run Services for batch processing?,Cloud Run Jobs,Batch processing,One-off tasks,Service execution,A,Cloud Run Jobs execute containers to completion for batch jobs; Services handle HTTP requests and scale to zero.,Compute,https://cloud.google.com/run/docs/create-jobs,https://youtube.com/results?search_query=gcp+cloud+run+jobs+vs+services,https://youtube.com/results?search_query=gcp+cloud+run+jobs+vs+services+hindi,https://youtube.com/results?search_query=gcp+cloud+run+jobs+vs+services+kannada,https://youtube.com/results?search_query=gcp+cloud+run+jobs+vs+services+tamil,https://youtube.com/results?search_query=gcp+cloud+run+jobs+vs+services+telugu
GCP,Advanced,What is the difference between Cloud Router's custom route advertisements and learned routes?,Cloud Router,BGP routes,Custom advertisements,Route learning,A,Custom routes are advertised to on-prem; learned routes are received from on-prem for dynamic routing updates.,Networking,https://cloud.google.com/router/docs/how-to/advertising-custom-routes,https://youtube.com/results?search_query=gcp+cloud+router+custom+routes,https://youtube.com/results?search_query=gcp+cloud+router+custom+routes+hindi,https://youtube.com/results?search_query=gcp+cloud+router+custom+routes+kannada,https://youtube.com/results?search_query=gcp+cloud+router+custom+routes+tamil,https://youtube.com/results?search_query=gcp+cloud+router+custom+routes+telugu
GCP,Advanced,How does Cloud Bigtable's replication differ from traditional database replication?,Bigtable,Replication clusters,Multi-cluster routing,Low latency,A,Bigtable uses replication clusters with application-level routing for low-latency reads and high availability.,Databases,https://cloud.google.com/bigtable/docs/replication-overview,https://youtube.com/results?search_query=gcp+bigtable+replication+architecture,https://youtube.com/results?search_query=gcp+bigtable+replication+architecture+hindi,https://youtube.com/results?search_query=gcp+bigtable+replication+architecture+kannada,https://youtube.com/results?search_query=gcp+bigtable+replication+architecture+tamil,https://youtube.com/results?search_query=gcp+bigtable+replication+architecture+telugu
GCP,Advanced,What is the purpose of Cloud Talent Solution and how does it use AI for job search?,Talent Solution,AI matching,Job search,Semantic search,A,Talent Solution uses AI for semantic job search, skill matching, and candidate ranking beyond keyword matching.,AI/ML,https://cloud.google.com/solutions/talent-solution,https://youtube.com/results?search_query=gcp+talent+solution+ai,https://youtube.com/results?search_query=gcp+talent+solution+ai+hindi,https://youtube.com/results?search_query=gcp+talent+solution+ai+kannada,https://youtube.com/results?search_query=gcp+talent+solution+ai+tamil,https://youtube.com/results?search_query=gcp+talent+solution+ai+telugu
GCP,Advanced,How does Cloud Monitoring's SLO-based alerting differ from metric-based alerting?,Cloud Monitoring,SLO alerting,Service reliability,Burn rate,A,SLO alerting uses error budget burn rate; metric alerting triggers on threshold breaches for individual metrics.,Monitoring,https://cloud.google.com/blog/products/management-tools/slo-based-alerting,https://youtube.com/results?search_query=gcp+monitoring+slo+alerting,https://youtube.com/results?search_query=gcp+monitoring+slo+alerting+hindi,https://youtube.com/results?search_query=gcp+monitoring+slo+alerting+kannada,https://youtube.com/results?search_query=gcp+monitoring+slo+alerting+tamil,https://youtube.com/results?search_query=gcp+monitoring+slo+alerting+telugu
GCP,Advanced,What is the difference between Cloud SQL's private IP and public IP connectivity?,Cloud SQL,Private IP,Public IP,Network isolation,A,Private IP uses VPC peering for isolated network; public IP allows internet access with authorized networks.,Databases,https://cloud.google.com/sql/docs/mysql/private-ip,https://youtube.com/results?search_query=gcp+cloud+sql+private+vs+public+ip,https://youtube.com/results?search_query=gcp+cloud+sql+private+vs+public+ip+hindi,https://youtube.com/results?search_query=gcp+cloud+sql+private+vs+public+ip+kannada,https://youtube.com/results?search_query=gcp+cloud+sql+private+vs+public+ip+tamil,https://youtube.com/results?search_query=gcp+cloud+sql+private+vs+public+ip+telugu
GCP,Advanced,How does Cloud Build's build triggers differ from manual builds for CI/CD?,Cloud Build,Triggers,Automated builds,Event-driven,A,Build triggers automatically start builds on code changes, webhooks, or schedules; manual builds require explicit initiation.,CI/CD,https://cloud.google.com/build/docs/automating-builds/create-manage-triggers,https://youtube.com/results?search_query=gcp+cloud+build+triggers,https://youtube.com/results?search_query=gcp+cloud+build+triggers+hindi,https://youtube.com/results?search_query=gcp+cloud+build+triggers+kannada,https://youtube.com/results?search_query=gcp+cloud+build+triggers+tamil,https://youtube.com/results?search_query=gcp+cloud+build+triggers+telugu
GCP,Advanced,What is the purpose of Cloud Healthcare API and how does it handle healthcare data?,Healthcare API,FHIR standards,Medical data,Compliance,A,Healthcare API manages healthcare data using FHIR/HL7 standards with built-in consent management and audit trails.,Healthcare,https://cloud.google.com/healthcare-api/docs/concepts/overview,https://youtube.com/results?search_query=gcp+healthcare+api+medical+data,https://youtube.com/results?search_query=gcp+healthcare+api+medical+data+hindi,https://youtube.com/results?search_query=gcp+healthcare+api+medical+data+kannada,https://youtube.com/results?search_query=gcp+healthcare+api+medical+data+tamil,https://youtube.com/results?search_query=gcp+healthcare+api+medical+data+telugu
GCP,Advanced,How does Cloud Dataflow's streaming engine differ from batch processing engine?,Dataflow,Streaming engine,Unified model,Real-time processing,A,Streaming engine provides lower latency, autoscaling, and exactly-once processing for streaming pipelines.,Data Analytics,https://cloud.google.com/dataflow/docs/guides/deploying-a-pipeline#streaming-engine,https://youtube.com/results?search_query=gcp+dataflow+streaming+engine,https://youtube.com/results?search_query=gcp+dataflow+streaming+engine+hindi,https://youtube.com/results?search_query=gcp+dataflow+streaming+engine+kannada,https://youtube.com/results?search_query=gcp+dataflow+streaming+engine+tamil,https://youtube.com/results?search_query=gcp+dataflow+streaming+engine+telugu
GCP,Advanced,What is the difference between Cloud DNS's public and private zones?,Cloud DNS,Public zones,Private zones,DNS resolution,A,Public zones resolve internet DNS; private zones resolve internal names within VPC networks only.,Networking,https://cloud.google.com/dns/docs/overview,https://youtube.com/results?search_query=gcp+cloud+dns+public+vs+private,https://youtube.com/results?search_query=gcp+cloud+dns+public+vs+private+hindi,https://youtube.com/results?search_query=gcp+cloud+dns+public+vs+private+kannada,https://youtube.com/results?search_query=gcp+cloud+dns+public+vs+private+tamil,https://youtube.com/results?search_query=gcp+cloud+dns+public+vs+private+telugu
GCP,Advanced,How does Cloud Vision API's object localization differ from object detection?,Vision API,Object localization,Bounding boxes,Image analysis,A,Localization provides bounding boxes for detected objects; detection identifies objects without precise location.,AI/ML,https://cloud.google.com/vision/docs/object-localization,https://youtube.com/results?search_query=gcp+vision+api+localization+vs+detection,https://youtube.com/results?search_query=gcp+vision+api+localization+vs+detection+hindi,https://youtube.com/results?search_query=gcp+vision+api+localization+vs+detection+kannada,https://youtube.com/results?search_query=gcp+vision+api+localization+vs+detection+tamil,https://youtube.com/results?search_query=gcp+vision+api+localization+vs+detection+telugu
GCP,Advanced,What is the purpose of Cloud Asset Inventory and how does it track resource metadata?,Asset Inventory,Resource tracking,Metadata discovery,Configuration management,A,Asset Inventory catalogs GCP resource metadata and relationships for security, compliance, and management.,Governance,https://cloud.google.com/asset-inventory/docs/overview,https://youtube.com/results?search_query=gcp+asset+inventory+tracking,https://youtube.com/results?search_query=gcp+asset+inventory+tracking+hindi,https://youtube.com/results?search_query=gcp+asset+inventory+tracking+kannada,https://youtube.com/results?search_query=gcp+asset+inventory+tracking+tamil,https://youtube.com/results?search_query=gcp+asset+inventory+tracking+telugu
GCP,Advanced,How does Cloud Run's min-instances setting affect cold start performance?,Cloud Run,Min instances,Cold starts,Always ready,A,Min-instances keeps specified containers always warm, eliminating cold starts but incurring continuous costs.,Compute,https://cloud.google.com/run/docs/configuring/min-instances,https://youtube.com/results?search_query=gcp+cloud+run+min+instances+cold+starts,https://youtube.com/results?search_query=gcp+cloud+run+min+instances+cold+starts+hindi,https://youtube.com/results?search_query=gcp+cloud+run+min+instances+cold+starts+kannada,https://youtube.com/results?search_query=gcp+cloud+run+min+instances+cold+starts+tamil,https://youtube.com/results?search_query=gcp+cloud+run+min+instances+cold+starts+telugu
GCP,Advanced,What is the difference between Cloud Storage's uniform and fine-grained bucket ACLs?,Cloud Storage,Bucket ACLs,Uniform access,Fine-grained,A,Uniform bucket-level IAM applies to all objects; fine-grained ACLs allow per-object permissions (legacy).,Storage,https://cloud.google.com/storage/docs/uniform-bucket-level-access,https://youtube.com/results?search_query=gcp+storage+uniform+vs+fine+grained+acls,https://youtube.com/results?search_query=gcp+storage+uniform+vs+fine+grained+acls+hindi,https://youtube.com/results?search_query=gcp+storage+uniform+vs+fine+grained+acls+kannada,https://youtube.com/results?search_query=gcp+storage+uniform+vs+fine+grained+acls+tamil,https://youtube.com/results?search_query=gcp+storage+uniform+vs+fine+grained+acls+telugu
GCP,Advanced,How does Cloud Speech-to-Text's enhanced models differ from standard models?,Speech-to-Text,Enhanced models,Audio processing,Accurate transcription,A,Enhanced models use Google's latest ML for better accuracy with specific domains like phone calls or video.,AI/ML,https://cloud.google.com/speech-to-text/docs/enhanced-models,https://youtube.com/results?search_query=gcp+speech+enhanced+models,https://youtube.com/results?search_query=gcp+speech+enhanced+models+hindi,https://youtube.com/results?search_query=gcp+speech+enhanced+models+kannada,https://youtube.com/results?search_query=gcp+speech+enhanced+models+tamil,https://youtube.com/results?search_query=gcp+speech+enhanced+models+telugu
GCP,Advanced,What is the purpose of Cloud Deployment Manager and how does it differ from Terraform?,Deployment Manager,Infrastructure as code,Template-based,Terraform comparison,A,Deployment Manager uses YAML templates for GCP-only deployments; Terraform supports multi-cloud with HCL.,Management,https://cloud.google.com/deployment-manager/docs,https://youtube.com/results?search_query=gcp+deployment+manager+vs+terraform,https://youtube.com/results?search_query=gcp+deployment+manager+vs+terraform+hindi,https://youtube.com/results?search_query=gcp+deployment+manager+vs+terraform+kannada,https://youtube.com/results?search_query=gcp+deployment+manager+vs+terraform+tamil,https://youtube.com/results?search_query=gcp+deployment+manager+vs+terraform+telugu
GCP,Advanced,How does Cloud Memorystore's AUTH feature enhance Redis security?,Memorystore,AUTH,Redis security,Authentication,A,AUTH enables Redis password authentication for client connections, adding security layer to in-memory data store.,Security,https://cloud.google.com/memorystore/docs/redis/auth-enable,https://youtube.com/results?search_query=gcp+memorystore+redis+auth,https://youtube.com/results?search_query=gcp+memorystore+redis+auth+hindi,https://youtube.com/results?search_query=gcp+memorystore+redis+auth+kannada,https://youtube.com/results?search_query=gcp+memorystore+redis+auth+tamil,https://youtube.com/results?search_query=gcp+memorystore+redis+auth+telugu
GCP,Advanced,What is the difference between Cloud SQL's failover replicas and read replicas?,Cloud SQL,Failover replicas,Read replicas,High availability,A,Failover replicas provide automatic HA with synchronous replication; read replicas are async for read scaling.,Databases,https://cloud.google.com/sql/docs/mysql/replication,https://youtube.com/results?search_query=gcp+cloud+sql+failover+vs+read+replicas,https://youtube.com/results?search_query=gcp+cloud+sql+failover+vs+read+replicas+hindi,https://youtube.com/results?search_query=gcp+cloud+sql+failover+vs+read+replicas+kannada,https://youtube.com/results?search_query=gcp+cloud+sql+failover+vs+read+replicas+tamil,https://youtube.com/results?search_query=gcp+cloud+sql+failover+vs+read+replicas+telugu
GCP,Advanced,How does Cloud IoT Core's device registry differ from device manager for IoT devices?,IoT Core,Device registry,Device management,MQTT broker,A,Device registry stores device metadata and credentials; device manager handles device state and configuration.,IoT,https://cloud.google.com/iot/docs/concepts/devices,https://youtube.com/results?search_query=gcp+iot+core+device+registry,https://youtube.com/results?search_query=gcp+iot+core+device+registry+hindi,https://youtube.com/results?search_query=gcp+iot+core+device+registry+kannada,https://youtube.com/results?search_query=gcp+iot+core+device+registry+tamil,https://youtube.com/results?search_query=gcp+iot+core+device+registry+telugu
GCP,Advanced,What is the purpose of Cloud Natural Language's entity sentiment analysis?,Natural Language,Entity sentiment,Text analysis,Opinion mining,A,Entity sentiment detects sentiment (positive/negative) about specific entities mentioned in text, not just overall sentiment.,AI/ML,https://cloud.google.com/natural-language/docs/analyzing-entity-sentiment,https://youtube.com/results?search_query=gcp+natural+language+entity+sentiment,https://youtube.com/results?search_query=gcp+natural+language+entity+sentiment+hindi,https://youtube.com/results?search_query=gcp+natural+language+entity+sentiment+kannada,https://youtube.com/results?search_query=gcp+natural+language+entity+sentiment+tamil,https://youtube.com/results?search_query=gcp+natural+language+entity+sentiment+telugu
GCP,Advanced,How does Cloud Storage Transfer Service differ from gsutil for data migration?,Storage Transfer Service,Bulk migration,Scheduled transfers,gsutil comparison,A,Transfer Service provides managed bulk transfers with scheduling; gsutil is command-line for manual operations.,Storage,https://cloud.google.com/storage-transfer/docs/overview,https://youtube.com/results?search_query=gcp+storage+transfer+vs+gsutil,https://youtube.com/results?search_query=gcp+storage+transfer+vs+gsutil+hindi,https://youtube.com/results?search_query=gcp+storage+transfer+vs+gsutil+kannada,https://youtube.com/results?search_query=gcp+storage+transfer+vs+gsutil+tamil,https://youtube.com/results?search_query=gcp+storage+transfer+vs+gsutil+telugu
GCP,Advanced,What is the difference between Cloud Scheduler's retry configuration and Pub/Sub's retry policy?,Cloud Scheduler,Retry configuration,Job retries,Exponential backoff,A,Scheduler retries failed HTTP jobs with exponential backoff; Pub/Sub retries message delivery with acknowledgment deadline.,Compute,https://cloud.google.com/scheduler/docs/retrying-failed-jobs,https://youtube.com/results?search_query=gcp+scheduler+vs+pubsub+retry,https://youtube.com/results?search_query=gcp+scheduler+vs+pubsub+retry+hindi,https://youtube.com/results?search_query=gcp+scheduler+vs+pubsub+retry+kannada,https://youtube.com/results?search_query=gcp+scheduler+vs+pubsub+retry+tamil,https://youtube.com/results?search_query=gcp+scheduler+vs+pubsub+retry+telugu
GCP,Advanced,How does Cloud Build's machine type selection affect build performance?,Cloud Build,Machine types,Build performance,Parallel execution,A,Machine types (N1, N2, E2, C2) provide different CPU/memory configurations affecting build speed and parallelism.,CI/CD,https://cloud.google.com/build/docs/build-configuration-file-schema#machine_type,https://youtube.com/results?search_query=gcp+cloud+build+machine+types,https://youtube.com/results?search_query=gcp+cloud+build+machine+types+hindi,https://youtube.com/results?search_query=gcp+cloud+build+machine+types+kannada,https://youtube.com/results?search_query=gcp+cloud+build+machine+types+tamil,https://youtube.com/results?search_query=gcp+cloud+build+machine+types+telugu
GCP,Advanced,What is the purpose of Cloud Dataflow's flex templates and how do they improve pipeline portability?,Dataflow,Flex templates,Pipeline portability,Template versioning,A,Flex templates package pipelines as Docker images for version control, sharing, and execution across environments.,Data Analytics,https://cloud.google.com/dataflow/docs/concepts/dataflow-templates,https://youtube.com/results?search_query=gcp+dataflow+flex+templates,https://youtube.com/results?search_query=gcp+dataflow+flex+templates+hindi,https://youtube.com/results?search_query=gcp+dataflow+flex+templates+kannada,https://youtube.com/results?search_query=gcp+dataflow+flex+templates+tamil,https://youtube.com/results?search_query=gcp+dataflow+flex+templates+telugu
GCP,Advanced,How does Cloud Run's CPU throttling affect background processing workloads?,Cloud Run,CPU throttling,Background processing,Request-based,A,Cloud Run throttles CPU between requests, limiting background processing; use Cloud Run Jobs for CPU-intensive work.,Compute,https://cloud.google.com/run/docs/tips/general#background-processing,https://youtube.com/results?search_query=gcp+cloud+run+cpu+throttling,https://youtube.com/results?search_query=gcp+cloud+run+cpu+throttling+hindi,https://youtube.com/results?search_query=gcp+cloud+run+cpu+throttling+kannada,https://youtube.com/results?search_query=gcp+cloud+run+cpu+throttling+tamil,https://youtube.com/results?search_query=gcp+cloud+run+cpu+throttling+telugu
GCP,Advanced,What is the difference between Cloud Monitoring's metrics explorer and dashboards?,Cloud Monitoring,Metrics explorer,Dashboards,Data visualization,A,Metrics explorer is for ad-hoc metric analysis; dashboards provide curated views with multiple charts and metrics.,Monitoring,https://cloud.google.com/monitoring/charts/metrics-explorer,https://youtube.com/results?search_query=gcp+monitoring+metrics+explorer+vs+dashboards,https://youtube.com/results?search_query=gcp+monitoring+metrics+explorer+vs+dashboards+hindi,https://youtube.com/results?search_query=gcp+monitoring+metrics+explorer+vs+dashboards+kannada,https://youtube.com/results?search_query=gcp+monitoring+metrics+explorer+vs+dashboards+tamil,https://youtube.com/results?search_query=gcp+monitoring+metrics+explorer+vs+dashboards+telugu
GCP,Advanced,How does Cloud SQL's automatic storage increase differ from manual storage management?,Cloud SQL,Storage auto-increase,Storage management,Capacity planning,A,Automatic storage increase adds space when nearing capacity; manual requires monitoring and explicit resizing.,Databases,https://cloud.google.com/sql/docs/mysql/instance-settings#automatic-storage-increase,https://youtube.com/results?search_query=gcp+cloud+sql+storage+auto+increase,https://youtube.com/results?search_query=gcp+cloud+sql+storage+auto+increase+hindi,https://youtube.com/results?search_query=gcp+cloud+sql+storage+auto+increase+kannada,https://youtube.com/results?search_query=gcp+cloud+sql+storage+auto+increase+tamil,https://youtube.com/results?search_query=gcp+cloud+sql+storage+auto+increase+telugu
GCP,Advanced,What is the purpose of Cloud Trace and how does it analyze latency in distributed systems?,Cloud Trace,Latency analysis,Distributed tracing,Performance profiling,A,Cloud Trace collects latency data from applications to visualize performance bottlenecks in distributed systems.,Monitoring,https://cloud.google.com/trace/docs/overview,https://youtube.com/results?search_query=gcp+cloud+trace+latency+analysis,https://youtube.com/results?search_query=gcp+cloud+trace+latency+analysis+hindi,https://youtube.com/results?search_query=gcp+cloud+trace+latency+analysis+kannada,https://youtube.com/results?search_query=gcp+cloud+trace+latency+analysis+tamil,https://youtube.com/results?search_query=gcp+cloud+trace+latency+analysis+telugu
GCP,Advanced,How does Cloud Build's build artifacts differ from Cloud Storage for artifact storage?,Cloud Build,Artifact registry,Cloud Storage,Build outputs,A,Build artifacts stored in Artifact Registry with versioning and vulnerability scanning; Cloud Storage is generic storage.,CI/CD,https://cloud.google.com/build/docs/build-artifacts,https://youtube.com/results?search_query=gcp+cloud+build+artifacts+storage,https://youtube.com/results?search_query=gcp+cloud+build+artifacts+storage+hindi,https://youtube.com/results?search_query=gcp+cloud+build+artifacts+storage+kannada,https://youtube.com/results?search_query=gcp+cloud+build+artifacts+storage+tamil,https://youtube.com/results?search_query=gcp+cloud+build+artifacts+storage+telugu
GCP,Advanced,What is the difference between Cloud Run's CPU allocation and memory allocation models?,Cloud Run,CPU allocation,Memory allocation,Resource scaling,A,CPU scales with concurrency settings; memory is provisioned per container instance and affects scaling decisions.,Compute,https://cloud.google.com/run/docs/configuring/cpu,https://youtube.com/results?search_query=gcp+cloud+run+cpu+memory+allocation,https://youtube.com/results?search_query=gcp+cloud+run+cpu+memory+allocation+hindi,https://youtube.com/results?search_query=gcp+cloud+run+cpu+memory+allocation+kannada,https://youtube.com/results?search_query=gcp+cloud+run+cpu+memory+allocation+tamil,https://youtube.com/results?search_query=gcp+cloud+run+cpu+memory+allocation+telugu
GCP,Advanced,How does Cloud Data Catalog's tag templates enable custom metadata management?,Data Catalog,Tag templates,Custom metadata,Schema definition,A,Tag templates define custom metadata schemas that can be attached to data assets for enriched discovery.,Data Analytics,https://cloud.google.com/data-catalog/docs/tags-and-tag-templates,https://youtube.com/results?search_query=gcp+data+catalog+tag+templates,https://youtube.com/results?search_query=gcp+data+catalog+tag+templates+hindi,https://youtube.com/results?search_query=gcp+data+catalog+tag+templates+kannada,https://youtube.com/results?search_query=gcp+data+catalog+tag+templates+tamil,https://youtube.com/results?search_query=gcp+data+catalog+tag+templates+telugu
GCP,Advanced,What is the purpose of Cloud Profiler and how does it identify performance bottlenecks?,Cloud Profiler,CPU profiling,Performance analysis,Code optimization,A,Cloud Profiler collects CPU and memory profiles from production applications to identify optimization opportunities.,Monitoring,https://cloud.google.com/profiler/docs/about-profiler,https://youtube.com/results?search_query=gcp+cloud+profiler+performance,https://youtube.com/results?search_query=gcp+cloud+profiler+performance+hindi,https://youtube.com/results?search_query=gcp+cloud+profiler+performance+kannada,https://youtube.com/results?search_query=gcp+cloud+profiler+performance+tamil,https://youtube.com/results?search_query=gcp+cloud+profiler+performance+telugu
GCP,Advanced,How does Cloud Storage's retention policies differ from holds for compliance data retention?,Cloud Storage,Retention policies,Holds,Compliance locks,A,Retention policies set minimum retention periods; holds (legal/event-based) prevent deletion until released.,Storage,https://cloud.google.com/storage/docs/bucket-lock,https://youtube.com/results?search_query=gcp+storage+retention+vs+holds,https://youtube.com/results?search_query=gcp+storage+retention+vs+holds+hindi,https://youtube.com/results?search_query=gcp+storage+retention+vs+holds+kannada,https://youtube.com/results?search_query=gcp+storage+retention+vs+holds+tamil,https://youtube.com/results?search_query=gcp+storage+retention+vs+holds+telugu
GCP,Advanced,What is the difference between Cloud IAM's predefined roles and custom roles?,IAM,Predefined roles,Custom roles,Permission granularity,A,Predefined roles are Google-managed with broad permissions; custom roles allow fine-grained permission combinations.,IAM,https://cloud.google.com/iam/docs/understanding-roles,https://youtube.com/results?search_query=gcp+iam+predefined+vs+custom+roles,https://youtube.com/results?search_query=gcp+iam+predefined+vs+custom+roles+hindi,https://youtube.com/results?search_query=gcp+iam+predefined+vs+custom+roles+kannada,https://youtube.com/results?search_query=gcp+iam+predefined+vs+custom+roles+tamil,https://youtube.com/results?search_query=gcp+iam+predefined+vs+custom+roles+telugu
GCP,Advanced,How does Cloud Run's request timeout setting affect long-running operations?,Cloud Run,Request timeout,Long-running operations,Background processing,A,Request timeout (max 60min) limits request duration; use asynchronous processing or Cloud Run Jobs for longer tasks.,Compute,https://cloud.google.com/run/docs/configuring/request-timeout,https://youtube.com/results?search_query=gcp+cloud+run+request+timeout,https://youtube.com/results?search_query=gcp+cloud+run+request+timeout+hindi,https://youtube.com/results?search_query=gcp+cloud+run+request+timeout+kannada,https://youtube.com/results?search_query=gcp+cloud+run+request+timeout+tamil,https://youtube.com/results?search_query=gcp+cloud+run+request+timeout+telugu
GCP,Advanced,What is the purpose of Cloud Dataflow's side inputs and how do they enrich pipeline processing?,Dataflow,Side inputs,Broadcast variables,Data enrichment,A,Side inputs allow pipelines to read additional data (lookup tables, configs) to enrich main data processing.,Data Analytics,https://cloud.google.com/dataflow/docs/guides/side-inputs,https://youtube.com/results?search_query=gcp+dataflow+side+inputs,https://youtube.com/results?search_query=gcp+dataflow+side+inputs+hindi,https://youtube.com/results?search_query=gcp+dataflow+side+inputs+kannada,https://youtube.com/results?search_query=gcp+dataflow+side+inputs+tamil,https://youtube.com/results?search_query=gcp+dataflow+side+inputs+telugu
GCP,Advanced,How does Cloud Memorystore's maintenance windows affect Redis availability?,Memorystore,Maintenance windows,Scheduled maintenance,Availability,A,Maintenance windows allow scheduling updates during low-traffic periods to minimize impact on Redis availability.,Databases,https://cloud.google.com/memorystore/docs/redis/scheduling-maintenance,https://youtube.com/results?search_query=gcp+memorystore+maintenance+windows,https://youtube.com/results?search_query=gcp+memorystore+maintenance+windows+hindi,https://youtube.com/results?search_query=gcp+memorystore+maintenance+windows+kannada,https://youtube.com/results?search_query=gcp+memorystore+maintenance+windows+tamil,https://youtube.com/results?search_query=gcp+memorystore+maintenance+windows+telugu
GCP,Advanced,What is the difference between Cloud CDN's signed URLs and signed cookies for content protection?,Cloud CDN,Signed URLs,Signed cookies,Content authorization,A,Signed URLs grant access to specific objects; signed cookies grant access to multiple objects without URL modification.,Networking,https://cloud.google.com/cdn/docs/using-signed-urls,https://youtube.com/results?search_query=gcp+cdn+signed+urls+vs+cookies,https://youtube.com/results?search_query=gcp+cdn+signed+urls+vs+cookies+hindi,https://youtube.com/results?search_query=gcp+cdn+signed+urls+vs+cookies+kannada,https://youtube.com/results?search_query=gcp+cdn+signed+urls+vs+cookies+tamil,https://youtube.com/results?search_query=gcp+cdn+signed+urls+vs+cookies+telugu
GCP,Advanced,How does Cloud Build's build steps parallelism improve build performance?,Cloud Build,Parallel steps,Build optimization,Concurrent execution,A,Parallel steps execute independent build steps concurrently, reducing total build time for multi-stage pipelines.,CI/CD,https://cloud.google.com/build/docs/configuring-builds/configure-build-step-order,https://youtube.com/results?search_query=gcp+cloud+build+parallel+steps,https://youtube.com/results?search_query=gcp+cloud+build+parallel+steps+hindi,https://youtube.com/results?search_query=gcp+cloud+build+parallel+steps+kannada,https://youtube.com/results?search_query=gcp+cloud+build+parallel+steps+tamil,https://youtube.com/results?search_query=gcp+cloud+build+parallel+steps+telugu
GCP,Advanced,What is the purpose of Cloud Data Loss Prevention's de-identification techniques?,DLP,De-identification,Data masking,Privacy protection,A,DLP provides de-identification methods like masking, tokenization, and bucketing to protect sensitive data.,Security,https://cloud.google.com/dlp/docs/transformation-reference,https://youtube.com/results?search_query=gcp+dlp+de+identification,https://youtube.com/results?search_query=gcp+dlp+de+identification+hindi,https://youtube.com/results?search_query=gcp+dlp+de+identification+kannada,https://youtube.com/results?search_query=gcp+dlp+de+identification+tamil,https://youtube.com/results?search_query=gcp+dlp+de+identification+telugu
GCP,Advanced,How does Cloud Run's CPU always allocated differ from request-based allocation?,Cloud Run,CPU allocation,Always allocated,Background CPU,A,Always allocated CPU provides continuous CPU for background tasks; request-based only allocates during requests.,Compute,https://cloud.google.com/run/docs/configuring/cpu-allocation,https://youtube.com/results?search_query=gcp+cloud+run+cpu+always+allocated,https://youtube.com/results?search_query=gcp+cloud+run+cpu+always+allocated+hindi,https://youtube.com/results?search_query=gcp+cloud+run+cpu+always+allocated+kannada,https://youtube.com/results?search_query=gcp+cloud+run+cpu+always+allocated+tamil,https://youtube.com/results?search_query=gcp+cloud+run+cpu+always+allocated+telugu
GCP,Advanced,What is the difference between Cloud Monitoring's uptime check regions and global monitoring?,Cloud Monitoring,Uptime regions,Global checks,Regional availability,A,Uptime check regions specify locations for synthetic monitoring; global monitoring aggregates across all regions.,Monitoring,https://cloud.google.com/monitoring/uptime-checks/managing-uptime-checks#regions,https://youtube.com/results?search_query=gcp+monitoring+uptime+regions,https://youtube.com/results?search_query=gcp+monitoring+uptime+regions+hindi,https://youtube.com/results?search_query=gcp+monitoring+uptime+regions+kannada,https://youtube.com/results?search_query=gcp+monitoring+uptime+regions+tamil,https://youtube.com/results?search_query=gcp+monitoring+uptime+regions+telugu
GCP,Advanced,How does Cloud SQL's instance cloning differ from backup restoration?,Cloud SQL,Instance cloning,Backup restore,Point-in-time copy,A,Cloning creates new instance from source's data and configuration; restore creates instance from backup.,Databases,https://cloud.google.com/sql/docs/mysql/clone-instance,https://youtube.com/results?search_query=gcp+cloud+sql+cloning+vs+restore,https://youtube.com/results?search_query=gcp+cloud+sql+cloning+vs+restore+hindi,https://youtube.com/results?search_query=gcp+cloud+sql+cloning+vs+restore+kannada,https://youtube.com/results?search_query=gcp+cloud+sql+cloning+vs+restore+tamil,https://youtube.com/results?search_query=gcp+cloud+sql+cloning+vs+restore+telugu
GCP,Advanced,What is the purpose of Cloud Build's build substitutions and how do they parameterize builds?,Cloud Build,Substitutions,Build parameters,Variable replacement,A,Substitutions replace variables in build configuration files, enabling parameterized builds for different environments.,CI/CD,https://cloud.google.com/build/docs/configuring-builds/substitute-variable-values,https://youtube.com/results?search_query=gcp+cloud+build+substitutions,https://youtube.com/results?search_query=gcp+cloud+build+substitutions+hindi,https://youtube.com/results?search_query=gcp+cloud+build+substitutions+kannada,https://youtube.com/results?search_query=gcp+cloud+build+substitutions+tamil,https://youtube.com/results?search_query=gcp+cloud+build+substitutions+telugu
GCP,Advanced,How does Cloud Run's container instance startup probe differ from readiness probe?,Cloud Run,Startup probe,Readiness probe,Container health,A,Startup probe checks container initialization; readiness probe checks if container can serve requests after startup.,Compute,https://cloud.google.com/run/docs/configuring/healthchecks,https://youtube.com/results?search_query=gcp+cloud+run+startup+vs+readiness+probe,https://youtube.com/results?search_query=gcp+cloud+run+startup+vs+readiness+probe+hindi,https://youtube.com/results?search_query=gcp+cloud+run+startup+vs+readiness+probe+kannada,https://youtube.com/results?search_query=gcp+cloud+run+startup+vs+readiness+probe+tamil,https://youtube.com/results?search_query=gcp+cloud+run+startup+vs+readiness+probe+telugu
GCP,Advanced,What is the difference between Cloud Storage's object holds and retention policies?,Cloud Storage,Object holds,Retention policies,Compliance controls,A,Holds prevent deletion of specific objects; retention policies apply to all objects with minimum retention period.,Storage,https://cloud.google.com/storage/docs/bucket-lock,https://youtube.com/results?search_query=gcp+storage+holds+vs+retention,https://youtube.com/results?search_query=gcp+storage+holds+vs+retention+hindi,https://youtube.com/results?search_query=gcp+storage+holds+vs+retention+kannada,https://youtube.com/results?search_query=gcp+storage+holds+vs+retention+tamil,https://youtube.com/results?search_query=gcp+storage+holds+vs+retention+telugu
GCP,Advanced,How does Cloud Build's build history retention affect storage costs and debugging?,Cloud Build,Build history,Retention policy,Debugging capability,A,Build history retention controls how long build logs are stored, balancing debugging needs with storage costs.,CI/CD,https://cloud.google.com/build/docs/build-history,https://youtube.com/results?search_query=gcp+cloud+build+history+retention,https://youtube.com/results?search_query=gcp+cloud+build+history+retention+hindi,https://youtube.com/results?search_query=gcp+cloud+build+history+retention+kannada,https://youtube.com/results?search_query=gcp+cloud+build+history+retention+tamil,https://youtube.com/results?search_query=gcp+cloud+build+history+retention+telugu
GCP,Advanced,What is the purpose of Cloud Dataflow's streaming analytics and how does it handle late data?,Dataflow,Streaming analytics,Late data,Watermarks,A,Dataflow uses watermarks and allowed lateness to handle late-arriving data in streaming pipelines with windowing.,Data Analytics,https://cloud.google.com/dataflow/docs/concepts/streaming-pipelines,https://youtube.com/results?search_query=gcp+dataflow+streaming+late+data,https://youtube.com/results?search_query=gcp+dataflow+streaming+late+data+hindi,https://youtube.com/results?search_query=gcp+dataflow+streaming+late+data+kannada,https://youtube.com/results?search_query=gcp+dataflow+streaming+late+data+tamil,https://youtube.com/results?search_query=gcp+dataflow+streaming+late+data+telugu
GCP,Advanced,How does Cloud Run's maximum instances setting affect scaling and cost management?,Cloud Run,Max instances,Scaling limits,Cost control,A,Maximum instances caps horizontal scaling to control costs and prevent runaway scaling during traffic spikes.,Compute,https://cloud.google.com/run/docs/configuring/max-instances,https://youtube.com/results?search_query=gcp+cloud+run+max+instances+scaling,https://youtube.com/results?search_query=gcp+cloud+run+max+instances+scaling+hindi,https://youtube.com/results?search_query=gcp+cloud+run+max+instances+scaling+kannada,https://youtube.com/results?search_query=gcp+cloud+run+max+instances+scaling+tamil,https://youtube.com/results?search_query=gcp+cloud+run+max+instances+scaling+telugu
GCP,Advanced,What is the difference between Cloud IAM's policy binding hierarchy and inheritance?,IAM,Policy hierarchy,Inheritance,Resource organization,A,Policy hierarchy allows policies at org/folder/project levels with inheritance to child resources for centralized management.,IAM,https://cloud.google.com/iam/docs/resource-hierarchy-access-control,https://youtube.com/results?search_query=gcp+iam+policy+hierarchy+inheritance,https://youtube.com/results?search_query=gcp+iam+policy+hierarchy+inheritance+hindi,https://youtube.com/results?search_query=gcp+iam+policy+hierarchy+inheritance+kannada,https://youtube.com/results?search_query=gcp+iam+policy+hierarchy+inheritance+tamil,https://youtube.com/results?search_query=gcp+iam+policy+hierarchy+inheritance+telugu
GCP,Advanced,How does Cloud SQL's automated backups differ from on-demand backups?,Cloud SQL,Automated backups,On-demand backups,Backup scheduling,A,Automated backups run daily with point-in-time recovery; on-demand backups are manually triggered full backups.,Databases,https://cloud.google.com/sql/docs/mysql/backup-recovery/backups,https://youtube.com/results?search_query=gcp+cloud+sql+automated+vs+on+demand+backups,https://youtube.com/results?search_query=gcp+cloud+sql+automated+vs+on+demand+backups+hindi,https://youtube.com/results?search_query=gcp+cloud+sql+automated+vs+on+demand+backups+kannada,https://youtube.com/results?search_query=gcp+cloud+sql+automated+vs+on+demand+backups+tamil,https://youtube.com/results?search_query=gcp+cloud+sql+automated+vs+on+demand+backups+telugu
GCP,Advanced,What is the purpose of Cloud Build's build timeout and how does it prevent runaway builds?,Cloud Build,Build timeout,Runaway builds,Cost control,A,Build timeout automatically fails builds exceeding specified duration to prevent infinite loops and cost overruns.,CI/CD,https://cloud.google.com/build/docs/build-configuration-file-schema#timeout,https://youtube.com/results?search_query=gcp+cloud+build+timeout,https://youtube.com/results?search_query=gcp+cloud+build+timeout+hindi,https://youtube.com/results?search_query=gcp+cloud+build+timeout+kannada,https://youtube.com/results?search_query=gcp+cloud+build+timeout+tamil,https://youtube.com/results?search_query=gcp+cloud+build+timeout+telugu
GCP,Advanced,How does Cloud Run's concurrency setting affect request processing and scaling?,Cloud Run,Concurrency setting,Request queuing,Autoscaling,A,Concurrency determines requests per instance, affecting queuing behavior and autoscaling decisions (scale on queue depth).,Compute,https://cloud.google.com/run/docs/about-concurrency,https://youtube.com/results?search_query=gcp+cloud+run+concurrency+scaling,https://youtube.com/results?search_query=gcp+cloud+run+concurrency+scaling+hindi,https://youtube.com/results?search_query=gcp+cloud+run+concurrency+scaling+kannada,https://youtube.com/results?search_query=gcp+cloud+run+concurrency+scaling+tamil,https://youtube.com/results?search_query=gcp+cloud+run+concurrency+scaling+telugu
GCP,Advanced,What is the difference between Cloud Storage's object metadata and custom metadata?,Cloud Storage,Object metadata,Custom metadata,Key-value pairs,A,Object metadata includes system fields (content-type); custom metadata are user-defined key-value pairs.,Storage,https://cloud.google.com/storage/docs/metadata,https://youtube.com/results?search_query=gcp+storage+metadata+vs+custom+metadata,https://youtube.com/results?search_query=gcp+storage+metadata+vs+custom+metadata+hindi,https://youtube.com/results?search_query=gcp+storage+metadata+vs+custom+metadata+kannada,https://youtube.com/results?search_query=gcp+storage+metadata+vs+custom+metadata+tamil,https://youtube.com/results?search_query=gcp+storage+metadata+vs+custom+metadata+telugu
GCP,Advanced,How does Cloud Build's build cache improve subsequent build performance?,Cloud Build,Build cache,Cache reuse,Faster builds,A,Build cache stores intermediate build artifacts to skip unchanged steps in subsequent builds, dramatically speeding builds.,CI/CD,https://cloud.google.com/build/docs/build-artifacts-cache,https://youtube.com/results?search_query=gcp+cloud+build+cache+performance,https://youtube.com/results?search_query=gcp+cloud+build+cache+performance+hindi,https://youtube.com/results?search_query=gcp+cloud+build+cache+performance+kannada,https://youtube.com/results?search_query=gcp+cloud+build+cache+performance+tamil,https://youtube.com/results?search_query=gcp+cloud+build+cache+performance+telugu
GCP,Advanced,What is the purpose of Cloud Run's ingress settings and how do they control traffic sources?,Cloud Run,Ingress settings,Traffic control,Internal access,A,Ingress settings control which traffic can reach service: internal-only, internal+load balancing, or all.,Compute,https://cloud.google.com/run/docs/securing/ingress,https://youtube.com/results?search_query=gcp+cloud+run+ingress+settings,https://youtube.com/results?search_query=gcp+cloud+run+ingress+settings+hindi,https://youtube.com/results?search_query=gcp+cloud+run+ingress+settings+kannada,https://youtube.com/results?search_query=gcp+cloud+run+ingress+settings+tamil,https://youtube.com/results?search_query=gcp+cloud+run+ingress+settings+telugu
GCP,Advanced,How does Cloud Monitoring's alerting channels differ from notification channels?,Cloud Monitoring,Alerting channels,Notification channels,Integration points,A,Alerting channels define how alerts are delivered (email, SMS, webhook); notification channels are specific endpoints.,Monitoring,https://cloud.google.com/monitoring/support/notification-options,https://youtube.com/results?search_query=gcp+monitoring+alerting+vs+notification+channels,https://youtube.com/results?search_query=gcp+monitoring+alerting+vs+notification+channels+hindi,https://youtube.com/results?search_query=gcp+monitoring+alerting+vs+notification+channels+kannada,https://youtube.com/results?search_query=gcp+monitoring+alerting+vs+notification+channels+tamil,https://youtube.com/results?search_query=gcp+monitoring+alerting+vs+notification+channels+telugu
GCP,Advanced,What is the difference between Cloud SQL's maintenance window and maintenance updates?,Cloud SQL,Maintenance window,Maintenance updates,Scheduled maintenance,A,Maintenance window defines when updates can occur; maintenance updates are actual patches applied during window.,Databases,https://cloud.google.com/sql/docs/mysql/maintenance,https://youtube.com/results?search_query=gcp+cloud+sql+maintenance+window+vs+updates,https://youtube.com/results?search_query=gcp+cloud+sql+maintenance+window+vs+updates+hindi,https://youtube.com/results?search_query=gcp+cloud+sql+maintenance+window+vs+updates+kannada,https://youtube.com/results?search_query=gcp+cloud+sql+maintenance+window+vs+updates+tamil,https://youtube.com/results?search_query=gcp+cloud+sql+maintenance+window+vs+updates+telugu
GCP,Advanced,How does Cloud Build's build triggers with branch/tag patterns enable environment-specific builds?,Cloud Build,Branch patterns,Tag patterns,Environment builds,A,Branch/tag patterns trigger builds only for matching refs, enabling separate builds for dev/staging/production branches.,CI/CD,https://cloud.google.com/build/docs/automating-builds/create-manage-triggers#branch_and_tag_patterns,https://youtube.com/results?search_query=gcp+cloud+build+branch+patterns,https://youtube.com/results?search_query=gcp+cloud+build+branch+patterns+hindi,https://youtube.com/results?search_query=gcp+cloud+build+branch+patterns+kannada,https://youtube.com/results?search_query=gcp+cloud+build+branch+patterns+tamil,https://youtube.com/results?search_query=gcp+cloud+build+branch+patterns+telugu
GCP,Advanced,What is the purpose of Cloud Run's binary authorization and how does it enhance security?,Cloud Run,Binary authorization,Image validation,Security policy,A,Binary authorization validates container images against policies before deployment, preventing untrusted images.,Security,https://cloud.google.com/binary-authorization/docs/overview,https://youtube.com/results?search_query=gcp+cloud+run+binary+authorization,https://youtube.com/results?search_query=gcp+cloud+run+binary+authorization+hindi,https://youtube.com/results?search_query=gcp+cloud+run+binary+authorization+kannada,https://youtube.com/results?search_query=gcp+cloud+run+binary+authorization+tamil,https://youtube.com/results?search_query=gcp+cloud+run+binary+authorization+telugu
GCP,Advanced,How does Cloud Storage's object composition differ from concatenation for large objects?,Cloud Storage,Object composition,Concatenation,Parallel uploads,A,Composition combines multiple objects into one without data transfer; concatenation requires uploading combined data.,Storage,https://cloud.google.com/storage/docs/composite-objects,https://youtube.com/results?search_query=gcp+storage+object+composition,https://youtube.com/results?search_query=gcp+storage+object+composition+hindi,https://youtube.com/results?search_query=gcp+storage+object+composition+kannada,https://youtube.com/results?search_query=gcp+storage+object+composition+tamil,https://youtube.com/results?search_query=gcp+storage+object+composition+telugu
GCP,Advanced,What is the difference between Cloud IAM's temporary access tokens and service account keys?,IAM,Temporary tokens,Service account keys,Authentication methods,A,Temporary tokens are short-lived OAuth2 tokens; service account keys are long-lived credentials (less secure).,IAM,https://cloud.google.com/iam/docs/best-practices-service-accounts,https://youtube.com/results?search_query=gcp+iam+temporary+tokens+vs+keys,https://youtube.com/results?search_query=gcp+iam+temporary+tokens+vs+keys+hindi,https://youtube.com/results?search_query=gcp+iam+temporary+tokens+vs+keys+kannada,https://youtube.com/results?search_query=gcp+iam+temporary+tokens+vs+keys+tamil,https://youtube.com/results?search_query=gcp+iam+temporary+tokens+vs+keys+telugu
GCP,Advanced,How does Cloud Run's CPU boost during startup improve cold start performance?,Cloud Run,CPU boost,Cold start optimization,Startup speed,A,CPU boost allocates additional CPU during container startup to accelerate initialization, reducing cold start latency.,Compute,https://cloud.google.com/run/docs/tips#cold-starts,https://youtube.com/results?search_query=gcp+cloud+run+cpu+boost+cold+start,https://youtube.com/results?search_query=gcp+cloud+run+cpu+boost+cold+start+hindi,https://youtube.com/results?search_query=gcp+cloud+run+cpu+boost+cold+start+kannada,https://youtube.com/results?search_query=gcp+cloud+run+cpu+boost+cold+start+tamil,https://youtube.com/results?search_query=gcp+cloud+run+cpu+boost+cold+start+telugu
GCP,Advanced,What is the purpose of Cloud Build's build logs streaming and how does it aid debugging?,Cloud Build,Log streaming,Real-time debugging,Build monitoring,A,Log streaming provides real-time build log access during execution, enabling immediate issue identification.,CI/CD,https://cloud.google.com/build/docs/view-build-logs,https://youtube.com/results?search_query=gcp+cloud+build+log+streaming,https://youtube.com/results?search_query=gcp+cloud+build+log+streaming+hindi,https://youtube.com/results?search_query=gcp+cloud+build+log+streaming+kannada,https://youtube.com/results?search_query=gcp+cloud+build+log+streaming+tamil,https://youtube.com/results?search_query=gcp+cloud+build+log+streaming+telugu
GCP,Advanced,How does Cloud Storage's object immutability with retention locks differ from versioning?,Cloud Storage,Retention locks,Object immutability,Versioning,A,Retention locks make objects immutable for compliance; versioning keeps multiple mutable versions of objects.,Storage,https://cloud.google.com/storage/docs/object-holds,https://youtube.com/results?search_query=gcp+storage+retention+locks+vs+versioning,https://youtube.com/results?search_query=gcp+storage+retention+locks+vs+versioning+hindi,https://youtube.com/results?search_query=gcp+storage+retention+locks+vs+versioning+kannada,https://youtube.com/results?search_query=gcp+storage+retention+locks+vs+versioning+tamil,https://youtube.com/results?search_query=gcp+storage+retention+locks+vs+versioning+telugu
GCP,Advanced,What is the difference between Cloud Run's traffic splitting and gradual rollouts?,Cloud Run,Traffic splitting,Gradual rollouts,Canary deployments,A,Traffic splitting routes percentages to different revisions; gradual rollouts automatically shift traffic over time.,Compute,https://cloud.google.com/run/docs/rollouts-rollbacks-traffic-migration,https://youtube.com/results?search_query=gcp+cloud+run+traffic+splitting+rollouts,https://youtube.com/results?search_query=gcp+cloud+run+traffic+splitting+rollouts+hindi,https://youtube.com/results?search_query=gcp+cloud+run+traffic+splitting+rollouts+kannada,https://youtube.com/results?search_query=gcp+cloud+run+traffic+splitting+rollouts+tamil,https://youtube.com/results?search_query=gcp+cloud+run+traffic+splitting+rollouts+telugu
GCP,Advanced,How does Cloud Build's build failure notifications differ from build status notifications?,Cloud Build,Failure notifications,Status notifications,Alerting granularity,A,Failure notifications only alert on build failures; status notifications report all build outcomes (success/failure).,CI/CD,https://cloud.google.com/build/docs/configuring-notifications/notifications,https://youtube.com/results?search_query=gcp+cloud+build+failure+vs+status+notifications,https://youtube.com/results?search_query=gcp+cloud+build+failure+vs+status+notifications+hindi,https://youtube.com/results?search_query=gcp+cloud+build+failure+vs+status+notifications+kannada,https://youtube.com/results?search_query=gcp+cloud+build+failure+vs+status+notifications+tamil,https://youtube.com/results?search_query=gcp+cloud+build+failure+vs+status+notifications+telugu
GCP,Advanced,What is the purpose of Cloud Run's service account binding and how does it affect permissions?,Cloud Run,Service accounts,Permission binding,Identity management,A,Service account binding assigns identity to Cloud Run service, determining which GCP resources it can access.,Compute,https://cloud.google.com/run/docs/securing/service-identity,https://youtube.com/results?search_query=gcp+cloud+run+service+account+binding,https://youtube.com/results?search_query=gcp+cloud+run+service+account+binding+hindi,https://youtube.com/results?search_query=gcp+cloud+run+service+account+binding+kannada,https://youtube.com/results?search_query=gcp+cloud+run+service+account+binding+tamil,https://youtube.com/results?search_query=gcp+cloud+run+service+account+binding+telugu
GCP,Advanced,How does Cloud Storage's object lifecycle management with conditions differ from simple rules?,Cloud Storage,Lifecycle conditions,Rule-based management,Automated transitions,A,Lifecycle conditions allow complex rules based on age, storage class, or object state; simple rules use fixed schedules.,Storage,https://cloud.google.com/storage/docs/lifecycle,https://youtube.com/results?search_query=gcp+storage+lifecycle+conditions,https://youtube.com/results?search_query=gcp+storage+lifecycle+conditions+hindi,https://youtube.com/results?search_query=gcp+storage+lifecycle+conditions+kannada,https://youtube.com/results?search_query=gcp+storage+lifecycle+conditions+tamil,https://youtube.com/results?search_query=gcp+storage+lifecycle+conditions+telugu
GCP,Advanced,What is the difference between Cloud IAM's deny policies and allow policies for access control?,IAM,Deny policies,Allow policies,Policy evaluation,A,Deny policies explicitly block access even if allow policies grant it; allow policies grant permissions when no deny.,IAM,https://cloud.google.com/iam/docs/deny-overview,https://youtube.com/results?search_query=gcp+iam+deny+vs+allow+policies,https://youtube.com/results?search_query=gcp+iam+deny+vs+allow+policies+hindi,https://youtube.com/results?search_query=gcp+iam+deny+vs+allow+policies+kannada,https://youtube.com/results?search_query=gcp+iam+deny+vs+allow+policies+tamil,https://youtube.com/results?search_query=gcp+iam+deny+vs+allow+policies+telugu
GCP,Advanced,How does Cloud Run's startup CPU boost differ from request CPU allocation?,Cloud Run,Startup CPU,Request CPU,Resource allocation,A,Startup CPU boost applies during container initialization; request CPU is allocated during request processing.,Compute,https://cloud.google.com/run/docs/configuring/cpu,https://youtube.com/results?search_query=gcp+cloud+run+startup+vs+request+cpu,https://youtube.com/results?search_query=gcp+cloud+run+startup+vs+request+cpu+hindi,https://youtube.com/results?search_query=gcp+cloud+run+startup+vs+request+cpu+kannada,https://youtube.com/results?search_query=gcp+cloud+run+startup+vs+request+cpu+tamil,https://youtube.com/results?search_query=gcp+cloud+run+startup+vs+request+cpu+telugu
GCP,Advanced,What is the purpose of Cloud Build's build approval process and how does it enable gated deployments?,Cloud Build,Build approval,Gated deployments,Manual intervention,A,Build approval requires manual approval before continuing pipeline, enabling control over production deployments.,CI/CD,https://cloud.google.com/build/docs/automating-builds/approve-builds,https://youtube.com/results?search_query=gcp+cloud+build+approval+process,https://youtube.com/results?search_query=gcp+cloud+build+approval+process+hindi,https://youtube.com/results?search_query=gcp+cloud+build+approval+process+kannada,https://youtube.com/results?search_query=gcp+cloud+build+approval+process+tamil,https://youtube.com/results?search_query=gcp+cloud+build+approval+process+telugu
GCP,Advanced,How does Cloud Storage's object retention period differ from legal holds for compliance?,Cloud Storage,Retention period,Legal holds,Compliance duration,A,Retention period is fixed duration; legal holds are indefinite until explicitly released by authorized users.,Storage,https://cloud.google.com/storage/docs/bucket-lock,https://youtube.com/results?search_query=gcp+storage+retention+period+vs+legal+holds,https://youtube.com/results?search_query=gcp+storage+retention+period+vs+legal+holds+hindi,https://youtube.com/results?search_query=gcp+storage+retention+period+vs+legal+holds+kannada,https://youtube.com/results?search_query=gcp+storage+retention+period+vs+legal+holds+tamil,https://youtube.com/results?search_query=gcp+storage+retention+period+vs+legal+holds+telugu
GCP,Advanced,What is the difference between Cloud Run's min scale and max scale settings for autoscaling?,Cloud Run,Min scale,Max scale,Autoscaling bounds,A,Min scale keeps instances always running; max scale caps maximum instances for cost control and resource limits.,Compute,https://cloud.google.com/run/docs/configuring/min-max-instances,https://youtube.com/results?search_query=gcp+cloud+run+min+max+scale,https://youtube.com/results?search_query=gcp+cloud+run+min+max+scale+hindi,https://youtube.com/results?search_query=gcp+cloud+run+min+max+scale+kannada,https://youtube.com/results?search_query=gcp+cloud+run+min+max+scale+tamil,https://youtube.com/results?search_query=gcp+cloud+run+min+max+scale+telugu
GCP,Advanced,How does Cloud Build's build workspace differ from build container for code isolation?,Cloud Build,Workspace,Container isolation,Build environment,A,Workspace is shared directory between build steps; each step runs in isolated container with specific tools.,CI/CD,https://cloud.google.com/build/docs/build-configuration-file-schema#workspace,https://youtube.com/results?search_query=gcp+cloud+build+workspace+container,https://youtube.com/results?search_query=gcp+cloud+build+workspace+container+hindi,https://youtube.com/results?search_query=gcp+cloud+build+workspace+container+kannada,https://youtube.com/results?search_query=gcp+cloud+build+workspace+container+tamil,https://youtube.com/results?search_query=gcp+cloud+build+workspace+container+telugu
GCP,Advanced,What is the purpose of Cloud Run's CPU allocation during request processing vs idle?,Cloud Run,CPU allocation,Request processing,Idle state,A,CPU is fully allocated during request processing; idle containers have minimal CPU for health checks only.,Compute,https://cloud.google.com/run/docs/configuring/cpu-allocation,https://youtube.com/results?search_query=gcp+cloud+run+cpu+request+vs+idle,https://youtube.com/results?search_query=gcp+cloud+run+cpu+request+vs+idle+hindi,https://youtube.com/results?search_query=gcp+cloud+run+cpu+request+vs+idle+kannada,https://youtube.com/results?search_query=gcp+cloud+run+cpu+request+vs+idle+tamil,https://youtube.com/results?search_query=gcp+cloud+run+cpu+request+vs+idle+telugu
GCP,Advanced,How does Cloud Storage's object metadata indexing differ from custom metadata search?,Cloud Storage,Metadata indexing,Custom metadata,Search capability,A,System metadata is indexed for fast filtering; custom metadata requires separate indexing solution for search.,Storage,https://cloud.google.com/storage/docs/metadata,https://youtube.com/results?search_query=gcp+storage+metadata+indexing+search,https://youtube.com/results?search_query=gcp+storage+metadata+indexing+search+hindi,https://youtube.com/results?search_query=gcp+storage+metadata+indexing+search+kannada,https://youtube.com/results?search_query=gcp+storage+metadata+indexing+search+tamil,https://youtube.com/results?search_query=gcp+storage+metadata+indexing+search+telugu