Git,Intermediate,What's the difference between git merge and git rebase?,Branch integration,History rewriting,Conflict resolution,Workflow strategies,A,git merge preserves branch history; git rebase rewrites history for linear timeline - use merge for shared branches, rebase for feature branches.,Branching,https://git-scm.com/book/en/v2/Git-Branching-Basic-Branching-and-Merging,https://youtube.com/results?search_query=git+merge+vs+rebase,https://youtube.com/results?search_query=git+merge+vs+rebase+hindi,https://youtube.com/results?search_query=git+merge+vs+rebase+kannada,https://youtube.com/results?search_query=git+merge+vs+rebase+tamil,https://youtube.com/results?search_query=git+merge+vs+rebase+telugu
Git,Intermediate,How do you squash multiple commits into one?,Commit consolidation,History cleanup,Rewriting commits,Feature refinement,A,Use git rebase -i HEAD~n and mark commits as 'squash' or 'fixup' to combine them.,History Management,https://git-scm.com/book/en/v2/Git-Tools-Rewriting-History,https://youtube.com/results?search_query=git+squash+commits,https://youtube.com/results?search_query=git+squash+commits+hindi,https://youtube.com/results?search_query=git+squash+commits+kannada,https://youtube.com/results?search_query=git+squash+commits+tamil,https://youtube.com/results?search_query=git+squash+commits+telugu
Git,Intermediate,What's the purpose of git cherry-pick?,Selective commit application,Commit extraction,Branch copying,Feature porting,A,git cherry-pick applies specific commit from one branch to another without merging entire branch.,Commit Management,https://git-scm.com/docs/git-cherry-pick,https://youtube.com/results?search_query=git+cherry+pick,https://youtube.com/results?search_query=git+cherry+pick+hindi,https://youtube.com/results?search_query=git+cherry+pick+kannada,https://youtube.com/results?search_query=git+cherry+pick+tamil,https://youtube.com/results?search_query=git+cherry+pick+telugu
Git,Intermediate,How do you resolve merge conflicts manually?,Conflict resolution,Code integration,Change merging,Manual fixes,A,Edit conflicted files, remove conflict markers (<<<<<<<, =======, >>>>>>>), stage files, and commit.,Conflict Resolution,https://git-scm.com/docs/git-merge#_how_to_resolve_conflicts,https://youtube.com/results?search_query=git+merge+conflicts,https://youtube.com/results?search_query=git+merge+conflicts+hindi,https://youtube.com/results?search_query=git+merge+conflicts+kannada,https://youtube.com/results?search_query=git+merge+conflicts+tamil,https://youtube.com/results?search_query=git+merge+conflicts+telugu
Git,Intermediate,What's the difference between git reset and git revert?,Undo operations,History modification,Safe rollback,Commit removal,A,git reset moves HEAD pointer (destructive); git revert creates new commit undoing changes (safe).,Undo Changes,https://git-scm.com/docs/git-reset,https://youtube.com/results?search_query=git+reset+vs+revert,https://youtube.com/results?search_query=git+reset+vs+revert+hindi,https://youtube.com/results?search_query=git+reset+vs+revert+kannada,https://youtube.com/results?search_query=git+reset+vs+revert+tamil,https://youtube.com/results?search_query=git+reset+vs+revert+telugu
Git,Intermediate,How do you create and apply patches in Git?,Patch files,Change sharing,Code review,External distribution,A,git format-patch creates patch files; git am applies patches - useful for code reviews without direct access.,Patch Management,https://git-scm.com/docs/git-format-patch,https://youtube.com/results?search_query=git+create+apply+patches,https://youtube.com/results?search_query=git+create+apply+patches+hindi,https://youtube.com/results?search_query=git+create+apply+patches+kannada,https://youtube.com/results?search_query=git+create+apply+patches+tamil,https://youtube.com/results?search_query=git+create+apply+patches+telugu
Git,Intermediate,What's the purpose of git stash?,Temporary storage,Work in progress,Context switching,Clean working directory,A,git stash temporarily saves uncommitted changes allowing you to work on other tasks with clean state.,Stashing,https://git-scm.com/docs/git-stash,https://youtube.com/results?search_query=git+stash,https://youtube.com/results?search_query=git+stash+hindi,https://youtube.com/results?search_query=git+stash+kannada,https://youtube.com/results?search_query=git+stash+tamil,https://youtube.com/results?search_query=git+stash+telugu
Git,Intermediate,How do you rewrite commit messages in Git?,Commit editing,Message correction,History cleanup,Metadata updates,A,Use git commit --amend for last commit or git rebase -i for older commits to edit messages.,Commit Management,https://git-scm.com/docs/git-commit#Documentation/git-commit.txt---amend,https://youtube.com/results?search_query=git+edit+commit+messages,https://youtube.com/results?search_query=git+edit+commit+messages+hindi,https://youtube.com/results?search_query=git+edit+commit+messages+kannada,https://youtube.com/results?search_query=git+edit+commit+messages+tamil,https://youtube.com/results?search_query=git+edit+commit+messages+telugu
Git,Intermediate,What's the difference between HEAD^ and HEAD~?,Commit references,Ancestor notation,History traversal,Parent commits,A,HEAD^ is first parent; HEAD~ is nth ancestor - different syntax for navigating commit history.,References,https://git-scm.com/book/en/v2/Git-Tools-Revision-Selection,https://youtube.com/results?search_query=git+head+head~,https://youtube.com/results?search_query=git+head+head~+hindi,https://youtube.com/results?search_query=git+head+head~+kannada,https://youtube.com/results?search_query=git+head+head~+tamil,https://youtube.com/results?search_query=git+head+head~+telugu
Git,Intermediate,How do you set up git hooks for automation?,Automation scripts,Pre-commit hooks,Workflow automation,Quality gates,A,Create executable scripts in .git/hooks/ directory (pre-commit, post-merge, etc.) for automated tasks.,Hooks,https://git-scm.com/book/en/v2/Customizing-Git-Git-Hooks,https://youtube.com/results?search_query=git+hooks,https://youtube.com/results?search_query=git+hooks+hindi,https://youtube.com/results?search_query=git+hooks+kannada,https://youtube.com/results?search_query=git+hooks+tamil,https://youtube.com/results?search_query=git+hooks+telugu
Git,Intermediate,What's the purpose of git bisect for debugging?,Bug hunting,Regression testing,Binary search,Commit investigation,A,git bisect performs binary search through commit history to find which commit introduced a bug.,Debugging,https://git-scm.com/docs/git-bisect,https://youtube.com/results?search_query=git+bisect,https://youtube.com/results?search_query=git+bisect+hindi,https://youtube.com/results?search_query=git+bisect+kannada,https://youtube.com/results?search_query=git+bisect+tamil,https://youtube.com/results?search_query=git+bisect+telugu
Git,Intermediate,How do you manage large files with Git LFS?,Large file storage,Binary files,Repository size,Media files,A,Use Git Large File Storage (LFS) to store large files outside main repository with pointer files.,Large Files,https://git-lfs.github.com/,https://youtube.com/results?search_query=git+lfs,https://youtube.com/results?search_query=git+lfs+hindi,https://youtube.com/results?search_query=git+lfs+kannada,https://youtube.com/results?search_query=git+lfs+tamil,https://youtube.com/results?search_query=git+lfs+telugu
Git,Intermediate,What's the difference between git fetch and git pull?,Remote updates,Repository synchronization,Change retrieval,Network operations,A,git fetch downloads remote changes; git pull fetches and merges - fetch is safer for review first.,Remote Operations,https://git-scm.com/docs/git-fetch,https://youtube.com/results?search_query=git+fetch+vs+pull,https://youtube.com/results?search_query=git+fetch+vs+pull+hindi,https://youtube.com/results?search_query=git+fetch+vs+pull+kannada,https://youtube.com/results?search_query=git+fetch+vs+pull+tamil,https://youtube.com/results?search_query=git+fetch+vs+pull+telugu
Git,Intermediate,How do you create and manage tags in Git?,Version tagging,Release management,Semantic versioning,Code milestones,A,git tag creates lightweight or annotated tags; git push --tags shares them with remote.,Tagging,https://git-scm.com/book/en/v2/Git-Basics-Tagging,https://youtube.com/results?search_query=git+tags,https://youtube.com/results?search_query=git+tags+hindi,https://youtube.com/results?search_query=git+tags+kannada,https://youtube.com/results?search_query=git+tags+tamil,https://youtube.com/results?search_query=git+tags+telugu
Git,Intermediate,What's the purpose of git reflog?,Reference logging,Recovery tool,Mistake recovery,History tracking,A,git reflog shows reference log for HEAD and branch updates, useful for recovering lost commits.,Recovery,https://git-scm.com/docs/git-reflog,https://youtube.com/results?search_query=git+reflog,https://youtube.com/results?search_query=git+reflog+hindi,https://youtube.com/results?search_query=git+reflog+kannada,https://youtube.com/results?search_query=git+reflog+tamil,https://youtube.com/results?search_query=git+reflog+telugu
Git,Intermediate,How do you set up multiple remotes in Git?,Multiple origins,Backup repositories,Fork management,Cross-repo sync,A,git remote add <name> <url> adds additional remotes; git push <remote> <branch> pushes to specific remote.,Remote Management,https://git-scm.com/book/en/v2/Git-Basics-Working-with-Remotes,https://youtube.com/results?search_query=git+multiple+remotes,https://youtube.com/results?search_query=git+multiple+remotes+hindi,https://youtube.com/results?search_query=git+multiple+remotes+kannada,https://youtube.com/results?search_query=git+multiple+remotes+tamil,https://youtube.com/results?search_query=git+multiple+remotes+telugu
Git,Intermediate,What's the difference between git diff and git show?,Change inspection,Commit examination,File comparison,History viewing,A,git diff compares commits/files; git show displays specific commit details - different information focus.,Inspection,https://git-scm.com/docs/git-diff,https://youtube.com/results?search_query=git+diff+vs+show,https://youtube.com/results?search_query=git+diff+vs+show+hindi,https://youtube.com/results?search_query=git+diff+vs+show+kannada,https://youtube.com/results?search_query=git+diff+vs+show+tamil,https://youtube.com/results?search_query=git+diff+vs+show+telugu
Git,Intermediate,How do you manage Git submodules?,Nested repositories,Project dependencies,External code,Module management,A,git submodule add includes external repos; git submodule update --init syncs submodules.,Submodules,https://git-scm.com/book/en/v2/Git-Tools-Submodules,https://youtube.com/results?search_query=git+submodules,https://youtube.com/results?search_query=git+submodules+hindi,https://youtube.com/results?search_query=git+submodules+kannada,https://youtube.com/results?search_query=git+submodules+tamil,https://youtube.com/results?search_query=git+submodules+telugu
Git,Intermediate,What's the purpose of git clean?,Untracked file removal,Workspace cleanup,Temporary file deletion,Disk space,A,git clean removes untracked files from working directory; use -n for dry run, -f to force.,Cleanup,https://git-scm.com/docs/git-clean,https://youtube.com/results?search_query=git+clean,https://youtube.com/results?search_query=git+clean+hindi,https://youtube.com/results?search_query=git+clean+kannada,https://youtube.com/results?search_query=git+clean+tamil,https://youtube.com/results?search_query=git+clean+telugu
Git,Intermediate,How do you configure Git aliases for shortcuts?,Command shortcuts,Workflow optimization,Custom commands,Productivity,A,git config --global alias.<shortcut> '<command>' creates shortcuts for frequently used commands.,Configuration,https://git-scm.com/book/en/v2/Git-Basics-Git-Aliases,https://youtube.com/results?search_query=git+aliases,https://youtube.com/results?search_query=git+aliases+hindi,https://youtube.com/results?search_query=git+aliases+kannada,https://youtube.com/results?search_query=git+aliases+tamil,https://youtube.com/results?search_query=git+aliases+telugu
Git,Intermediate,What's the difference between git rm and git rm --cached?,File removal,Staging area,Untracking files,Repository cleanup,A,git rm removes file from both working directory and index; --cached removes only from index (untracks).,File Management,https://git-scm.com/docs/git-rm,https://youtube.com/results?search_query=git+rm+cached,https://youtube.com/results?search_query=git+rm+cached+hindi,https://youtube.com/results?search_query=git+rm+cached+kannada,https://youtube.com/results?search_query=git+rm+cached+tamil,https://youtube.com/results?search_query=git+rm+cached+telugu
Git,Intermediate,How do you use git blame for code authorship?,Line attribution,Code ownership,Change tracking,Author identification,A,git blame <file> shows author and commit for each line, useful for tracking code changes.,Code Analysis,https://git-scm.com/docs/git-blame,https://youtube.com/results?search_query=git+blame,https://youtube.com/results?search_query=git+blame+hindi,https://youtube.com/results?search_query=git+blame+kannada,https://youtube.com/results?search_query=git+blame+tamil,https://youtube.com/results?search_query=git+blame+telugu
Git,Intermediate,What's the purpose of git worktree?,Multiple working directories,Parallel development,Context isolation,Branch testing,A,git worktree allows multiple working directories from same repository for simultaneous work on different branches.,Worktrees,https://git-scm.com/docs/git-worktree,https://youtube.com/results?search_query=git+worktree,https://youtube.com/results?search_query=git+worktree+hindi,https://youtube.com/results?search_query=git+worktree+kannada,https://youtube.com/results?search_query=git+worktree+tamil,https://youtube.com/results?search_query=git+worktree+telugu
Git,Intermediate,How do you handle Git submodule updates?,Dependency updates,Nested repo sync,External code management,Module maintenance,A,git submodule update --remote pulls latest changes; commit parent repo to record submodule updates.,Submodules,https://git-scm.com/docs/git-submodule,https://youtube.com/results?search_query=git+submodule+update,https://youtube.com/results?search_query=git+submodule+update+hindi,https://youtube.com/results?search_query=git+submodule+update+kannada,https://youtube.com/results?search_query=git+submodule+update+tamil,https://youtube.com/results?search_query=git+submodule+update+telugu
Git,Intermediate,What's the difference between git merge --squash and regular merge?,Commit consolidation,Branch integration,History simplification,Feature merging,A,--squash combines all feature branch commits into single commit on target branch; regular merge preserves history.,Merging,https://git-scm.com/docs/git-merge,https://youtube.com/results?search_query=git+merge+squash,https://youtube.com/results?search_query=git+merge+squash+hindi,https://youtube.com/results?search_query=git+merge+squash+kannada,https://youtube.com/results?search_query=git+merge+squash+tamil,https://youtube.com/results?search_query=git+merge+squash+telugu
Git,Intermediate,How do you use git grep for code search?,Text search,Pattern matching,Code exploration,Repository search,A,git grep <pattern> searches through tracked files in repository, faster than regular grep.,Search,https://git-scm.com/docs/git-grep,https://youtube.com/results?search_query=git+grep,https://youtube.com/results?search_query=git+grep+hindi,https://youtube.com/results?search_query=git+grep+kannada,https://youtube.com/results?search_query=git+grep+tamil,https://youtube.com/results?search_query=git+grep+telugu
Git,Intermediate,What's the purpose of git describe?,Version identification,Tag proximity,Commit description,Release info,A,git describe finds most recent tag reachable from commit, useful for version string generation.,Versioning,https://git-scm.com/docs/git-describe,https://youtube.com/results?search_query=git+describe,https://youtube.com/results?search_query=git+describe+hindi,https://youtube.com/results?search_query=git+describe+kannada,https://youtube.com/results?search_query=git+describe+tamil,https://youtube.com/results?search_query=git+describe+telugu
Git,Intermediate,How do you configure Git to use SSH keys?,Authentication setup,Security configuration,Key-based auth,Remote access,A,Generate SSH keys, add to ssh-agent, and configure remote URL as git@github.com:user/repo.git.,SSH Configuration,https://docs.github.com/en/authentication/connecting-to-github-with-ssh,https://youtube.com/results?search_query=git+ssh+keys,https://youtube.com/results?search_query=git+ssh+keys+hindi,https://youtube.com/results?search_query=git+ssh+keys+kannada,https://youtube.com/results?search_query=git+ssh+keys+tamil,https://youtube.com/results?search_query=git+ssh+keys+telugu
Git,Intermediate,What's the difference between git stash pop and git stash apply?,Stash restoration,Temporary change retrieval,Stack management,Work recovery,A,pop applies and removes stash; apply applies but keeps stash - different stash stack behavior.,Stashing,https://git-scm.com/docs/git-stash,https://youtube.com/results?search_query=git+stash+pop+apply,https://youtube.com/results?search_query=git+stash+pop+apply+hindi,https://youtube.com/results?search_query=git+stash+pop+apply+kannada,https://youtube.com/results?search_query=git+stash+pop+apply+tamil,https://youtube.com/results?search_query=git+stash+pop+apply+telugu
Git,Intermediate,How do you use git log with advanced formatting?,History visualization,Custom output,Commit filtering,Log presentation,A,git log --oneline --graph --decorate for compact view; use --pretty=format for custom formatting.,Logging,https://git-scm.com/docs/git-log,https://youtube.com/results?search_query=git+log+formatting,https://youtube.com/results?search_query=git+log+formatting+hindi,https://youtube.com/results?search_query=git+log+formatting+kannada,https://youtube.com/results?search_query=git+log+formatting+tamil,https://youtube.com/results?search_query=git+log+formatting+telugu
Git,Intermediate,What's the purpose of git archive?,Repository export,Code packaging,Release bundles,Snapshot creation,A,git archive creates tar/zip archive of repository contents, useful for deployment or distribution.,Export,https://git-scm.com/docs/git-archive,https://youtube.com/results?search_query=git+archive,https://youtube.com/results?search_query=git+archive+hindi,https://youtube.com/results?search_query=git+archive+kannada,https://youtube.com/results?search_query=git+archive+tamil,https://youtube.com/results?search_query=git+archive+telugu
Git,Intermediate,How do you set up Git for large teams?,Team workflows,Collaboration setup,Branch strategies,Code review,A,Establish branching strategy (Git Flow, GitHub Flow), use pull requests, enforce commit conventions.,Team Collaboration,https://git-scm.com/book/en/v2/Distributed-Git-Distributed-Workflows,https://youtube.com/results?search_query=git+team+collaboration,https://youtube.com/results?search_query=git+team+collaboration+hindi,https://youtube.com/results?search_query=git+team+collaboration+kannada,https://youtube.com/results?search_query=git+team+collaboration+tamil,https://youtube.com/results?search_query=git+team+collaboration+telugu
Git,Intermediate,What's the difference between git checkout and git switch?,Branch switching,Worktree navigation,Command alternatives,New syntax,A,git switch is newer, safer command for switching branches; git checkout has multiple functions.,Branch Management,https://git-scm.com/docs/git-switch,https://youtube.com/results?search_query=git+checkout+vs+switch,https://youtube.com/results?search_query=git+checkout+vs+switch+hindi,https://youtube.com/results?search_query=git+checkout+vs+switch+kannada,https://youtube.com/results?search_query=git+checkout+vs+switch+tamil,https://youtube.com/results?search_query=git+checkout+vs+switch+telugu
Git,Intermediate,How do you use git filter-branch for history rewriting?,Bulk history editing,Repository cleanup,Sensitive data removal,Mass changes,A,git filter-branch rewrites multiple commits (remove files, change emails) but use git filter-repo for new projects.,History Rewriting,https://git-scm.com/docs/git-filter-branch,https://youtube.com/results?search_query=git+filter+branch,https://youtube.com/results?search_query=git+filter+branch+hindi,https://youtube.com/results?search_query=git+filter+branch+kannada,https://youtube.com/results?search_query=git+filter+branch+tamil,https://youtube.com/results?search_query=git+filter+branch+telugu
Git,Intermediate,What's the purpose of git notes?,Additional metadata,Commit annotations,Extra information,Supplementary data,A,git notes adds extra information to commits without modifying commit objects themselves.,Metadata,https://git-scm.com/docs/git-notes,https://youtube.com/results?search_query=git+notes,https://youtube.com/results?search_query=git+notes+hindi,https://youtube.com/results?search_query=git+notes+kannada,https://youtube.com/results?search_query=git+notes+tamil,https://youtube.com/results?search_query=git+notes+telugu
Git,Intermediate,How do you configure Git to ignore certain file patterns?,Exclusion rules,Noise reduction,Generated files,Environment files,A,Create .gitignore file with patterns; use git check-ignore to verify what's being ignored.,Ignoring Files,https://git-scm.com/docs/gitignore,https://youtube.com/results?search_query=git+ignore,https://youtube.com/results?search_query=git+ignore+hindi,https://youtube.com/results?search_query=git+ignore+kannada,https://youtube.com/results?search_query=git+ignore+tamil,https://youtube.com/results?search_query=git+ignore+telugu
Git,Intermediate,What's the difference between git reset --soft and --hard?,Undo intensity,Staging manipulation,Working directory,Commit removal,A,--soft keeps changes staged; --hard discards all changes - different levels of reset aggressiveness.,Reset,https://git-scm.com/docs/git-reset,https://youtube.com/results?search_query=git+reset+soft+hard,https://youtube.com/results?search_query=git+reset+soft+hard+hindi,https://youtube.com/results?search_query=git+reset+soft+hard+kannada,https://youtube.com/results?search_query=git+reset+soft+hard+tamil,https://youtube.com/results?search_query=git+reset+soft+hard+telugu
Git,Intermediate,How do you use git rebase --interactive for history editing?,Interactive rewriting,Commit manipulation,History cleanup,Sequence editing,A,git rebase -i opens editor to reorder, squash, edit, or drop commits in specified range.,Interactive Rebase,https://git-scm.com/docs/git-rebase#_interactive_mode,https://youtube.com/results?search_query=git+rebase+interactive,https://youtube.com/results?search_query=git+rebase+interactive+hindi,https://youtube.com/results?search_query=git+rebase+interactive+kannada,https://youtube.com/results?search_query=git+rebase+interactive+tamil,https://youtube.com/results?search_query=git+rebase+interactive+telugu
Git,Intermediate,What's the purpose of git shortlog?,Commit summarization,Author statistics,Contribution tracking,Team metrics,A,git shortlog groups commits by author, useful for generating changelogs or contribution reports.,Statistics,https://git-scm.com/docs/git-shortlog,https://youtube.com/results?search_query=git+shortlog,https://youtube.com/results?search_query=git+shortlog+hindi,https://youtube.com/results?search_query=git+shortlog+kannada,https://youtube.com/results?search_query=git+shortlog+tamil,https://youtube.com/results?search_query=git+shortlog+telugu
Git,Intermediate,How do you handle Git submodule removal?,Dependency removal,Module deletion,Cleanup process,Repo simplification,A,git submodule deinit <path> removes submodule; git rm <path> removes from index; delete .gitmodules entry.,Submodules,https://git-scm.com/docs/git-submodule,https://youtube.com/results?search_query=git+remove+submodule,https://youtube.com/results?search_query=git+remove+submodule+hindi,https://youtube.com/results?search_query=git+remove+submodule+kannada,https://youtube.com/results?search_query=git+remove+submodule+tamil,https://youtube.com/results?search_query=git+remove+submodule+telugu
Git,Intermediate,What's the difference between git merge --no-ff and --ff-only?,Fast-forward control,Merge strategy,History preservation,Branch visualization,A,--no-ff always creates merge commit; --ff-only allows only fast-forward merges - different merge behaviors.,Merging,https://git-scm.com/docs/git-merge,https://youtube.com/results?search_query=git+merge+no-ff,https://youtube.com/results?search_query=git+merge+no-ff+hindi,https://youtube.com/results?search_query=git+merge+no-ff+kannada,https://youtube.com/results?search_query=git+merge+no-ff+tamil,https://youtube.com/results?search_query=git+merge+no-ff+telugu
Git,Intermediate,How do you use git for binary file diffing?,Binary comparison,Media files,Non-text files,Image diff,A,Configure diff tool for binary files or use git diff --word-diff for limited binary diffing.,Diffing,https://git-scm.com/book/en/v2/Customizing-Git-Git-Attributes,https://youtube.com/results?search_query=git+binary+diff,https://youtube.com/results?search_query=git+binary+diff+hindi,https://youtube.com/results?search_query=git+binary+diff+kannada,https://youtube.com/results?search_query=git+binary+diff+tamil,https://youtube.com/results?search_query=git+binary+diff+telugu
Git,Intermediate,What's the purpose of git commit --fixup?,Correction commits,Mistake fixing,Interactive rebase preparation,Quick fixes,A,git commit --fixup creates commit meant to be squashed into previous commit during rebase -i --autosquash.,Commit Management,https://git-scm.com/docs/git-commit,https://youtube.com/results?search_query=git+commit+fixup,https://youtube.com/results?search_query=git+commit+fixup+hindi,https://youtube.com/results?search_query=git+commit+fixup+kannada,https://youtube.com/results?search_query=git+commit+fixup+tamil,https://youtube.com/results?search_query=git+commit+fixup+telugu
Git,Intermediate,How do you configure Git for line ending normalization?,Cross-platform compatibility,Line endings,CRLF/LF,Text normalization,A,Set core.autocrlf to true (Windows) or input (Linux/Mac); use .gitattributes for per-repo settings.,Configuration,https://git-scm.com/book/en/v2/Customizing-Git-Git-Configuration,https://youtube.com/results?search_query=git+line+endings,https://youtube.com/results?search_query=git+line+endings+hindi,https://youtube.com/results?search_query=git+line+endings+kannada,https://youtube.com/results?search_query=git+line+endings+tamil,https://youtube.com/results?search_query=git+line+endings+telugu
Git,Intermediate,What's the difference between git push --force and --force-with-lease?,Force push safety,Remote overwriting,Collaboration protection,Safe overwrite,A,--force overwrites remote; --force-with-lease checks remote hasn't changed since last fetch - safer.,Pushing,https://git-scm.com/docs/git-push,https://youtube.com/results?search_query=git+force+with+lease,https://youtube.com/results?search_query=git+force+with+lease+hindi,https://youtube.com/results?search_query=git+force+with+lease+kannada,https://youtube.com/results?search_query=git+force+with+lease+tamil,https://youtube.com/results?search_query=git+force+with+lease+telugu
Git,Intermediate,How do you use git log to find specific commits?,Commit searching,History filtering,Pattern matching,Change location,A,git log --grep=<pattern> searches commit messages; --S<string> searches code changes (pickaxe).,Search,https://git-scm.com/docs/git-log,https://youtube.com/results?search_query=git+log+search,https://youtube.com/results?search_query=git+log+search+hindi,https://youtube.com/results?search_query=git+log+search+kannada,https://youtube.com/results?search_query=git+log+search+tamil,https://youtube.com/results?search_query=git+log+search+telugu
Git,Intermediate,What's the purpose of git bundle?,Offline sharing,Repository packaging,Network-less transfer,Backup creation,A,git bundle creates single file containing repository data for offline transfer or backup.,Bundling,https://git-scm.com/docs/git-bundle,https://youtube.com/results?search_query=git+bundle,https://youtube.com/results?search_query=git+bundle+hindi,https://youtube.com/results?search_query=git+bundle+kannada,https://youtube.com/results?search_query=git+bundle+tamil,https://youtube.com/results?search_query=git+bundle+telugu
Git,Intermediate,How do you set up Git with GPG signing?,Commit signing,Verification,Security,Identity verification,A,Generate GPG key, configure git to use it (user.signingkey), and use git commit -S for signed commits.,Security,https://git-scm.com/book/en/v2/Git-Tools-Signing-Your-Work,https://youtube.com/results?search_query=git+gpg+signing,https://youtube.com/results?search_query=git+gpg+signing+hindi,https://youtube.com/results?search_query=git+gpg+signing+kannada,https://youtube.com/results?search_query=git+gpg+signing+tamil,https://youtube.com/results?search_query=git+gpg+signing+telugu
Git,Intermediate,What's the difference between git remote prune and git fetch --prune?,Remote cleanup,Branch deletion,Reference management,Sync optimization,A,Both remove stale remote-tracking branches; git fetch --prune does it during fetch.,Remote Management,https://git-scm.com/docs/git-remote,https://youtube.com/results?search_query=git+remote+prune,https://youtube.com/results?search_query=git+remote+prune+hindi,https://youtube.com/results?search_query=git+remote+prune+kannada,https://youtube.com/results?search_query=git+remote+prune+tamil,https://youtube.com/results?search_query=git+remote+prune+telugu
Git,Intermediate,How do you use git for partial file staging?,Selective staging,Partial commits,Code separation,Change isolation,A,git add -p stages changes interactively; git add --edit opens editor for precise staging.,Staging,https://git-scm.com/docs/git-add,https://youtube.com/results?search_query=git+partial+staging,https://youtube.com/results?search_query=git+partial+staging+hindi,https://youtube.com/results?search_query=git+partial+staging+kannada,https://youtube.com/results?search_query=git+partial+staging+tamil,https://youtube.com/results?search_query=git+partial+staging+telugu
Git,Intermediate,What's the purpose of git rev-parse?,Revision parsing,Reference resolution,SHA extraction,Object identification,A,git rev-parse converts revision names (branches, tags) to SHA-1 hashes, useful for scripting.,Object Identification,https://git-scm.com/docs/git-rev-parse,https://youtube.com/results?search_query=git+rev-parse,https://youtube.com/results?search_query=git+rev-parse+hindi,https://youtube.com/results?search_query=git+rev-parse+kannada,https://youtube.com/results?search_query=git+rev-parse+tamil,https://youtube.com/results?search_query=git+rev-parse+telugu
Git,Intermediate,How do you handle Git with multiple email addresses?,Identity management,Work/personal separation,Email configuration,Context switching,A,Configure conditional includes in .gitconfig or use git config --local for per-repo email settings.,Configuration,https://git-scm.com/docs/git-config,https://youtube.com/results?search_query=git+multiple+emails,https://youtube.com/results?search_query=git+multiple+emails+hindi,https://youtube.com/results?search_query=git+multiple+emails+kannada,https://youtube.com/results?search_query=git+multiple+emails+tamil,https://youtube.com/results?search_query=git+multiple+emails+telugu
Git,Intermediate,What's the difference between git cherry and git log --oneline --left-right?,Commit comparison,Branch divergence,Change identification,Sync status,A,git cherry shows commits not merged; git log --left-right shows commit differences between branches.,Comparison,https://git-scm.com/docs/git-cherry,https://youtube.com/results?search_query=git+cherry+command,https://youtube.com/results?search_query=git+cherry+command+hindi,https://youtube.com/results?search_query=git+cherry+command+kannada,https://youtube.com/results?search_query=git+cherry+command+tamil,https://youtube.com/results?search_query=git+cherry+command+telugu
Git,Intermediate,How do you use Git with CI/CD pipelines?,Automation integration,Deployment workflows,Continuous integration,Pipeline setup,A,Configure CI to clone repo, run tests on commits/pull requests, and deploy from specific branches.,CI/CD Integration,https://docs.github.com/en/actions/automating-builds-and-tests,https://youtube.com/results?search_query=git+ci+cd,https://youtube.com/results?search_query=git+ci+cd+hindi,https://youtube.com/results?search_query=git+ci+cd+kannada,https://youtube.com/results?search_query=git+ci+cd+tamil,https://youtube.com/results?search_query=git+ci+cd+telugu
Git,Intermediate,What's the purpose of git replace?,Object replacement,History modification,Commit substitution,Non-destructive changes,A,git replace creates substitute objects without changing original commits, useful for temporary fixes.,Object Management,https://git-scm.com/docs/git-replace,https://youtube.com/results?search_query=git+replace,https://youtube.com/results?search_query=git+replace+hindi,https://youtube.com/results?search_query=git+replace+kannada,https://youtube.com/results?search_query=git+replace+tamil,https://youtube.com/results?search_query=git+replace+telugu
Git,Intermediate,How do you configure Git for performance optimization?,Speed optimization,Repository tuning,Performance settings,Large repo handling,A,Use git config core.preloadIndex true, core.fscache true; consider shallow clones for large repos.,Performance,https://git-scm.com/book/en/v2/Git-Internals-Maintenance-and-Data-Recovery,https://youtube.com/results?search_query=git+performance+optimization,https://youtube.com/results?search_query=git+performance+optimization+hindi,https://youtube.com/results?search_query=git+performance+optimization+kannada,https://youtube.com/results?search_query=git+performance+optimization+tamil,https://youtube.com/results?search_query=git+performance+optimization+telugu
Git,Intermediate,What's the difference between git update-index and git add?,Index manipulation,File mode changes,Stage management,Advanced staging,A,git update-index modifies index directly (file modes, assume-unchanged); git add stages file changes.,Index Management,https://git-scm.com/docs/git-update-index,https://youtube.com/results?search_query=git+update+index,https://youtube.com/results?search_query=git+update+index+hindi,https://youtube.com/results?search_query=git+update+index+kannada,https://youtube.com/results?search_query=git+update+index+tamil,https://youtube.com/results?search_query=git+update+index+telugu
Git,Intermediate,How do you use Git with Jira/issue tracking integration?,Issue linking,Work management,Ticket integration,Project tracking,A,Include issue key in branch names or commit messages; use Git hooks to update Jira automatically.,Integration,https://support.atlassian.com/jira-software-cloud/docs/use-smart-commits/,https://youtube.com/results?search_query=git+jira+integration,https://youtube.com/results?search_query=git+jira+integration+hindi,https://youtube.com/results?search_query=git+jira+integration+kannada,https://youtube.com/results?search_query=git+jira+integration+tamil,https://youtube.com/results?search_query=git+jira+integration+telugu
Git,Intermediate,What's the purpose of git whatchanged?,Change history,File tracking,Legacy command,Deprecated viewing,A,git whatchanged shows commit history with file lists (legacy command, use git log --name-status instead).,History Viewing,https://git-scm.com/docs/git-whatchanged,https://youtube.com/results?search_query=git+whatchanged,https://youtube.com/results?search_query=git+whatchanged+hindi,https://youtube.com/results?search_query=git+whatchanged+kannada,https://youtube.com/results?search_query=git+whatchanged+tamil,https://youtube.com/results?search_query=git+whatchanged+telugu
Git,Intermediate,How do you handle Git in mono-repo setups?,Monorepo management,Multiple projects,Single repository,Code sharing,A,Use sparse-checkout, git submodules, or workspace tools; establish clear directory structure.,Monorepo,https://git-scm.com/docs/git-sparse-checkout,https://youtube.com/results?search_query=git+monorepo,https://youtube.com/results?search_query=git+monorepo+hindi,https://youtube.com/results?search_query=git+monorepo+kannada,https://youtube.com/results?search_query=git+monorepo+tamil,https://youtube.com/results?search_query=git+monorepo+telugu
Git,Intermediate,What's the difference between git init --bare and regular init?,Repository types,Server setup,Shared repos,Central storage,A,--bare creates repo without working directory for server/shared use; regular init includes working directory.,Repository Setup,https://git-scm.com/book/en/v2/Git-on-the-Server-Getting-Git-on-a-Server,https://youtube.com/results?search_query=git+init+bare,https://youtube.com/results?search_query=git+init+bare+hindi,https://youtube.com/results?search_query=git+init+bare+kannada,https://youtube.com/results?search_query=git+init+bare+tamil,https://youtube.com/results?search_query=git+init+bare+telugu
Git,Intermediate,How do you use Git for code review workflows?,Review process,Pull requests,Collaboration,Quality assurance,A,Create feature branches, push changes, open pull requests, address review comments, then merge.,Code Review,https://docs.github.com/en/pull-requests/collaborating-with-pull-requests,https://youtube.com/results?search_query=git+code+review,https://youtube.com/results?search_query=git+code+review+hindi,https://youtube.com/results?search_query=git+code+review+kannada,https://youtube.com/results?search_query=git+code+review+tamil,https://youtube.com/results?search_query=git+code+review+telugu
Git,Intermediate,What's the purpose of git cat-file?,Object inspection,Content viewing,Raw data access,Low-level operations,A,git cat-file displays content of Git objects (blobs, trees, commits, tags) by SHA-1.,Object Inspection,https://git-scm.com/docs/git-cat-file,https://youtube.com/results?search_query=git+cat-file,https://youtube.com/results?search_query=git+cat-file+hindi,https://youtube.com/results?search_query=git+cat-file+kannada,https://youtube.com/results?search_query=git+cat-file+tamil,https://youtube.com/results?search_query=git+cat-file+telugu
Git,Intermediate,How do you configure Git for different operating systems?,Cross-platform setup,OS compatibility,Environment adaptation,Tool configuration,A,Use conditional includes in .gitconfig for OS-specific settings (line endings, credential helpers).,Configuration,https://git-scm.com/book/en/v2/Customizing-Git-Git-Configuration,https://youtube.com/results?search_query=git+cross+platform,https://youtube.com/results?search_query=git+cross+platform+hindi,https://youtube.com/results?search_query=git+cross+platform+kannada,https://youtube.com/results?search_query=git+cross+platform+tamil,https://youtube.com/results?search_query=git+cross+platform+telugu
Git,Intermediate,What's the difference between git merge-base and git diff ...?,Common ancestor,Divergence point,Comparison base,Branch analysis,A,git merge-base finds common ancestor; git diff A...B shows changes since common ancestor - related but different.,Comparison,https://git-scm.com/docs/git-merge-base,https://youtube.com/results?search_query=git+merge+base,https://youtube.com/results?search_query=git+merge+base+hindi,https://youtube.com/results?search_query=git+merge+base+kannada,https://youtube.com/results?search_query=git+merge+base+tamil,https://youtube.com/results?search_query=git+merge+base+telugu
Git,Intermediate,How do you use Git with Docker for development?,Container development,Environment consistency,DevOps integration,Docker workflows,A,Use Docker volumes for code, multi-stage builds, and Git hooks for Docker operations.,Docker Integration,https://docs.docker.com/develop/develop-images/dockerfile_best-practices/,https://youtube.com/results?search_query=git+docker+development,https://youtube.com/results?search_query=git+docker+development+hindi,https://youtube.com/results?search_query=git+docker+development+kannada,https://youtube.com/results?search_query=git+docker+development+tamil,https://youtube.com/results?search_query=git+docker+development+telugu
Git,Intermediate,What's the purpose of git verify-commit?,Signature verification,Security checking,Trust validation,Integrity verification,A,git verify-commit checks GPG signature on signed commits for authenticity and integrity.,Security,https://git-scm.com/docs/git-verify-commit,https://youtube.com/results?search_query=git+verify+commit,https://youtube.com/results?search_query=git+verify+commit+hindi,https://youtube.com/results?search_query=git+verify+commit+kannada,https://youtube.com/results?search_query=git+verify+commit+tamil,https://youtube.com/results?search_query=git+verify+commit+telugu
Git,Intermediate,How do you handle Git with multiple upstream repositories?,Upstream management,Fork synchronization,Source tracking,Multiple origins,A,Add multiple remotes, set upstream for each branch, merge changes from different sources carefully.,Remote Management,https://git-scm.com/book/en/v2/Git-Basics-Working-with-Remotes,https://youtube.com/results?search_query=git+multiple+upstream,https://youtube.com/results?search_query=git+multiple+upstream+hindi,https://youtube.com/results?search_query=git+multiple+upstream+kannada,https://youtube.com/results?search_query=git+multiple+upstream+tamil,https://youtube.com/results?search_query=git+multiple+upstream+telugu
Git,Intermediate,What's the difference between git commit --allow-empty and regular commit?,Empty commits,Trigger commits,Placeholder commits,CI triggers,A,--allow-empty creates commit with no changes; regular commit requires changes - useful for CI triggers.,Commit Management,https://git-scm.com/docs/git-commit,https://youtube.com/results?search_query=git+allow+empty+commit,https://youtube.com/results?search_query=git+allow+empty+commit+hindi,https://youtube.com/results?search_query=git+allow+empty+commit+kannada,https://youtube.com/results?search_query=git+allow+empty+commit+tamil,https://youtube.com/results?search_query=git+allow+empty+commit+telugu
Git,Intermediate,How do you use Git with feature toggle/flags?,Feature flags,Gradual rollout,Release management,Progressive delivery,A,Branch by abstraction, use configuration files, and merge feature branches when toggles are removed.,Feature Management,https://featureflags.io/feature-flags-git/,https://youtube.com/results?search_query=git+feature+toggles,https://youtube.com/results?search_query=git+feature+toggles+hindi,https://youtube.com/results?search_query=git+feature+toggles+kannada,https://youtube.com/results?search_query=git+feature+toggles+tamil,https://youtube.com/results?search_query=git+feature+toggles+telugu
Git,Intermediate,What's the purpose of git ls-files?,File listing,Index inspection,Working directory status,Tree viewing,A,git ls-files shows files in index (staging area) and working tree, useful for scripting.,File Listing,https://git-scm.com/docs/git-ls-files,https://youtube.com/results?search_query=git+ls+files,https://youtube.com/results?search_query=git+ls+files+hindi,https://youtube.com/results?search_query=git+ls+files+kannada,https://youtube.com/results?search_query=git+ls+files+tamil,https://youtube.com/results?search_query=git+ls+files+telugu
Git,Intermediate,How do you configure Git for accessibility?,Accessibility features,Screen reader support,Disability accommodations,Inclusive design,A,Use descriptive commit messages, configure color settings for color blindness, use text-based tools.,Accessibility,https://git-scm.com/docs/git-config,https://youtube.com/results?search_query=git+accessibility,https://youtube.com/results?search_query=git+accessibility+hindi,https://youtube.com/results?search_query=git+accessibility+kannada,https://youtube.com/results?search_query=git+accessibility+tamil,https://youtube.com/results?search_query=git+accessibility+telugu
Git,Intermediate,What's the difference between git rebase --onto and regular rebase?,Target branch selection,Rebase redirection,Complex rebasing,History restructuring,A,--onto allows rebasing onto different base branch; regular rebase rebases onto current upstream.,Rebasing,https://git-scm.com/docs/git-rebase,https://youtube.com/results?search_query=git+rebase+onto,https://youtube.com/results?search_query=git+rebase+onto+hindi,https://youtube.com/results?search_query=git+rebase+onto+kannada,https://youtube.com/results?search_query=git+rebase+onto+tamil,https://youtube.com/results?search_query=git+rebase+onto+telugu
Git,Intermediate,How do you use Git with Kubernetes for GitOps?,GitOps workflows,Kubernetes deployment,Infrastructure as code,Continuous deployment,A,Store Kubernetes manifests in Git, use tools like ArgoCD or Flux to sync cluster state with repo.,GitOps,https://www.gitops.tech/,https://youtube.com/results?search_query=git+kubernetes+gitops,https://youtube.com/results?search_query=git+kubernetes+gitops+hindi,https://youtube.com/results?search_query=git+kubernetes+gitops+kannada,https://youtube.com/results?search_query=git+kubernetes+gitops+tamil,https://youtube.com/results?search_query=git+kubernetes+gitops+telugu
Git,Intermediate,What's the purpose of git count-objects?,Repository size,Storage analysis,Disk usage,Object counting,A,git count-objects counts unpacked objects and calculates repository size, useful for cleanup decisions.,Repository Analysis,https://git-scm.com/docs/git-count-objects,https://youtube.com/results?search_query=git+count+objects,https://youtube.com/results?search_query=git+count+objects+hindi,https://youtube.com/results?search_query=git+count+objects+kannada,https://youtube.com/results?search_query=git+count+objects+tamil,https://youtube.com/results?search_query=git+count+objects+telugu
Git,Intermediate,How do you handle Git with database migrations?,Database versioning,Schema changes,Migration scripts,Data evolution,A,Store migration scripts in Git, use sequential numbering, and track applied migrations in database.,Database,https://www.atlassian.com/git/tutorials/database-version-control,https://youtube.com/results?search_query=git+database+migrations,https://youtube.com/results?search_query=git+database+migrations+hindi,https://youtube.com/results?search_query=git+database+migrations+kannada,https://youtube.com/results?search_query=git+database+migrations+tamil,https://youtube.com/results?search_query=git+database+migrations+telugu
Git,Intermediate,What's the difference between git fsck and git gc?,Integrity checking,Garbage collection,Repository maintenance,Health verification,A,git fsck verifies repository integrity; git gc cleans up unnecessary files - different maintenance tasks.,Maintenance,https://git-scm.com/docs/git-fsck,https://youtube.com/results?search_query=git+fsck+gc,https://youtube.com/results?search_query=git+fsck+gc+hindi,https://youtube.com/results?search_query=git+fsck+gc+kannada,https://youtube.com/results?search_query=git+fsck+gc+tamil,https://youtube.com/results?search_query=git+fsck+gc+telugu
Git,Intermediate,How do you use Git with static site generators?,Static sites,Content versioning,JAMstack,Documentation,A,Store source content in Git, use CI/CD to build and deploy generated sites to hosting services.,Static Sites,https://docs.github.com/en/pages,https://youtube.com/results?search_query=git+static+site,https://youtube.com/results?search_query=git+static+site+hindi,https://youtube.com/results?search_query=git+static+site+kannada,https://youtube.com/results?search_query=git+static+site+tamil,https://youtube.com/results?search_query=git+static+site+telugu
Git,Intermediate,What's the purpose of git mailinfo and git mailsplit?,Patch processing,Email extraction,Mailing list,Change distribution,A,git mailinfo extracts patch and metadata from email; git mailsplit splits mbox file - for email workflows.,Email Workflows,https://git-scm.com/docs/git-mailinfo,https://youtube.com/results?search_query=git+mailinfo,https://youtube.com/results?search_query=git+mailinfo+hindi,https://youtube.com/results?search_query=git+mailinfo+kannada,https://youtube.com/results?search_query=git+mailinfo+tamil,https://youtube.com/results?search_query=git+mailinfo+telugu
Git,Intermediate,How do you configure Git for atomic commits?,Commit discipline,Change isolation,Single responsibility,Focused commits,A,Stage related changes together, write descriptive messages, use git add -p for selective staging.,Commit Best Practices,https://git-scm.com/book/en/v2/Git-Basics-Recording-Changes-to-the-Repository,https://youtube.com/results?search_query=git+atomic+commits,https://youtube.com/results?search_query=git+atomic+commits+hindi,https://youtube.com/results?search_query=git+atomic+commits+kannada,https://youtube.com/results?search_query=git+atomic+commits+tamil,https://youtube.com/results?search_query=git+atomic+commits+telugu
Git,Intermediate,What's the difference between git show-branch and git branch -a?,Branch display,Visualization tools,Remote tracking,List comparison,A,git show-branch shows branch relationships graphically; git branch -a lists branches - different presentation.,Branch Visualization,https://git-scm.com/docs/git-show-branch,https://youtube.com/results?search_query=git+show+branch,https://youtube.com/results?search_query=git+show+branch+hindi,https://youtube.com/results?search_query=git+show+branch+kannada,https://youtube.com/results?search_query=git+show+branch+tamil,https://youtube.com/results?search_query=git+show+branch+telugu
Git,Intermediate,How do you use Git with API versioning?,API management,Version control,Backward compatibility,Endpoint evolution,A,Use Git tags for API versions, maintain multiple branches for different versions, document changes.,API Versioning,https://semver.org/,https://youtube.com/results?search_query=git+api+versioning,https://youtube.com/results?search_query=git+api+versioning+hindi,https://youtube.com/results?search_query=git+api+versioning+kannada,https://youtube.com/results?search_query=git+api+versioning+tamil,https://youtube.com/results?search_query=git+api+versioning+telugu
Git,Intermediate,What's the purpose of git merge-tree?,Three-way merge,Prediction tool,Conflict preview,Merge simulation,A,git merge-tree performs three-way merge without touching index, useful for previewing merge results.,Merging,https://git-scm.com/docs/git-merge-tree,https://youtube.com/results?search_query=git+merge+tree,https://youtube.com/results?search_query=git+merge+tree+hindi,https://youtube.com/results?search_query=git+merge+tree+kannada,https://youtube.com/results?search_query=git+merge+tree+tamil,https://youtube.com/results?search_query=git+merge+tree+telugu
Git,Intermediate,How do you handle Git with configuration files?,Config management,Environment settings,Secrets handling,Templating,A,Use templates, environment variables, and separate config files; never commit sensitive data.,Configuration Files,https://git-scm.com/docs/git-config,https://youtube.com/results?search_query=git+configuration+files,https://youtube.com/results?search_query=git+configuration+files+hindi,https://youtube.com/results?search_query=git+configuration+files+kannada,https://youtube.com/results?search_query=git+configuration+files+tamil,https://youtube.com/results?search_query=git+configuration+files+telugu
Git,Intermediate,What's the difference between git for-each-ref and git show-ref?,Reference iteration,Object listing,Tag/branch enumeration,Scripting tools,A,git for-each-ref is more flexible with formatting; git show-ref lists refs simply - different scripting use.,Reference Management,https://git-scm.com/docs/git-for-each-ref,https://youtube.com/results?search_query=git+for+each+ref,https://youtube.com/results?search_query=git+for+each+ref+hindi,https://youtube.com/results?search_query=git+for+each+ref+kannada,https://youtube.com/results?search_query=git+for+each+ref+tamil,https://youtube.com/results?search_query=git+for+each+ref+telugu
Git,Intermediate,How do you use Git with documentation projects?,Docs as code,Documentation versioning,Multi-version docs,Content management,A,Treat docs as code, use branches for versions, automate builds with CI, include in same repo as code.,Documentation,https://www.writethedocs.org/guide/docs-as-code/,https://youtube.com/results?search_query=git+documentation,https://youtube.com/results?search_query=git+documentation+hindi,https://youtube.com/results?search_query=git+documentation+kannada,https://youtube.com/results?search_query=git+documentation+tamil,https://youtube.com/results?search_query=git+documentation+telugu
Git,Intermediate,What's the purpose of git unpack-file?,Temporary file creation,Blob extraction,Object materialization,Debugging tool,A,git unpack-file creates temporary file with blob contents, useful for debugging or examining objects.,Debugging,https://git-scm.com/docs/git-unpack-file,https://youtube.com/results?search_query=git+unpack+file,https://youtube.com/results?search_query=git+unpack+file+hindi,https://youtube.com/results?search_query=git+unpack+file+kannada,https://youtube.com/results?search_query=git+unpack+file+tamil,https://youtube.com/results?search_query=git+unpack+file+telugu
Git,Intermediate,How do you handle Git with mobile app development?,Mobile workflows,Multi-platform,Cordova/React Native,App store,A,Use Git for cross-platform code, platform-specific branches, and store signing configs securely.,Mobile Development,https://reactnative.dev/docs/versioning,https://youtube.com/results?search_query=git+mobile+development,https://youtube.com/results?search_query=git+mobile+development+hindi,https://youtube.com/results?search_query=git+mobile+development+kannada,https://youtube.com/results?search_query=git+mobile+development+tamil,https://youtube.com/results?search_query=git+mobile+development+telugu
Git,Intermediate,What's the difference between git name-rev and git describe?,Name resolution,Human-readable references,Tag identification,Commit naming,A,git name-rev gives symbolic name for commit; git describe gives tag-based description - different naming.,Reference Resolution,https://git-scm.com/docs/git-name-rev,https://youtube.com/results?search_query=git+name+rev,https://youtube.com/results?search_query=git+name+rev+hindi,https://youtube.com/results?search_query=git+name+rev+kannada,https://youtube.com/results?search_query=git+name+rev+tamil,https://youtube.com/results?search_query=git+name+rev+telugu
Git,Intermediate,How do you use Git with microservices architecture?,Microservices,Distributed systems,Service isolation,Repo strategy,A,Use separate repos per service (polyrepo) or monorepo with clear boundaries; establish shared libraries.,Microservices,https://microservices.io/patterns/deployment/,https://youtube.com/results?search_query=git+microservices,https://youtube.com/results?search_query=git+microservices+hindi,https://youtube.com/results?search_query=git+microservices+kannada,https://youtube.com/results?search_query=git+microservices+tamil,https://youtube.com/results?search_query=git+microservices+telugu
Git,Intermediate,What's the purpose of git check-attr?,Attribute checking,File properties,Custom behavior,Git attributes,A,git check-attr checks which gitattributes are set for files, useful for debugging custom behaviors.,Attributes,https://git-scm.com/docs/git-check-attr,https://youtube.com/results?search_query=git+check+attr,https://youtube.com/results?search_query=git+check+attr+hindi,https://youtube.com/results?search_query=git+check+attr+kannada,https://youtube.com/results?search_query=git+check+attr+tamil,https://youtube.com/results?search_query=git+check+attr+telugu
Git,Intermediate,How do you handle Git with third-party dependencies?,Dependency management,Library updates,Vendor code,External packages,A,Use package managers, commit lock files, consider submodules for large dependencies, update regularly.,Dependencies,https://git-scm.com/book/en/v2/Git-Tools-Submodules,https://youtube.com/results?search_query=git+dependency+management,https://youtube.com/results?search_query=git+dependency+management+hindi,https://youtube.com/results?search_query=git+dependency+management+kannada,https://youtube.com/results?search_query=git+dependency+management+tamil,https://youtube.com/results?search_query=git+dependency+management+telugu
Git,Intermediate,What's the difference between git diff --cached and git diff HEAD?,Staged comparison,Commit comparison,Change viewing,Stage inspection,A,--cached shows staged changes vs last commit; HEAD shows all changes (staged + unstaged) vs last commit.,Diffing,https://git-scm.com/docs/git-diff,https://youtube.com/results?search_query=git+diff+cached+head,https://youtube.com/results?search_query=git+diff+cached+head+hindi,https://youtube.com/results?search_query=git+diff+cached+head+kannada,https://youtube.com/results?search_query=git+diff+cached+head+tamil,https://youtube.com/results?search_query=git+diff+cached+head+telugu
Git,Intermediate,How do you use Git with machine learning projects?,ML workflows,Data versioning,Model tracking,Experiment management,A,Use Git for code, DVC for data/models, MLflow for experiments, and clear branching for experiments.,Machine Learning,https://dvc.org/doc/use-cases/versioning-data-and-model-files,https://youtube.com/results?search_query=git+machine+learning,https://youtube.com/results?search_query=git+machine+learning+hindi,https://youtube.com/results?search_query=git+machine+learning+kannada,https://youtube.com/results?search_query=git+machine+learning+tamil,https://youtube.com/results?search_query=git+machine+learning+telugu
Git,Intermediate,What's the purpose of git var?,Configuration variables,Environment info,Git settings,System information,A,git var shows Git configuration variables and system information, useful for debugging configuration.,Configuration,https://git-scm.com/docs/git-var,https://youtube.com/results?search_query=git+var,https://youtube.com/results?search_query=git+var+hindi,https://youtube.com/results?search_query=git+var+kannada,https://youtube.com/results?search_query=git+var+tamil,https://youtube.com/results?search_query=git+var+telugu
Git,Intermediate,How do you handle Git with legacy codebases?,Legacy systems,Code migration,Refactoring,Modernization,A,Use gradual refactoring, feature toggles, separate modernization branches, and preserve history.,Legacy Code,https://martinfowler.com/bliki/StranglerFigApplication.html,https://youtube.com/results?search_query=git+legacy+code,https://youtube.com/results?search_query=git+legacy+code+hindi,https://youtube.com/results?search_query=git+legacy+code+kannada,https://youtube.com/results?search_query=git+legacy+code+tamil,https://youtube.com/results?search_query=git+legacy+code+telugu
Git,Intermediate,What's the difference between git rebase --skip and --continue?,Conflict resolution,Rebase control,Interactive management,Process control,A,--skip skips current conflicted commit; --continue proceeds after resolving conflicts - different conflict handling.,Rebasing,https://git-scm.com/docs/git-rebase,https://youtube.com/results?search_query=git+rebase+skip+continue,https://youtube.com/results?search_query=git+rebase+skip+continue+hindi,https://youtube.com/results?search_query=git+rebase+skip+continue+kannada,https://youtube.com/results?search_query=git+rebase+skip+continue+tamil,https://youtube.com/results?search_query=git+rebase+skip+continue+telugu
Git,Intermediate,How do you use Git with infrastructure as code?,Infrastructure as code,Terraform,Cloud formation,Environment management,A,Store IaC scripts in Git, use separate branches/envs, automate deployments with CI/CD.,Infrastructure,https://www.terraform.io/docs/language/settings/backends/remote.html,https://youtube.com/results?search_query=git+infrastructure+as+code,https://youtube.com/results?search_query=git+infrastructure+as+code+hindi,https://youtube.com/results?search_query=git+infrastructure+as+code+kannada,https://youtube.com/results?search_query=git+infrastructure+as+code+tamil,https://youtube.com/results?search_query=git+infrastructure+as+code+telugu
Git,Intermediate,What's the purpose of git get-tar-commit-id?,Archive metadata,Commit extraction,Tar inspection,Package analysis,A,git get-tar-commit-id extracts commit ID from git archive created tarball, useful for verification.,Archive,https://git-scm.com/docs/git-get-tar-commit-id,https://youtube.com/results?search_query=git+get+tar+commit+id,https://youtube.com/results?search_query=git+get+tar+commit+id+hindi,https://youtube.com/results?search_query=git+get+tar+commit+id+kannada,https://youtube.com/results?search_query=git+get+tar+commit+id+tamil,https://youtube.com/results?search_query=git+get+tar+commit+id+telugu
Git,Intermediate,How do you handle Git with game development?,Game assets,Binary files,Version control,Unity/Unreal,A,Use Git LFS for assets, proper .gitignore for engine files, and consider Perforce for very large repos.,Game Development,https://docs.unity3d.com/Manual/ExternalVersionControlSystemSupport.html,https://youtube.com/results?search_query=git+game+development,https://youtube.com/results?search_query=git+game+development+hindi,https://youtube.com/results?search_query=git+game+development+kannada,https://youtube.com/results?search_query=git+game+development+tamil,https://youtube.com/results?search_query=git+game+development+telugu
Git,Intermediate,What's the difference between git merge --abort and git rebase --abort?,Operation cancellation,Conflict escape,Process termination,Clean exit,A,Both abort current operation; --abort works for both merge and rebase to return to pre-operation state.,Abort Operations,https://git-scm.com/docs/git-merge,https://youtube.com/results?search_query=git+merge+rebase+abort,https://youtube.com/results?search_query=git+merge+rebase+abort+hindi,https://youtube.com/results?search_query=git+merge+rebase+abort+kannada,https://youtube.com/results?search_query=git+merge+rebase+abort+tamil,https://youtube.com/results?search_query=git+merge+rebase+abort+telugu
Git,Intermediate,How do you use Git with blockchain/smart contracts?,Blockchain development,Smart contracts,Decentralized apps,Solidity,A,Use Git for smart contract code, include deployment scripts, and tag versions for contract addresses.,Blockchain,https://docs.soliditylang.org/en/latest/,https://youtube.com/results?search_query=git+blockchain,https://youtube.com/results?search_query=git+blockchain+hindi,https://youtube.com/results?search_query=git+blockchain+kannada,https://youtube.com/results?search_query=git+blockchain+tamil,https://youtube.com/results?search_query=git+blockchain+telugu
Git,Intermediate,What's the purpose of git interpret-trailers?,Commit message parsing,Metadata extraction,Trailer management,Message formatting,A,git interpret-trailers parses and manipulates trailer lines in commit messages (like Signed-off-by).,Commit Messages,https://git-scm.com/docs/git-interpret-trailers,https://youtube.com/results?search_query=git+interpret+trailers,https://youtube.com/results?search_query=git+interpret+trailers+hindi,https://youtube.com/results?search_query=git+interpret+trailers+kannada,https://youtube.com/results?search_query=git+interpret+trailers+tamil,https://youtube.com/results?search_query=git+interpret+trailers+telugu
Git,Intermediate,How do you handle Git with quantum computing projects?,Quantum development,Qiskit,Cirq,Quantum algorithms,A,Use Git for quantum circuit code, include simulation results, and document algorithm variations.,Quantum Computing,https://qiskit.org/documentation/,https://youtube.com/results?search_query=git+quantum+computing,https://youtube.com/results?search_query=git+quantum+computing+hindi,https://youtube.com/results?search_query=git+quantum+computing+kannada,https://youtube.com/results?search_query=git+quantum+computing+tamil,https://youtube.com/results?search_query=git+quantum+computing+telugu
Git,Intermediate,What's the difference between git rev-list and git log --oneline?,Commit listing,History generation,Output format,Scripting use,A,git rev-list outputs raw commit SHAs; git log --oneline formats output - different for scripting vs reading.,History Generation,https://git-scm.com/docs/git-rev-list,https://youtube.com/results?search_query=git+rev+list,https://youtube.com/results?search_query=git+rev+list+hindi,https://youtube.com/results?search_query=git+rev+list+kannada,https://youtube.com/results?search_query=git+rev+list+tamil,https://youtube.com/results?search_query=git+rev+list+telugu
Git,Intermediate,How do you use Git with edge computing projects?,Edge deployment,Distributed systems,IoT,Remote updates,A,Use Git for edge application code, implement robust update mechanisms, and handle network constraints.,Edge Computing,https://www.eclipse.org/community/eclipse_newsletter/2018/february/git.php,https://youtube.com/results?search_query=git+edge+computing,https://youtube.com/results?search_query=git+edge+computing+hindi,https://youtube.com/results?search_query=git+edge+computing+kannada,https://youtube.com/results?search_query=git+edge+computing+tamil,https://youtube.com/results?search_query=git+edge+computing+telugu
Git,Intermediate,What's the purpose of git check-mailmap?,Email mapping,Author normalization,Identity consolidation,Contact management,A,git check-mailmap checks how email addresses are mapped via .mailmap file for consistent author names.,Identity Management,https://git-scm.com/docs/git-check-mailmap,https://youtube.com/results?search_query=git+check+mailmap,https://youtube.com/results?search_query=git+check+mailmap+hindi,https://youtube.com/results?search_query=git+check+mailmap+kannada,https://youtube.com/results?search_query=git+check+mailmap+tamil,https://youtube.com/results?search_query=git+check+mailmap+telugu
Git,Intermediate,How do you handle Git with robotics projects?,Robotics code,ROS,Embedded systems,Hardware integration,A,Use Git for robot software, include configuration files, document hardware dependencies, use submodules.,Robotics,https://roboticsbackend.com/git-robotics/,https://youtube.com/results?search_query=git+robotics,https://youtube.com/results?search_query=git+robotics+hindi,https://youtube.com/results?search_query=git+robotics+kannada,https://youtube.com/results?search_query=git+robotics+tamil,https://youtube.com/results?search_query=git+robotics+telugu