Git,Advanced,What is the difference between git merge --squash and regular merge?,Merge strategies,Commit history,Squash merging,History cleanup,A,git merge --squash creates a single commit from feature branch; regular merge preserves all commits with merge commit.,Branching,https://git-scm.com/docs/git-merge,https://youtube.com/results?search_query=git+merge+squash+vs+regular,https://youtube.com/results?search_query=git+merge+squash+vs+regular+hindi,https://youtube.com/results?search_query=git+merge+squash+vs+regular+kannada,https://youtube.com/results?search_query=git+merge+squash+vs+regular+tamil,https://youtube.com/results?search_query=git+merge+squash+vs+regular+telugu
Git,Advanced,How does git rebase --interactive differ from regular rebase?,Interactive rebase,Commit editing,History rewriting,Custom rebase,A,Interactive rebase allows editing, squashing, reordering commits; regular rebase simply applies commits on top.,Rebasing,https://git-scm.com/docs/git-rebase,https://youtube.com/results?search_query=git+rebase+interactive+vs+regular,https://youtube.com/results?search_query=git+rebase+interactive+vs+regular+hindi,https://youtube.com/results?search_query=git+rebase+interactive+vs+regular+kannada,https://youtube.com/results?search_query=git+rebase+interactive+vs+regular+tamil,https://youtube.com/results?search_query=git+rebase+interactive+vs+regular+telugu
Git,Advanced,What is git worktree and when would you use it?,Multiple worktrees,Parallel development,Branch isolation,Workspace management,A,git worktree allows checking out multiple branches simultaneously in separate directories for parallel work.,Workflow,https://git-scm.com/docs/git-worktree,https://youtube.com/results?search_query=git+worktree+usage,https://youtube.com/results?search_query=git+worktree+usage+hindi,https://youtube.com/results?search_query=git+worktree+usage+kannada,https://youtube.com/results?search_query=git+worktree+usage+tamil,https://youtube.com/results?search_query=git+worktree+usage+telugu
Git,Advanced,How do you use git bisect for finding bugs?,Binary search,Bug hunting,Commit debugging,Regression finding,A,git bisect uses binary search to find the commit that introduced a bug by testing good/bad commits.,Debugging,https://git-scm.com/docs/git-bisect,https://youtube.com/results?search_query=git+bisect+bug+finding,https://youtube.com/results?search_query=git+bisect+bug+finding+hindi,https://youtube.com/results?search_query=git+bisect+bug+finding+kannada,https://youtube.com/results?search_query=git+bisect+bug+finding+tamil,https://youtube.com/results?search_query=git+bisect+bug+finding+telugu
Git,Advanced,What is git reflog and how can it recover lost commits?,Reference logs,Commit recovery,History inspection,Safety net,A,git reflog records all reference updates; can recover lost commits by finding their SHA from reflog.,Recovery,https://git-scm.com/docs/git-reflog,https://youtube.com/results?search_query=git+reflog+recover+commits,https://youtube.com/results?search_query=git+reflog+recover+commits+hindi,https://youtube.com/results?search_query=git+reflog+recover+commits+kannada,https://youtube.com/results?search_query=git+reflog+recover+commits+tamil,https://youtube.com/results?search_query=git+reflog+recover+commits+telugu
Git,Advanced,How does git cherry-pick differ from merge or rebase?,Selective commits,Commit application,Partial integration,Targeted changes,A,git cherry-pick applies specific commits from one branch to another without bringing entire branch history.,Branching,https://git-scm.com/docs/git-cherry-pick,https://youtube.com/results?search_query=git+cherry+pick+vs+merge+rebase,https://youtube.com/results?search_query=git+cherry+pick+vs+merge+rebase+hindi,https://youtube.com/results?search_query=git+cherry+pick+vs+merge+rebase+kannada,https://youtube.com/results?search_query=git+cherry+pick+vs+merge+rebase+tamil,https://youtube.com/results?search_query=git+cherry+pick+vs+merge+rebase+telugu
Git,Advanced,What is git filter-branch and when should you use it?,History rewriting,Bulk modifications,Repository cleanup,Dangerous operations,A,git filter-branch rewrites repository history for operations like removing files from all commits (use with caution),History,https://git-scm.com/docs/git-filter-branch,https://youtube.com/results?search_query=git+filter+branch+usage,https://youtube.com/results?search_query=git+filter+branch+usage+hindi,https://youtube.com/results?search_query=git+filter+branch+usage+kannada,https://youtube.com/results?search_query=git+filter+branch+usage+tamil,https://youtube.com/results?search_query=git+filter+branch+usage+telugu
Git,Advanced,How do you use git submodule vs git subtree?,Dependency management,Repository inclusion,Project dependencies,Nested repos,A,git submodule references external repo; git subtree merges external repo into subdirectory - different dependency approaches.,Dependencies,https://git-scm.com/book/en/v2/Git-Tools-Submodules,https://youtube.com/results?search_query=git+submodule+vs+subtree,https://youtube.com/results?search_query=git+submodule+vs+subtree+hindi,https://youtube.com/results?search_query=git+submodule+vs+subtree+kannada,https://youtube.com/results?search_query=git+submodule+vs+subtree+tamil,https://youtube.com/results?search_query=git+submodule+vs+subtree+telugu
Git,Advanced,What is git stash apply vs git stash pop?,Stash management,Temporary storage,Change restoration,Work-in-progress,A,Both restore stashed changes but pop removes from stash stack while apply keeps it in stash.,Stashing,https://git-scm.com/docs/git-stash,https://youtube.com/results?search_query=git+stash+apply+vs+pop,https://youtube.com/results?search_query=git+stash+apply+vs+pop+hindi,https://youtube.com/results?search_query=git+stash+apply+vs+pop+kannada,https://youtube.com/results?search_query=git+stash+apply+vs+pop+tamil,https://youtube.com/results?search_query=git+stash+apply+vs+pop+telugu
Git,Advanced,How does git rerere (reuse recorded resolution) work?,Conflict resolution,Automated merging,Conflict caching,Resolution reuse,A,git rerere remembers how you resolved merge conflicts and automatically reuses those resolutions.,Merging,https://git-scm.com/docs/git-rerere,https://youtube.com/results?search_query=git+rerere+conflict+resolution,https://youtube.com/results?search_query=git+rerere+conflict+resolution+hindi,https://youtube.com/results?search_query=git+rerere+conflict+resolution+kannada,https://youtube.com/results?search_query=git+rerere+conflict+resolution+tamil,https://youtube.com/results?search_query=git+rerere+conflict+resolution+telugu
Git,Advanced,What is git commit --fixup and --squash for?,Commit amendment,Interactive rebase,History cleanup,Workflow optimization,A,Creates commits marked for fixup/squash during interactive rebase to clean up commit history.,Committing,https://git-scm.com/docs/git-commit,https://youtube.com/results?search_query=git+commit+fixup+squash,https://youtube.com/results?search_query=git+commit+fixup+squash+hindi,https://youtube.com/results?search_query=git+commit+fixup+squash+kannada,https://youtube.com/results?search_query=git+commit+fixup+squash+tamil,https://youtube.com/results?search_query=git+commit+fixup+squash+telugu
Git,Advanced,How do you use git describe for version tagging?,Version identification,Tag referencing,Commit description,Release tracking,A,git describe finds most recent tag and adds commit info: v1.0-2-gabc123 (2 commits after v1.0),Tagging,https://git-scm.com/docs/git-describe,https://youtube.com/results?search_query=git+describe+version+tagging,https://youtube.com/results?search_query=git+describe+version+tagging+hindi,https://youtube.com/results?search_query=git+describe+version+tagging+kannada,https://youtube.com/results?search_query=git+describe+version+tagging+tamil,https://youtube.com/results?search_query=git+describe+version+tagging+telugu
Git,Advanced,What is git sparse-checkout for large repositories?,Partial checkout,Repository filtering,Selective files,Large repos,A,git sparse-checkout allows checking out only specific directories/files from large repository.,Performance,https://git-scm.com/docs/git-sparse-checkout,https://youtube.com/results?search_query=git+sparse+checkout,https://youtube.com/results?search_query=git+sparse+checkout+hindi,https://youtube.com/results?search_query=git+sparse+checkout+kannada,https://youtube.com/results?search_query=git+sparse+checkout+tamil,https://youtube.com/results?search_query=git+sparse+checkout+telugu
Git,Advanced,How does git blame -C detect moved code?,Code movement,Origin tracking,File history,Change detection,A,git blame -C detects when code was moved/copied from other files, showing original authorship.,History,https://git-scm.com/docs/git-blame,https://youtube.com/results?search_query=git+blame+C+moved+code,https://youtube.com/results?search_query=git+blame+C+moved+code+hindi,https://youtube.com/results?search_query=git+blame+C+moved+code+kannada,https://youtube.com/results?search_query=git+blame+C+moved+code+tamil,https://youtube.com/results?search_query=git+blame+C+moved+code+telugu
Git,Advanced,What is git gc (garbage collection) and when does it run?,Repository optimization,Storage cleanup,Object packing,Automatic maintenance,A,git gc cleans up unnecessary files and optimizes repository; runs automatically after some commands.,Maintenance,https://git-scm.com/docs/git-gc,https://youtube.com/results?search_query=git+gc+garbage+collection,https://youtube.com/results?search_query=git+gc+garbage+collection+hindi,https://youtube.com/results?search_query=git+gc+garbage+collection+kannada,https://youtube.com/results?search_query=git+gc+garbage+collection+tamil,https://youtube.com/results?search_query=git+gc+garbage+collection+telugu
Git,Advanced,How do you use git archive for deployment packages?,Snapshot creation,Release packaging,Archive generation,Deployment prep,A,git archive creates tar/zip archive of repository for deployment without .git directory.,Deployment,https://git-scm.com/docs/git-archive,https://youtube.com/results?search_query=git+archive+deployment,https://youtube.com/results?search_query=git+archive+deployment+hindi,https://youtube.com/results?search_query=git+archive+deployment+kannada,https://youtube.com/results?search_query=git+archive+deployment+tamil,https://youtube.com/results?search_query=git+archive+deployment+telugu
Git,Advanced,What is git notes for adding metadata to commits?,Commit annotations,Additional metadata,Review comments,Supplemental info,A,git notes attaches additional information to commits without changing commit SHA.,Metadata,https://git-scm.com/docs/git-notes,https://youtube.com/results?search_query=git+notes+metadata,https://youtube.com/results?search_query=git+notes+metadata+hindi,https://youtube.com/results?search_query=git+notes+metadata+kannada,https://youtube.com/results?search_query=git+notes+metadata+tamil,https://youtube.com/results?search_query=git+notes+metadata+telugu
Git,Advanced,How does git diff --word-diff show changes?,Word-level diff,Precise changes,Text comparison,Granular diff,A,git diff --word-diff shows changes at word level rather than line level for better readability.,Diffing,https://git-scm.com/docs/git-diff,https://youtube.com/results?search_query=git+diff+word+diff,https://youtube.com/results?search_query=git+diff+word+diff+hindi,https://youtube.com/results?search_query=git+diff+word+diff+kannada,https://youtube.com/results?search_query=git+diff+word+diff+tamil,https://youtube.com/results?search_query=git+diff+word+diff+telugu
Git,Advanced,What is git replace for rewriting history without changing SHAs?,History grafting,Object replacement,SHA preservation,Safe rewriting,A,git replace temporarily replaces objects without changing SHAs; good for testing history changes.,History,https://git-scm.com/docs/git-replace,https://youtube.com/results?search_query=git+replace+history+rewriting,https://youtube.com/results?search_query=git+replace+history+rewriting+hindi,https://youtube.com/results?search_query=git+replace+history+rewriting+kannada,https://youtube.com/results?search_query=git+replace+history+rewriting+tamil,https://youtube.com/results?search_query=git+replace+history+rewriting+telugu
Git,Advanced,How do you use git log --grep for searching commit messages?,Commit searching,Message filtering,History search,Pattern matching,A,git log --grep="pattern" searches commit messages for specific text patterns.,Searching,https://git-scm.com/docs/git-log,https://youtube.com/results?search_query=git+log+grep+search,https://youtube.com/results?search_query=git+log+grep+search+hindi,https://youtube.com/results?search_query=git+log+grep+search+kannada,https://youtube.com/results?search_query=git+log+grep+search+tamil,https://youtube.com/results?search_query=git+log+grep+search+telugu
Git,Advanced,What is git bundle for offline repository transfer?,Repository packaging,Offline sharing,Bundle creation,Network-less transfer,A,git bundle packages repository into single file for transfer without network access.,Sharing,https://git-scm.com/docs/git-bundle,https://youtube.com/results?search_query=git+bundle+offline+transfer,https://youtube.com/results?search_query=git+bundle+offline+transfer+hindi,https://youtube.com/results?search_query=git+bundle+offline+transfer+kannada,https://youtube.com/results?search_query=git+bundle+offline+transfer+tamil,https://youtube.com/results?search_query=git+bundle+offline+transfer+telugu
Git,Advanced,How does git clean -dfx remove untracked files?,File cleanup,Workspace cleaning,Untracked removal,Aggressive cleaning,A,git clean -dfx removes untracked files and directories (-d), force (-f), and ignored files (-x),Cleanup,https://git-scm.com/docs/git-clean,https://youtube.com/results?search_query=git+clean+dfx+untracked,https://youtube.com/results?search_query=git+clean+dfx+untracked+hindi,https://youtube.com/results?search_query=git+clean+dfx+untracked+kannada,https://youtube.com/results?search_query=git+clean+dfx+untracked+tamil,https://youtube.com/results?search_query=git+clean+dfx+untracked+telugu
Git,Advanced,What is git fsck for repository integrity checking?,Integrity verification,Object checking,Repository health,Consistency check,A,git fsck verifies repository object database connectivity and validity.,Maintenance,https://git-scm.com/docs/git-fsck,https://youtube.com/results?search_query=git+fsck+integrity+check,https://youtube.com/results?search_query=git+fsck+integrity+check+hindi,https://youtube.com/results?search_query=git+fsck+integrity+check+kannada,https://youtube.com/results?search_query=git+fsck+integrity+check+tamil,https://youtube.com/results?search_query=git+fsck+integrity+check+telugu
Git,Advanced,How do you use git show with various object types?,Object inspection,Commit viewing,Tree examination,Blob display,A,git show can display commits, trees, blobs, tags: git show HEAD, git show HEAD:file.txt, git show v1.0,Inspection,https://git-scm.com/docs/git-show,https://youtube.com/results?search_query=git+show+object+types,https://youtube.com/results?search_query=git+show+object+types+hindi,https://youtube.com/results?search_query=git+show+object+types+kannada,https://youtube.com/results?search_query=git+show+object+types+tamil,https://youtube.com/results?search_query=git+show+object+types+telugu
Git,Advanced,What is git whatchanged for viewing change history?,Change tracking,File history,Modification log,Legacy command,A,git whatchanged shows commit log with files changed (like git log --raw --no-merges),History,https://git-scm.com/docs/git-whatchanged,https://youtube.com/results?search_query=git+whatchanged+history,https://youtube.com/results?search_query=git+whatchanged+history+hindi,https://youtube.com/results?search_query=git+whatchanged+history+kannada,https://youtube.com/results?search_query=git+whatchanged+history+tamil,https://youtube.com/results?search_query=git+whatchanged+history+telugu
Git,Advanced,How does git merge --no-ff differ from fast-forward merge?,Merge strategies,History preservation,Explicit merging,Branch topology,A,git merge --no-ff always creates merge commit even if fast-forward possible; preserves branch history.,Merging,https://git-scm.com/docs/git-merge,https://youtube.com/results?search_query=git+merge+no+ff+vs+fast+forward,https://youtube.com/results?search_query=git+merge+no+ff+vs+fast+forward+hindi,https://youtube.com/results?search_query=git+merge+no+ff+vs+fast+forward+kannada,https://youtube.com/results?search_query=git+merge+no+ff+vs+fast+forward+tamil,https://youtube.com/results?search_query=git+merge+no+ff+vs+fast+forward+telugu
Git,Advanced,What is git rebase --onto for complex branch restructuring?,Branch surgery,Selective rebasing,Complex restructuring,Targeted rebase,A,git rebase --onto allows rebasing specific commits onto different base branch for complex reorganizations.,Rebasing,https://git-scm.com/docs/git-rebase,https://youtube.com/results?search_query=git+rebase+onto+complex,https://youtube.com/results?search_query=git+rebase+onto+complex+hindi,https://youtube.com/results?search_query=git+rebase+onto+complex+kannada,https://youtube.com/results?search_query=git+rebase+onto+complex+tamil,https://youtube.com/results?search_query=git+rebase+onto+complex+telugu
Git,Advanced,How do you use git log --follow for moved file history?,File renaming,Move tracking,Path following,History continuity,A,git log --follow continues tracking file history across renames/moves.,History,https://git-scm.com/docs/git-log,https://youtube.com/results?search_query=git+log+follow+moved+files,https://youtube.com/results?search_query=git+log+follow+moved+files+hindi,https://youtube.com/results?search_query=git+log+follow+moved+files+kannada,https://youtube.com/results?search_query=git+log+follow+moved+files+tamil,https://youtube.com/results?search_query=git+log+follow+moved+files+telugu
Git,Advanced,What is git count-objects for repository size analysis?,Size analysis,Object counting,Storage metrics,Repository stats,A,git count-objects shows number and size of unpacked objects in repository.,Analysis,https://git-scm.com/docs/git-count-objects,https://youtube.com/results?search_query=git+count+objects+size,https://youtube.com/results?search_query=git+count+objects+size+hindi,https://youtube.com/results?search_query=git+count+objects+size+kannada,https://youtube.com/results?search_query=git+count+objects+size+tamil,https://youtube.com/results?search_query=git+count+objects+size+telugu
Git,Advanced,How does git diff --cached show staged changes?,Staged comparison,Index diff,Pre-commit review,Staging area,A,git diff --cached shows differences between staged changes and last commit (what will be committed),Diffing,https://git-scm.com/docs/git-diff,https://youtube.com/results?search_query=git+diff+cached+staged,https://youtube.com/results?search_query=git+diff+cached+staged+hindi,https://youtube.com/results?search_query=git+diff+cached+staged+kannada,https://youtube.com/results?search_query=git+diff+cached+staged+tamil,https://youtube.com/results?search_query=git+diff+cached+staged+telugu
Git,Advanced,What is git rev-parse for revision parsing?,SHA extraction,Reference parsing,Object identification,Command plumbing,A,git rev-parse converts revision names (branches, tags) to SHA1 hashes; low-level command.,Plumbing,https://git-scm.com/docs/git-rev-parse,https://youtube.com/results?search_query=git+rev+parse+revision,https://youtube.com/results?search_query=git+rev+parse+revision+hindi,https://youtube.com/results?search_query=git+rev+parse+revision+kannada,https://youtube.com/results?search_query=git+rev+parse+revision+tamil,https://youtube.com/results?search_query=git+rev+parse+revision+telugu
Git,Advanced,How do you use git stash branch for stashed changes on new branch?,Branch creation,Stash application,Feature isolation,Context switching,A,git stash branch <name> creates new branch and applies stashed changes to it.,Stashing,https://git-scm.com/docs/git-stash,https://youtube.com/results?search_query=git+stash+branch+creation,https://youtube.com/results?search_query=git+stash+branch+creation+hindi,https://youtube.com/results?search_query=git+stash+branch+creation+kannada,https://youtube.com/results?search_query=git+stash+branch+creation+tamil,https://youtube.com/results?search_query=git+stash+branch+creation+telugu
Git,Advanced,What is git prune for removing unreachable objects?,Garbage collection,Object removal,Storage cleanup,Orphan deletion,A,git prune removes unreachable objects (not referenced by any branch/tag) from object database.,Maintenance,https://git-scm.com/docs/git-prune,https://youtube.com/results?search_query=git+prune+unreachable+objects,https://youtube.com/results?search_query=git+prune+unreachable+objects+hindi,https://youtube.com/results?search_query=git+prune+unreachable+objects+kannada,https://youtube.com/results?search_query=git+prune+unreachable+objects+tamil,https://youtube.com/results?search_query=git+prune+unreachable+objects+telugu
Git,Advanced,How does git tag -a create annotated tags?,Tag creation,Annotated tags,Metadata tagging,Release tagging,A,git tag -a creates annotated tag with message, author, date (vs lightweight tag with just name),Tagging,https://git-scm.com/docs/git-tag,https://youtube.com/results?search_query=git+tag+a+annotated,https://youtube.com/results?search_query=git+tag+a+annotated+hindi,https://youtube.com/results?search_query=git+tag+a+annotated+kannada,https://youtube.com/results?search_query=git+tag+a+annotated+tamil,https://youtube.com/results?search_query=git+tag+a+annotated+telugu
Git,Advanced,What is git update-index --assume-unchanged for large files?,File ignoring,Performance optimization,Index manipulation,Large files,A,git update-index --assume-unchanged tells Git to assume file unchanged (for large files that rarely change),Performance,https://git-scm.com/docs/git-update-index,https://youtube.com/results?search_query=git+update+index+assume+unchanged,https://youtube.com/results?search_query=git+update+index+assume+unchanged+hindi,https://youtube.com/results?search_query=git+update+index+assume+unchanged+kannada,https://youtube.com/results?search_query=git+update+index+assume+unchanged+tamil,https://youtube.com/results?search_query=git+update+index+assume+unchanged+telugu
Git,Advanced,How do you use git log --since and --until for date ranges?,Date filtering,Time-based log,Commit timeframe,History filtering,A,git log --since="2 weeks ago" --until="yesterday" shows commits within date range.,Searching,https://git-scm.com/docs/git-log,https://youtube.com/results?search_query=git+log+since+until+dates,https://youtube.com/results?search_query=git+log+since+until+dates+hindi,https://youtube.com/results?search_query=git+log+since+until+dates+kannada,https://youtube.com/results?search_query=git+log+since+until+dates+tamil,https://youtube.com/results?search_query=git+log+since+until+dates+telugu
Git,Advanced,What is git cat-file for examining repository objects?,Object inspection,Content viewing,Raw object access,Plumbing command,A,git cat-file displays contents, type, or size of repository objects (blobs, trees, commits, tags),Plumbing,https://git-scm.com/docs/git-cat-file,https://youtube.com/results?search_query=git+cat+file+objects,https://youtube.com/results?search_query=git+cat+file+objects+hindi,https://youtube.com/results?search_query=git+cat+file+objects+kannada,https://youtube.com/results?search_query=git+cat+file+objects+tamil,https://youtube.com/results?search_query=git+cat+file+objects+telugu
Git,Advanced,How does git diff HEAD~3..HEAD show range of commits?,Commit range,Diff comparison,Multi-commit diff,History comparison,A,git diff HEAD~3..HEAD shows differences between commit 3 ago and current HEAD (all changes in range),Diffing,https://git-scm.com/docs/git-diff,https://youtube.com/results?search_query=git+diff+commit+range,https://youtube.com/results?search_query=git+diff+commit+range+hindi,https://youtube.com/results?search_query=git+diff+commit+range+kannada,https://youtube.com/results?search_query=git+diff+commit+range+tamil,https://youtube.com/results?search_query=git+diff+commit+range+telugu
Git,Advanced,What is git mergetool for resolving merge conflicts?,Conflict resolution,Visual merging,Tool integration,External tools,A,git mergetool launches configured external merge tool (vimdiff, kdiff3, etc.) for conflict resolution.,Merging,https://git-scm.com/docs/git-mergetool,https://youtube.com/results?search_query=git+mergetool+conflict+resolution,https://youtube.com/results?search_query=git+mergetool+conflict+resolution+hindi,https://youtube.com/results?search_query=git+mergetool+conflict+resolution+kannada,https://youtube.com/results?search_query=git+mergetool+conflict+resolution+tamil,https://youtube.com/results?search_query=git+mergetool+conflict+resolution+telugu
Git,Advanced,How do you use git rebase --skip to skip problematic commits?,Conflict skipping,Rebase troubleshooting,Commit skipping,Error handling,A,git rebase --skip skips current commit during rebase when it causes unresolvable conflicts.,Rebasing,https://git-scm.com/docs/git-rebase,https://youtube.com/results?search_query=git+rebase+skip+conflict,https://youtube.com/results?search_query=git+rebase+skip+conflict+hindi,https://youtube.com/results?search_query=git+rebase+skip+conflict+kannada,https://youtube.com/results?search_query=git+rebase+skip+conflict+tamil,https://youtube.com/results?search_query=git+rebase+skip+conflict+telugu
Git,Advanced,What is git check-ignore for debugging .gitignore rules?,Ignore debugging,Rule testing,File exclusion,Ignore patterns,A,git check-ignore checks why specific files are ignored by .gitignore rules.,Debugging,https://git-scm.com/docs/git-check-ignore,https://youtube.com/results?search_query=git+check+ignore+rules,https://youtube.com/results?search_query=git+check+ignore+rules+hindi,https://youtube.com/results?search_query=git+check+ignore+rules+kannada,https://youtube.com/results?search_query=git+check+ignore+rules+tamil,https://youtube.com/results?search_query=git+check+ignore+rules+telugu
Git,Advanced,How does git remote prune remove stale remote branches?,Remote cleanup,Branch pruning,Stale removal,Sync maintenance,A,git remote prune origin removes remote-tracking branches that no longer exist on remote.,Remotes,https://git-scm.com/docs/git-remote,https://youtube.com/results?search_query=git+remote+prune+stale,https://youtube.com/results?search_query=git+remote+prune+stale+hindi,https://youtube.com/results?search_query=git+remote+prune+stale+kannada,https://youtube.com/results?search_query=git+remote+prune+stale+tamil,https://youtube.com/results?search_query=git+remote+prune+stale+telugu
Git,Advanced,What is git log --graph for visualization branch structure?,Branch visualization,Graph output,History graph,Topology display,A,git log --graph shows ASCII graph of commit history with branch merges and relationships.,Visualization,https://git-scm.com/docs/git-log,https://youtube.com/results?search_query=git+log+graph+branch,https://youtube.com/results?search_query=git+log+graph+branch+hindi,https://youtube.com/results?search_query=git+log+graph+branch+kannada,https://youtube.com/results?search_query=git+log+graph+branch+tamil,https://youtube.com/results?search_query=git+log+graph+branch+telugu
Git,Advanced,How do you use git stash show to view stashed changes?,Stash inspection,Change preview,Stash content,Preview changes,A,git stash show shows summary of stashed changes; add -p for patch view of changes.,Stashing,https://git-scm.com/docs/git-stash,https://youtube.com/results?search_query=git+stash+show+view,https://youtube.com/results?search_query=git+stash+show+view+hindi,https://youtube.com/results?search_query=git+stash+show+view+kannada,https://youtube.com/results?search_query=git+stash+show+view+tamil,https://youtube.com/results?search_query=git+stash+show+view+telugu
Git,Advanced,What is git rev-list for listing commit objects?,Commit listing,Object enumeration,History generation,Plumbing command,A,git rev-list lists commit objects in reverse chronological order; plumbing command for scripts.,Plumbing,https://git-scm.com/docs/git-rev-list,https://youtube.com/results?search_query=git+rev+list+commits,https://youtube.com/results?search_query=git+rev+list+commits+hindi,https://youtube.com/results?search_query=git+rev+list+commits+kannada,https://youtube.com/results?search_query=git+rev+list+commits+tamil,https://youtube.com/results?search_query=git+rev+list+commits+telugu
Git,Advanced,How does git add -p allow partial staging?,Interactive staging,Patch staging,Selective changes,Granular commit,A,git add -p interactively prompts to stage changes chunk by chunk (patch mode),Staging,https://git-scm.com/docs/git-add,https://youtube.com/results?search_query=git+add+p+partial+staging,https://youtube.com/results?search_query=git+add+p+partial+staging+hindi,https://youtube.com/results?search_query=git+add+p+partial+staging+kannada,https://youtube.com/results?search_query=git+add+p+partial+staging+tamil,https://youtube.com/results?search_query=git+add+p+partial+staging+telugu
Git,Advanced,What is git rm --cached for removing files from index only?,File removal,Index cleanup,Untracking files,Keep local,A,git rm --cached removes file from staging index but keeps it in working directory (untracks file),Removal,https://git-scm.com/docs/git-rm,https://youtube.com/results?search_query=git+rm+cached+remove,https://youtube.com/results?search_query=git+rm+cached+remove+hindi,https://youtube.com/results?search_query=git+rm+cached+remove+kannada,https://youtube.com/results?search_query=git+rm+cached+remove+tamil,https://youtube.com/results?search_query=git+rm+cached+remove+telugu
Git,Advanced,How do you use git rebase --preserve-merges to keep merge commits?,Merge preservation,Rebase strategy,History keeping,Merge commit retention,A,git rebase --preserve-merges (or --rebase-merges) keeps merge commits during rebase operation.,Rebasing,https://git-scm.com/docs/git-rebase,https://youtube.com/results?search_query=git+rebase+preserve+merges,https://youtube.com/results?search_query=git+rebase+preserve+merges+hindi,https://youtube.com/results?search_query=git+rebase+preserve+merges+kannada,https://youtube.com/results?search_query=git+rebase+preserve+merges+tamil,https://youtube.com/results?search_query=git+rebase+preserve+merges+telugu
Git,Advanced,What is git shortlog for commit summary by author?,Author statistics,Commit summary,Contribution tracking,Team metrics,A,git shortlog summarizes git log output grouped by author with commit counts.,Statistics,https://git-scm.com/docs/git-shortlog,https://youtube.com/results?search_query=git+shortlog+author+summary,https://youtube.com/results?search_query=git+shortlog+author+summary+hindi,https://youtube.com/results?search_query=git+shortlog+author+summary+kannada,https://youtube.com/results?search_query=git+shortlog+author+summary+tamil,https://youtube.com/results?search_query=git+shortlog+author+summary+telugu
Git,Advanced,How does git show-branch display branch relationships?,Branch comparison,Relationship display,Commit tracking,Branch visualization,A,git show-branch shows which branches contain which commits and their relationships.,Branching,https://git-scm.com/docs/git-show-branch,https://youtube.com/results?search_query=git+show+branch+relationships,https://youtube.com/results?search_query=git+show+branch+relationships+hindi,https://youtube.com/results?search_query=git+show+branch+relationships+kannada,https://youtube.com/results?search_query=git+show+branch+relationships+tamil,https://youtube.com/results?search_query=git+show+branch+relationships+telugu
Git,Advanced,What is git fetch --prune for cleaning up remote references?,Remote cleanup,Reference pruning,Sync optimization,Fetch cleanup,A,git fetch --prune removes remote-tracking references that no longer exist on remote during fetch.,Remotes,https://git-scm.com/docs/git-fetch,https://youtube.com/results?search_query=git+fetch+prune+cleanup,https://youtube.com/results?search_query=git+fetch+prune+cleanup+hindi,https://youtube.com/results?search_query=git+fetch+prune+cleanup+kannada,https://youtube.com/results?search_query=git+fetch+prune+cleanup+tamil,https://youtube.com/results?search_query=git+fetch+prune+cleanup+telugu
Git,Advanced,How do you use git commit --amend to fix last commit?,Commit correction,Last commit fix,Message change,Amendment,A,git commit --amend modifies the most recent commit (changes message or adds forgotten files),Committing,https://git-scm.com/docs/git-commit,https://youtube.com/results?search_query=git+commit+amend+fix,https://youtube.com/results?search_query=git+commit+amend+fix+hindi,https://youtube.com/results?search_query=git+commit+amend+fix+kannada,https://youtube.com/results?search_query=git+commit+amend+fix+tamil,https://youtube.com/results?search_query=git+commit+amend+fix+telugu
Git,Advanced,What is git diff --stat for change statistics?,Change summary,Statistics display,File metrics,Diff overview,A,git diff --stat shows summary of changes (files changed, insertions, deletions) without full diff.,Diffing,https://git-scm.com/docs/git-diff,https://youtube.com/results?search_query=git+diff+stat+statistics,https://youtube.com/results?search_query=git+diff+stat+statistics+hindi,https://youtube.com/results?search_query=git+diff+stat+statistics+kannada,https://youtube.com/results?search_query=git+diff+stat+statistics+tamil,https://youtube.com/results?search_query=git+diff+stat+statistics+telugu
Git,Advanced,How does git log -S search for string in code changes?,Code search,String hunting,Change detection,Content search,A,git log -S"string" finds commits that added or removed the specified string in code.,Searching,https://git-scm.com/docs/git-log,https://youtube.com/results?search_query=git+log+S+string+search,https://youtube.com/results?search_query=git+log+S+string+search+hindi,https://youtube.com/results?search_query=git+log+S+string+search+kannada,https://youtube.com/results?search_query=git+log+S+string+search+tamil,https://youtube.com/results?search_query=git+log+S+string+search+telugu
Git,Advanced,What is git rebase --abort to cancel ongoing rebase?,Rebase cancellation,Operation abort,Error recovery,Undo rebase,A,git rebase --abort cancels ongoing rebase operation and returns to pre-rebase state.,Rebasing,https://git-scm.com/docs/git-rebase,https://youtube.com/results?search_query=git+rebase+abort+cancel,https://youtube.com/results?search_query=git+rebase+abort+cancel+hindi,https://youtube.com/results?search_query=git+rebase+abort+cancel+kannada,https://youtube.com/results?search_query=git+rebase+abort+cancel+tamil,https://youtube.com/results?search_query=git+rebase+abort+cancel+telugu
Git,Advanced,How do you use git log --decorate for branch/tag labels?,Reference decoration,Branch tagging,Label display,Commit annotation,A,git log --decorate shows branch and tag names next to commits they point to.,Visualization,https://git-scm.com/docs/git-log,https://youtube.com/results?search_query=git+log+decorate+labels,https://youtube.com/results?search_query=git+log+decorate+labels+hindi,https://youtube.com/results?search_query=git+log+decorate+labels+kannada,https://youtube.com/results?search_query=git+log+decorate+labels+tamil,https://youtube.com/results?search_query=git+log+decorate+labels+telugu
Git,Advanced,What is git config --global for user settings?,Configuration management,User preferences,Global settings,Personal config,A,git config --global sets configuration options for all repositories for current user.,Configuration,https://git-scm.com/docs/git-config,https://youtube.com/results?search_query=git+config+global+settings,https://youtube.com/results?search_query=git+config+global+settings+hindi,https://youtube.com/results?search_query=git+config+global+settings+kannada,https://youtube.com/results?search_query=git+config+global+settings+tamil,https://youtube.com/results?search_query=git+config+global+settings+telugu
Git,Advanced,How does git merge --strategy-option work?,Merge strategies,Conflict resolution,Strategy options,Custom merging,A,git merge -X ours/theirs sets strategy option for conflict resolution during merge.,Merging,https://git-scm.com/docs/git-merge,https://youtube.com/results?search_query=git+merge+strategy+option,https://youtube.com/results?search_query=git+merge+strategy+option+hindi,https://youtube.com/results?search_query=git+merge+strategy+option+kannada,https://youtube.com/results?search_query=git+merge+strategy+option+tamil,https://youtube.com/results?search_query=git+merge+strategy+option+telugu
Git,Advanced,What is git log --oneline for compact commit view?,Compact log,Summary view,Short format,Minimal output,A,git log --oneline shows each commit as single line (short SHA + commit message),Visualization,https://git-scm.com/docs/git-log,https://youtube.com/results?search_query=git+log+oneline+compact,https://youtube.com/results?search_query=git+log+oneline+compact+hindi,https://youtube.com/results?search_query=git+log+oneline+compact+kannada,https://youtube.com/results?search_query=git+log+oneline+compact+tamil,https://youtube.com/results?search_query=git+log+oneline+compact+telugu
Git,Advanced,How do you use git stash drop to remove specific stash?,Stash removal,Specific deletion,Cleanup,Stash management,A,git stash drop stash@{n} removes specific stash entry from stash list without applying it.,Stashing,https://git-scm.com/docs/git-stash,https://youtube.com/results?search_query=git+stash+drop+remove,https://youtube.com/results?search_query=git+stash+drop+remove+hindi,https://youtube.com/results?search_query=git+stash+drop+remove+kannada,https://youtube.com/results?search_query=git+stash+drop+remove+tamil,https://youtube.com/results?search_query=git+stash+drop+remove+telugu
Git,Advanced,What is git show-ref for listing references?,Reference listing,Branch display,Tag listing,Ref inspection,A,git show-ref lists all references (branches, tags) in repository with their commit SHAs.,Inspection,https://git-scm.com/docs/git-show-ref,https://youtube.com/results?search_query=git+show+ref+references,https://youtube.com/results?search_query=git+show+ref+references+hindi,https://youtube.com/results?search_query=git+show+ref+references+kannada,https://youtube.com/results?search_query=git+show+ref+references+tamil,https://youtube.com/results?search_query=git+show+ref+references+telugu
Git,Advanced,How does git branch -d differ from -D for deletion?,Branch deletion,Safe vs force,Protected deletion,Cleanup,A,git branch -d checks for unmerged changes (safe); -D forces deletion even if unmerged (dangerous),Branching,https://git-scm.com/docs/git-branch,https://youtube.com/results?search_query=git+branch+d+vs+D,https://youtube.com/results?search_query=git+branch+d+vs+D+hindi,https://youtube.com/results?search_query=git+branch+d+vs+D+kannada,https://youtube.com/results?search_query=git+branch+d+vs+D+tamil,https://youtube.com/results?search_query=git+branch+d+vs+D+telugu
Git,Advanced,What is git log --author for filtering by committer?,Author filtering,Personal commits,Contributor search,User filtering,A,git log --author="name" filters commit history to show only commits by specific author.,Searching,https://git-scm.com/docs/git-log,https://youtube.com/results?search_query=git+log+author+filter,https://youtube.com/results?search_query=git+log+author+filter+hindi,https://youtube.com/results?search_query=git+log+author+filter+kannada,https://youtube.com/results?search_query=git+log+author+filter+tamil,https://youtube.com/results?search_query=git+log+author+filter+telugu
Git,Advanced,How do you use git commit --no-verify to skip hooks?,Hook skipping,Validation bypass,Pre-commit skip,Automation override,A,git commit --no-verify skips pre-commit and commit-msg hooks during commit.,Hooks,https://git-scm.com/docs/git-commit,https://youtube.com/results?search_query=git+commit+no+verify+hooks,https://youtube.com/results?search_query=git+commit+no+verify+hooks+hindi,https://youtube.com/results?search_query=git+commit+no+verify+hooks+kannada,https://youtube.com/results?search_query=git+commit+no+verify+hooks+tamil,https://youtube.com/results?search_query=git+commit+no+verify+hooks+telugu
Git,Advanced,What is git stash list for viewing stash stack?,Stash viewing,Stack inspection,Stored changes,List stashes,A,git stash list shows all stashed changes with their identifiers (stash@{0}, stash@{1}, etc.),Stashing,https://git-scm.com/docs/git-stash,https://youtube.com/results?search_query=git+stash+list+view,https://youtube.com/results?search_query=git+stash+list+view+hindi,https://youtube.com/results?search_query=git+stash+list+view+kannada,https://youtube.com/results?search_query=git+stash+list+view+tamil,https://youtube.com/results?search_query=git+stash+list+view+telugu
Git,Advanced,How does git remote show display remote details?,Remote information,Connection details,Repository info,Remote inspection,A,git remote show origin displays detailed information about remote repository configuration.,Remotes,https://git-scm.com/docs/git-remote,https://youtube.com/results?search_query=git+remote+show+details,https://youtube.com/results?search_query=git+remote+show+details+hindi,https://youtube.com/results?search_query=git+remote+show+details+kannada,https://youtube.com/results?search_query=git+remote+show+details+tamil,https://youtube.com/results?search_query=git+remote+show+details+telugu
Git,Advanced,What is git log --patch for detailed change view?,Patch output,Detailed diff,Change details,Full changes,A,git log --patch (or -p) shows full diff for each commit along with commit info.,Diffing,https://git-scm.com/docs/git-log,https://youtube.com/results?search_query=git+log+patch+detailed,https://youtube.com/results?search_query=git+log+patch+detailed+hindi,https://youtube.com/results?search_query=git+log+patch+detailed+kannada,https://youtube.com/results?search_query=git+log+patch+detailed+tamil,https://youtube.com/results?search_query=git+log+patch+detailed+telugu
Git,Advanced,How do you use git rebase --continue after fixing conflicts?,Rebase continuation,Conflict resolution,Resume operation,Rebase completion,A,After fixing merge conflicts during rebase, git add resolved files then git rebase --continue,Rebasing,https://git-scm.com/docs/git-rebase,https://youtube.com/results?search_query=git+rebase+continue+conflict,https://youtube.com/results?search_query=git+rebase+continue+conflict+hindi,https://youtube.com/results?search_query=git+rebase+continue+conflict+kannada,https://youtube.com/results?search_query=git+rebase+continue+conflict+tamil,https://youtube.com/results?search_query=git+rebase+continue+conflict+telugu
Git,Advanced,What is git diff-tree for comparing trees directly?,Tree comparison,Direct diff,Object comparison,Plumbing diff,A,git diff-tree compares two tree objects directly (plumbing command for scripts),Diffing,https://git-scm.com/docs/git-diff-tree,https://youtube.com/results?search_query=git+diff+tree+comparison,https://youtube.com/results?search_query=git+diff+tree+comparison+hindi,https://youtube.com/results?search_query=git+diff+tree+comparison+kannada,https://youtube.com/results?search_query=git+diff+tree+comparison+tamil,https://youtube.com/results?search_query=git+diff+tree+comparison+telugu
Git,Advanced,How does git commit --allow-empty create empty commit?,Empty commit,Placeholder commit,Trigger creation,No-change commit,A,git commit --allow-empty creates commit with no changes (useful for triggers or documentation),Committing,https://git-scm.com/docs/git-commit,https://youtube.com/results?search_query=git+commit+allow+empty,https://youtube.com/results?search_query=git+commit+allow+empty+hindi,https://youtube.com/results?search_query=git+commit+allow+empty+kannada,https://youtube.com/results?search_query=git+commit+allow+empty+tamil,https://youtube.com/results?search_query=git+commit+allow+empty+telugu
Git,Advanced,What is git log --name-status for file status changes?,File status,Change tracking,Renames detection,Movement tracking,A,git log --name-status shows files changed in each commit with status (A/M/D/R for add/modify/delete/rename),History,https://git-scm.com/docs/git-log,https://youtube.com/results?search_query=git+log+name+status,https://youtube.com/results?search_query=git+log+name+status+hindi,https://youtube.com/results?search_query=git+log+name+status+kannada,https://youtube.com/results?search_query=git+log+name+status+tamil,https://youtube.com/results?search_query=git+log+name+status+telugu
Git,Advanced,How do you use git push --force-with-lease for safer force push?,Safe force push,Reference checking,Protected overwrite,Force with check,A,git push --force-with-lease checks remote ref hasn't changed before force push (safer than --force),Pushing,https://git-scm.com/docs/git-push,https://youtube.com/results?search_query=git+push+force+with+lease,https://youtube.com/results?search_query=git+push+force+with+lease+hindi,https://youtube.com/results?search_query=git+push+force+with+lease+kannada,https://youtube.com/results?search_query=git+push+force+with+lease+tamil,https://youtube.com/results?search_query=git+push+force+with+lease+telugu
Git,Advanced,What is git for-each-ref for scripting reference operations?,Reference iteration,Scripting tool,Bulk operations,Automation,A,git for-each-ref iterates over references for scripting/automation tasks,Plumbing,https://git-scm.com/docs/git-for-each-ref,https://youtube.com/results?search_query=git+for+each+ref+scripting,https://youtube.com/results?search_query=git+for+each+ref+scripting+hindi,https://youtube.com/results?search_query=git+for+each+ref+scripting+kannada,https://youtube.com/results?search_query=git+for+each+ref+scripting+tamil,https://youtube.com/results?search_query=git+for+each+ref+scripting+telugu
Git,Advanced,How does git merge-base find common ancestor?,Common ancestor,Merge calculation,Base commit,Divergence point,A,git merge-base finds best common ancestor(s) of two commits for merge operations.,Merging,https://git-scm.com/docs/git-merge-base,https://youtube.com/results?search_query=git+merge+base+ancestor,https://youtube.com/results?search_query=git+merge+base+ancestor+hindi,https://youtube.com/results?search_query=git+merge+base+ancestor+kannada,https://youtube.com/results?search_query=git+merge+base+ancestor+tamil,https://youtube.com/results?search_query=git+merge+base+ancestor+telugu
Git,Advanced,What is git checkout --orphan for creating root branch?,Orphan branch,Root creation,Detached history,Clean branch,A,git checkout --orphan creates new branch with no parent (fresh history, no commits),Branching,https://git-scm.com/docs/git-checkout,https://youtube.com/results?search_query=git+checkout+orphan+branch,https://youtube.com/results?search_query=git+checkout+orphan+branch+hindi,https://youtube.com/results?search_query=git+checkout+orphan+branch+kannada,https://youtube.com/results?search_query=git+checkout+orphan+branch+tamil,https://youtube.com/results?search_query=git+checkout+orphan+branch+telugu
Git,Advanced,How do you use git log --no-merges to exclude merge commits?,Merge exclusion,Clean history,Direct commits,Filter merges,A,git log --no-merges shows only non-merge commits, excluding merge commits from history view,Filtering,https://git-scm.com/docs/git-log,https://youtube.com/results?search_query=git+log+no+merges,https://youtube.com/results?search_query=git+log+no+merges+hindi,https://youtube.com/results?search_query=git+log+no+merges+kannada,https://youtube.com/results?search_query=git+log+no+merges+tamil,https://youtube.com/results?search_query=git+log+no+merges+telugu
Git,Advanced,What is git blame --reverse for finding where code was used?,Reverse blame,Usage finding,Code tracking,Impact analysis,A,git blame --reverse shows later commits that modified lines from specified commit (where code was used),History,https://git-scm.com/docs/git-blame,https://youtube.com/results?search_query=git+blame+reverse+usage,https://youtube.com/results?search_query=git+blame+reverse+usage+hindi,https://youtube.com/results?search_query=git+blame+reverse+usage+kannada,https://youtube.com/results?search_query=git+blame+reverse+usage+tamil,https://youtube.com/results?search_query=git+blame+reverse+usage+telugu
Git,Advanced,How does git cherry find unpushed commits?,Unpushed detection,Remote comparison,Commit tracking,Push status,A,git cherry compares local branch with upstream branch to find commits not yet pushed,Comparison,https://git-scm.com/docs/git-cherry,https://youtube.com/results?search_query=git+cherry+unpushed,https://youtube.com/results?search_query=git+cherry+unpushed+hindi,https://youtube.com/results?search_query=git+cherry+unpushed+kannada,https://youtube.com/results?search_query=git+cherry+unpushed+tamil,https://youtube.com/results?search_query=git+cherry+unpushed+telugu
Git,Advanced,What is git log --all for showing all branches?,Complete history,Branch inclusion,Full repository,Comprehensive log,A,git log --all shows commits from all branches and tags, not just current branch,History,https://git-scm.com/docs/git-log,https://youtube.com/results?search_query=git+log+all+branches,https://youtube.com/results?search_query=git+log+all+branches+hindi,https://youtube.com/results?search_query=git+log+all+branches+kannada,https://youtube.com/results?search_query=git+log+all+branches+tamil,https://youtube.com/results?search_query=git+log+all+branches+telugu
Git,Advanced,How do you use git stash clear to remove all stashes?,Complete cleanup,Stash removal,All stashes,Reset stash,A,git stash clear removes all stashed changes from stash list,Stashing,https://git-scm.com/docs/git-stash,https://youtube.com/results?search_query=git+stash+clear+all,https://youtube.com/results?search_query=git+stash+clear+all+hindi,https://youtube.com/results?search_query=git+stash+clear+all+kannada,https://youtube.com/results?search_query=git+stash+clear+all+tamil,https://youtube.com/results?search_query=git+stash+clear+all+telugu
Git,Advanced,What is git diff --no-index for comparing non-Git files?,External comparison,Non-repository files,General diff,File comparison,A,git diff --no-index compares two paths on filesystem even if not in Git repository,Diffing,https://git-scm.com/docs/git-diff,https://youtube.com/results?search_query=git+diff+no+index,https://youtube.com/results?search_query=git+diff+no+index+hindi,https://youtube.com/results?search_query=git+diff+no+index+kannada,https://youtube.com/results?search_query=git+diff+no+index+tamil,https://youtube.com/results?search_query=git+diff+no+index+telugu
Git,Advanced,How does git remote set-url change remote repository URL?,URL modification,Remote update,Repository move,Connection change,A,git remote set-url origin new-url changes URL of remote repository,Remotes,https://git-scm.com/docs/git-remote,https://youtube.com/results?search_query=git+remote+set+url,https://youtube.com/results?search_query=git+remote+set+url+hindi,https://youtube.com/results?search_query=git+remote+set+url+kannada,https://youtube.com/results?search_query=git+remote+set+url+tamil,https://youtube.com/results?search_query=git+remote+set+url+telugu
Git,Advanced,What is git commit-tree for low-level commit creation?,Plumbing commit,Direct creation,Low-level objects,Bypass workflow,A,git commit-tree creates commit object directly from tree SHA (plumbing command for scripts),Plumbing,https://git-scm.com/docs/git-commit-tree,https://youtube.com/results?search_query=git+commit+tree+low+level,https://youtube.com/results?search_query=git+commit+tree+low+level+hindi,https://youtube.com/results?search_query=git+commit+tree+low+level+kannada,https://youtube.com/results?search_query=git+commit+tree+low+level+tamil,https://youtube.com/results?search_query=git+commit+tree+low+level+telugu
Git,Advanced,How do you use git log --pretty for custom formatting?,Custom format,Output styling,Flexible display,Format control,A,git log --pretty=format:"%h - %an, %ar : %s" creates custom formatted commit output,Formatting,https://git-scm.com/docs/git-log,https://youtube.com/results?search_query=git+log+pretty+formatting,https://youtube.com/results?search_query=git+log+pretty+formatting+hindi,https://youtube.com/results?search_query=git+log+pretty+formatting+kannada,https://youtube.com/results?search_query=git+log+pretty+formatting+tamil,https://youtube.com/results?search_query=git+log+pretty+formatting+telugu
Git,Advanced,What is git merge --ff-only for allowing only fast-forward?,Fast-forward only,Safe merging,Linear history,Prevent merge commits,A,git merge --ff-only merges only if fast-forward possible; fails otherwise (prevents merge commits),Merging,https://git-scm.com/docs/git-merge,https://youtube.com/results?search_query=git+merge+ff+only,https://youtube.com/results?search_query=git+merge+ff+only+hindi,https://youtube.com/results?search_query=git+merge+ff+only+kannada,https://youtube.com/results?search_query=git+merge+ff+only+tamil,https://youtube.com/results?search_query=git+merge+ff+only+telugu
Git,Advanced,How does git log --cherry-mark show equivalent commits?,Duplicate detection,Equivalent commits,Cherry-pick marking,Commit matching,A,git log --cherry-mark marks equivalent commits between two branches with = prefix,Comparison,https://git-scm.com/docs/git-log,https://youtube.com/results?search_query=git+log+cherry+mark,https://youtube.com/results?search_query=git+log+cherry+mark+hindi,https://youtube.com/results?search_query=git+log+cherry+mark+kannada,https://youtube.com/results?search_query=git+log+cherry+mark+tamil,https://youtube.com/results?search_query=git+log+cherry+mark+telugu
Git,Advanced,What is git verify-pack for packfile inspection?,Packfile verification,Storage inspection,Object packing,Compression check,A,git verify-pack validates and shows information about packfiles and their indexed objects,Maintenance,https://git-scm.com/docs/git-verify-pack,https://youtube.com/results?search_query=git+verify+pack+inspection,https://youtube.com/results?search_query=git+verify+pack+inspection+hindi,https://youtube.com/results?search_query=git+verify+pack+inspection+kannada,https://youtube.com/results?search_query=git+verify+pack+inspection+tamil,https://youtube.com/results?search_query=git+verify+pack+inspection+telugu
Git,Advanced,How do you use git stash push -m for named stashes?,Named stashing,Message addition,Descriptive stash,Stash identification,A,git stash push -m "description" creates stash with custom message for easier identification,Stashing,https://git-scm.com/docs/git-stash,https://youtube.com/results?search_query=git+stash+push+m+named,https://youtube.com/results?search_query=git+stash+push+m+named+hindi,https://youtube.com/results?search_query=git+stash+push+m+named+kannada,https://youtube.com/results?search_query=git+stash+push+m+named+tamil,https://youtube.com/results?search_query=git+stash+push+m+named+telugu
Git,Advanced,What is git commit --date for overriding commit timestamp?,Timestamp override,Date manipulation,Historical commit,Time setting,A,git commit --date="timestamp" sets custom date/time for commit instead of current time,Committing,https://git-scm.com/docs/git-commit,https://youtube.com/results?search_query=git+commit+date+override,https://youtube.com/results?search_query=git+commit+date+override+hindi,https://youtube.com/results?search_query=git+commit+date+override+kannada,https://youtube.com/results?search_query=git+commit+date+override+tamil,https://youtube.com/results?search_query=git+commit+date+override+telugu
Git,Advanced,How does git log --first-parent show merge history?,Merge simplification,First parent,Linear view,Simplified history,A,git log --first-parent follows only first parent of merge commits (shows mainline history),History,https://git-scm.com/docs/git-log,https://youtube.com/results?search_query=git+log+first+parent,https://youtube.com/results?search_query=git+log+first+parent+hindi,https://youtube.com/results?search_query=git+log+first+parent+kannada,https://youtube.com/results?search_query=git+log+first+parent+tamil,https://youtube.com/results?search_query=git+log+first+parent+telugu
Git,Advanced,What is git repack for repository optimization?,Packfile creation,Storage optimization,Object consolidation,Repository packing,A,git repack consolidates objects into packfiles for better storage efficiency and performance,Maintenance,https://git-scm.com/docs/git-repack,https://youtube.com/results?search_query=git+repack+optimization,https://youtube.com/results?search_query=git+repack+optimization+hindi,https://youtube.com/results?search_query=git+repack+optimization+kannada,https://youtube.com/results?search_query=git+repack+optimization+tamil,https://youtube.com/results?search_query=git+repack+optimization+telugu
Git,Advanced,How do you use git merge --no-commit for manual merge completion?,Manual merge,Deferred commit,Preview merge,Manual resolution,A,git merge --no-commit performs merge but doesn't create commit, allowing manual review/completion,Merging,https://git-scm.com/docs/git-merge,https://youtube.com/results?search_query=git+merge+no+commit+manual,https://youtube.com/results?search_query=git+merge+no+commit+manual+hindi,https://youtube.com/results?search_query=git+merge+no+commit+manual+kannada,https://youtube.com/results?search_query=git+merge+no+commit+manual+tamil,https://youtube.com/results?search_query=git+merge+no+commit+manual+telugu
Git,Advanced,What is git diff --check for whitespace errors?,Whitespace validation,Error detection,Clean diff,Style checking,A,git diff --check warns about whitespace errors (trailing spaces, spaces before tabs) in diff,Validation,https://git-scm.com/docs/git-diff,https://youtube.com/results?search_query=git+diff+check+whitespace,https://youtube.com/results?search_query=git+diff+check+whitespace+hindi,https://youtube.com/results?search_query=git+diff+check+whitespace+kannada,https://youtube.com/results?search_query=git+diff+check+whitespace+tamil,https://youtube.com/results?search_query=git+diff+check+whitespace+telugu
Git,Advanced,How does git log --boundary show merge base commits?,Boundary display,Merge base,Divergence points,History boundaries,A,git log --boundary includes boundary commits (merge bases) when showing commit ranges,History,https://git-scm.com/docs/git-log,https://youtube.com/results?search_query=git+log+boundary+merge+base,https://youtube.com/results?search_query=git+log+boundary+merge+base+hindi,https://youtube.com/results?search_query=git+log+boundary+merge+base+kannada,https://youtube.com/results?search_query=git+log+boundary+merge+base+tamil,https://youtube.com/results?search_query=git+log+boundary+merge+base+telugu
Git,Advanced,What is git update-ref for low-level reference updates?,Reference manipulation,Plumbing update,Direct ref changes,Scripting tool,A,git update-ref updates references directly (plumbing command for scripts and automation),Plumbing,https://git-scm.com/docs/git-update-ref,https://youtube.com/results?search_query=git+update+ref+low+level,https://youtube.com/results?search_query=git+update+ref+low+level+hindi,https://youtube.com/results?search_query=git+update+ref+low+level+kannada,https://youtube.com/results?search_query=git+update+ref+low+level+tamil,https://youtube.com/results?search_query=git+update+ref+low+level+telugu
Git,Advanced,How do you use git log --walk-reflogs for reflog history?,Reflog walking,Reference history,Action tracking,Command history,A,git log --walk-reflogs shows commit history from reflog (all HEAD movements, not branch commits),History,https://git-scm.com/docs/git-log,https://youtube.com/results?search_query=git+log+walk+reflogs,https://youtube.com/results?search_query=git+log+walk+reflogs+hindi,https://youtube.com/results?search_query=git+log+walk+reflogs+kannada,https://youtube.com/results?search_query=git+log+walk+reflogs+tamil,https://youtube.com/results?search_query=git+log+walk+reflogs+telugu
Git,Advanced,What is git merge --verify-signatures for commit validation?,Signature verification,GPG validation,Security checking,Trust verification,A,git merge --verify-signatures verifies GPG signatures of commits being merged (requires signed commits),Security,https://git-scm.com/docs/git-merge,https://youtube.com/results?search_query=git+merge+verify+signatures,https://youtube.com/results?search_query=git+merge+verify+signatures+hindi,https://youtube.com/results?search_query=git+merge+verify+signatures+kannada,https://youtube.com/results?search_query=git+merge+verify+signatures+tamil,https://youtube.com/results?search_query=git+merge+verify+signatures+telugu
Git,Advanced,How does git diff --binary include binary files?,Binary inclusion,File support,Non-text diff,Binary patches,A,git diff --binary includes binary files in diff output (creates binary patches for application),Diffing,https://git-scm.com/docs/git-diff,https://youtube.com/results?search_query=git+diff+binary+files,https://youtube.com/results?search_query=git+diff+binary+files+hindi,https://youtube.com/results?search_query=git+diff+binary+files+kannada,https://youtube.com/results?search_query=git+diff+binary+files+tamil,https://youtube.com/results?search_query=git+diff+binary+files+telugu
Git,Advanced,What is git commit --signoff for developer certificate?,Signoff addition,Developer certificate,License agreement,DCO compliance,A,git commit --signoff adds Signed-off-by line indicating developer agrees to Developer Certificate of Origin,Committing,https://git-scm.com/docs/git-commit,https://youtube.com/results?search_query=git+commit+signoff+certificate,https://youtube.com/results?search_query=git+commit+signoff+certificate+hindi,https://youtube.com/results?search_query=git+commit+signoff+certificate+kannada,https://youtube.com/results?search_query=git+commit+signoff+certificate+tamil,https://youtube.com/results?search_query=git+commit+signoff+certificate+telugu
Git,Advanced,How do you use git log --committer for filtering by committer?,Committer filtering,Author vs committer,Identity filtering,Commit attribution,A,git log --committer="name" filters commits by committer (who created commit, may differ from author),Filtering,https://git-scm.com/docs/git-log,https://youtube.com/results?search_query=git+log+committer+filter,https://youtube.com/results?search_query=git+log+committer+filter+hindi,https://youtube.com/results?search_query=git+log+committer+filter+kannada,https://youtube.com/results?search_query=git+log+committer+filter+tamil,https://youtube.com/results?search_query=git+log+committer+filter+telugu
Git,Advanced,What is git merge --squash --no-commit for review before commit?,Squash preview,Manual review,Delayed commit,Preview changes,A,git merge --squash --no-commit squashes changes but doesn't commit, allowing review before final commit,Merging,https://git-scm.com/docs/git-merge,https://youtube.com/results?search_query=git+merge+squash+no+commit,https://youtube.com/results?search_query=git+merge+squash+no+commit+hindi,https://youtube.com/results?search_query=git+merge+squash+no+commit+kannada,https://youtube.com/results?search_query=git+merge+squash+no+commit+tamil,https://youtube.com/results?search_query=git+merge+squash+no+commit+telugu
Git,Advanced,How does git stash branch -- <stash> apply specific stash to new branch?,Targeted stashing,Specific application,Stash to branch,Precise restoration,A,git stash branch new-branch stash@{1} creates new branch and applies specific stashed changes to it,Stashing,https://git-scm.com/docs/git-stash,https://youtube.com/results?search_query=git+stash+branch+specific,https://youtube.com/results?search_query=git+stash+branch+specific+hindi,https://youtube.com/results?search_query=git+stash+branch+specific+kannada,https://youtube.com/results?search_query=git+stash+branch+specific+tamil,https://youtube.com/results?search_query=git+stash+branch+specific+telugu
Git,Advanced,What is git diff --unified=0 for context-less diff?,Context control,Diff customization,Minimal context,Zero context,A,git diff --unified=0 shows diff with zero lines of context (only changed lines, no surrounding context),Diffing,https://git-scm.com/docs/git-diff,https://youtube.com/results?search_query=git+diff+unified+0+context,https://youtube.com/results?search_query=git+diff+unified+0+context+hindi,https://youtube.com/results?search_query=git+diff+unified+0+context+kannada,https://youtube.com/results?search_query=git+diff+unified+0+context+tamil,https://youtube.com/results?search_query=git+diff+unified+0+context+telugu
Git,Advanced,How do you use git log --until and --since with exact timestamps?,Precise timing,Exact dates,Timestamp filtering,Time ranges,A,git log --since="2023-01-01" --until="2023-12-31" filters commits within exact date range,Filtering,https://git-scm.com/docs/git-log,https://youtube.com/results?search_query=git+log+until+since+exact,https://youtube.com/results?search_query=git+log+until+since+exact+hindi,https://youtube.com/results?search_query=git+log+until+since+exact+kannada,https://youtube.com/results?search_query=git+log+until+since+exact+tamil,https://youtube.com/results?search_query=git+log+until+since+exact+telugu
Git,Advanced,What is git diff --name-only for listing changed files only?,File listing,Names only,Changed files,Minimal output,A,git diff --name-only shows only names of changed files without actual diff content,Diffing,https://git-scm.com/docs/git-diff,https://youtube.com/results?search_query=git+diff+name+only+files,https://youtube.com/results?search_query=git+diff+name+only+files+hindi,https://youtube.com/results?search_query=git+diff+name+only+files+kannada,https://youtube.com/results?search_query=git+diff+name+only+files+tamil,https://youtube.com/results?search_query=git+diff+name+only+files+telugu
Git,Advanced,How does git merge --strategy=recursive work for complex merges?,Recursive strategy,Complex merges,Multiple bases,Advanced merging,A,git merge --strategy=recursive handles merges with multiple common ancestors (default strategy),Merging,https://git-scm.com/docs/git-merge,https://youtube.com/results?search_query=git+merge+strategy+recursive,https://youtube.com/results?search_query=git+merge+strategy+recursive+hindi,https://youtube.com/results?search_query=git+merge+strategy+recursive+kannada,https://youtube.com/results?search_query=git+merge+strategy+recursive+tamil,https://youtube.com/results?search_query=git+merge+strategy+recursive+telugu
Git,Advanced,What is git commit --cleanup=strip for message cleaning?,Message cleaning,Whitespace removal,Comment stripping,Format standardization,A,git commit --cleanup=strip removes comments and leading/trailing whitespace from commit message,Committing,https://git-scm.com/docs/git-commit,https://youtube.com/results?search_query=git+commit+cleanup+strip,https://youtube.com/results?search_query=git+commit+cleanup+strip+hindi,https://youtube.com/results?search_query=git+commit+cleanup+strip+kannada,https://youtube.com/results?search_query=git+commit+cleanup+strip+tamil,https://youtube.com/results?search_query=git+commit+cleanup+strip+telugu
Git,Advanced,How do you use git log --grep with multiple patterns?,Pattern combination,Multiple searches,Complex filtering,OR conditions,A,git log --grep="pattern1" --grep="pattern2" finds commits matching any of the patterns (OR logic),Searching,https://git-scm.com/docs/git-log,https://youtube.com/results?search_query=git+log+grep+multiple+patterns,https://youtube.com/results?search_query=git+log+grep+multiple+patterns+hindi,https://youtube.com/results?search_query=git+log+grep+multiple+patterns+kannada,https://youtube.com/results?search_query=git+log+grep+multiple+patterns+tamil,https://youtube.com/results?search_query=git+log+grep+multiple+patterns+telugu
Git,Advanced,What is git diff --ignore-space-change for whitespace-insensitive diff?,Whitespace ignoring,Formatting tolerance,Space normalization,Clean comparison,A,git diff --ignore-space-change ignores changes in amount of whitespace (tabs vs spaces),Diffing,https://git-scm.com/docs/git-diff,https://youtube.com/results?search_query=git+diff+ignore+space+change,https://youtube.com/results?search_query=git+diff+ignore+space+change+hindi,https://youtube.com/results?search_query=git+diff+ignore+space+change+kannada,https://youtube.com/results?search_query=git+diff+ignore+space+change+tamil,https://youtube.com/results?search_query=git+diff+ignore+space+change+telugu
Git,Advanced,How does git log --max-count limit output?,Output limiting,Result restriction,Count control,Pagination,A,git log --max-count=10 limits output to specified number of most recent commits,Filtering,https://git-scm.com/docs/git-log,https://youtube.com/results?search_query=git+log+max+count+limit,https://youtube.com/results?search_query=git+log+max+count+limit+hindi,https://youtube.com/results?search_query=git+log+max+count+limit+kannada,https://youtube.com/results?search_query=git+log+max+count+limit+tamil,https://youtube.com/results?search_query=git+log+max+count+limit+telugu
Git,Advanced,What is git merge --strategy=octopus for multiple branches?,Octopus merge,Multiple branches,Batch merging,Complex integration,A,git merge --strategy=octopus merges multiple branches simultaneously (3+ branches at once),Merging,https://git-scm.com/docs/git-merge,https://youtube.com/results?search_query=git+merge+strategy+octopus,https://youtube.com/results?search_query=git+merge+strategy+octopus+hindi,https://youtube.com/results?search_query=git+merge+strategy+octopus+kannada,https://youtube.com/results?search_query=git+merge+strategy+octopus+tamil,https://youtube.com/results?search_query=git+merge+strategy+octopus+telugu
Git,Advanced,How do you use git stash show -p for patch view of stash?,Patch display,Detailed view,Change inspection,Stash diff,A,git stash show -p shows detailed patch view of stashed changes (like git diff),Stashing,https://git-scm.com/docs/git-stash,https://youtube.com/results?search_query=git+stash+show+p+patch,https://youtube.com/results?search_query=git+stash+show+p+patch+hindi,https://youtube.com/results?search_query=git+stash+show+p+patch+kannada,https://youtube.com/results?search_query=git+stash+show+p+patch+tamil,https://youtube.com/results?search_query=git+stash+show+p+patch+telugu
Git,Advanced,What is git diff --color-words for word-level colored diff?,Word coloring,Granular highlighting,Visual diff,Enhanced display,A,git diff --color-words shows word-level differences with color highlighting within lines,Diffing,https://git-scm.com/docs/git-diff,https://youtube.com/results?search_query=git+diff+color+words,https://youtube.com/results?search_query=git+diff+color+words+hindi,https://youtube.com/results?search_query=git+diff+color+words+kannada,https://youtube.com/results?search_query=git+diff+color+words+tamil,https://youtube.com/results?search_query=git+diff+color+words+telugu
Git,Advanced,How does git log --reverse show commits in chronological order?,Chronological order,Forward history,Time sequence,Natural order,A,git log --reverse shows commits in chronological order (oldest first) instead of default reverse chronological,History,https://git-scm.com/docs/git-log,https://youtube.com/results?search_query=git+log+reverse+chronological,https://youtube.com/results?search_query=git+log+reverse+chronological+hindi,https://youtube.com/results?search_query=git+log+reverse+chronological+kannada,https://youtube.com/results?search_query=git+log+reverse+chronological+tamil,https://youtube.com/results?search_query=git+log+reverse+chronological+telugu
Git,Advanced,What is git merge --strategy=ours for keeping current branch code?,Ours strategy,Code preservation,Conflict resolution,Branch protection,A,git merge --strategy=ours resolves all conflicts in favor of current branch (keeps our code),Merging,https://git-scm.com/docs/git-merge,https://youtube.com/results?search_query=git+merge+strategy+ours,https://youtube.com/results?search_query=git+merge+strategy+ours+hindi,https://youtube.com/results?search_query=git+merge+strategy+ours+kannada,https://youtube.com/results?search_query=git+merge+strategy+ours+tamil,https://youtube.com/results?search_query=git+merge+strategy+ours+telugu
Git,Advanced,How do you use git log -- <path> for file history?,File filtering,Path restriction,File-specific history,Location focus,A,git log -- path/to/file shows commit history for specific file or directory,Filtering,https://git-scm.com/docs/git-log,https://youtube.com/results?search_query=git+log+file+history,https://youtube.com/results?search_query=git+log+file+history+hindi,https://youtube.com/results?search_query=git+log+file+history+kannada,https://youtube.com/results?search_query=git+log+file+history+tamil,https://youtube.com/results?search_query=git+log+file+history+telugu
Git,Advanced,What is git diff --diff-filter for selecting change types?,Change filtering,Type selection,Modification types,Selective diff,A,git diff --diff-filter=AM shows only Added and Modified files (excludes Deleted, Renamed, etc.),Diffing,https://git-scm.com/docs/git-diff,https://youtube.com/results?search_query=git+diff+diff+filter,https://youtube.com/results?search_query=git+diff+diff+filter+hindi,https://youtube.com/results?search_query=git+diff+diff+filter+kannada,https://youtube.com/results?search_query=git+diff+diff+filter+tamil,https://youtube.com/results?search_query=git+diff+diff+filter+telugu
Git,Advanced,How does git commit --allow-empty-message create commit without message?,Empty message,Message skipping,Minimal commit,No description,A,git commit --allow-empty-message creates commit with empty message (not recommended for normal use),Committing,https://git-scm.com/docs/git-commit,https://youtube.com/results?search_query=git+commit+allow+empty+message,https://youtube.com/results?search_query=git+commit+allow+empty+message+hindi,https://youtube.com/results?search_query=git+commit+allow+empty+message+kannada,https://youtube.com/results?search_query=git+commit+allow+empty+message+tamil,https://youtube.com/results?search_query=git+commit+allow+empty+message+telugu
Git,Advanced,What is git log --full-history for showing all commits in merge history?,Complete merge history,All commits,Unfiltered history,Comprehensive view,A,git log --full-history shows all commits in merge history (doesn't simplify merge commits),History,https://git-scm.com/docs/git-log,https://youtube.com/results?search_query=git+log+full+history,https://youtube.com/results?search_query=git+log+full+history+hindi,https://youtube.com/results?search_query=git+log+full+history+kannada,https://youtube.com/results?search_query=git+log+full+history+tamil,https://youtube.com/results?search_query=git+log+full+history+telugu
Git,Advanced,How do you use git diff HEAD^ HEAD for last commit changes?,Last commit diff,Recent changes,Previous commit comparison,Immediate history,A,git diff HEAD^ HEAD shows changes between previous commit and current HEAD (last commit's changes),Diffing,https://git-scm.com/docs/git-diff,https://youtube.com/results?search_query=git+diff+head+previous,https://youtube.com/results?search_query=git+diff+head+previous+hindi,https://youtube.com/results?search_query=git+diff+head+previous+kannada,https://youtube.com/results?search_query=git+diff+head+previous+tamil,https://youtube.com/results?search_query=git+diff+head+previous+telugu
Git,Advanced,What is git merge --no-stat to suppress diffstat output?,Stat suppression,Output control,Minimal output,Clean merge,A,git merge --no-stat performs merge without showing diffstat summary at the end,Merging,https://git-scm.com/docs/git-merge,https://youtube.com/results?search_query=git+merge+no+stat,https://youtube.com/results?search_query=git+merge+no+stat+hindi,https://youtube.com/results?search_query=git+merge+no+stat+kannada,https://youtube.com/results?search_query=git+merge+no+stat+tamil,https://youtube.com/results?search_query=git+merge+no+stat+telugu
Git,Advanced,How does git log --no-walk show only specified commits?,No walking,Direct display,Single commit,No history,A,git log --no-walk shows only specified commits without their ancestors/history,Filtering,https://git-scm.com/docs/git-log,https://youtube.com/results?search_query=git+log+no+walk,https://youtube.com/results?search_query=git+log+no+walk+hindi,https://youtube.com/results?search_query=git+log+no+walk+kannada,https://youtube.com/results?search_query=git+log+no+walk+tamil,https://youtube.com/results?search_query=git+log+no+walk+telugu
Git,Advanced,What is git merge --strategy=resolve for simple linear history?,Resolve strategy,Simple merging,Linear resolution,Basic merge,A,git merge --strategy=resolve can only handle two heads (branches) and tries minimal conflict resolution,Merging,https://git-scm.com/docs/git-merge,https://youtube.com/results?search_query=git+merge+strategy+resolve,https://youtube.com/results?search_query=git+merge+strategy+resolve+hindi,https://youtube.com/results?search_query=git+merge+strategy+resolve+kannada,https://youtube.com/results?search_query=git+merge+strategy+resolve+tamil,https://youtube.com/results?search_query=git+merge+strategy+resolve+telugu
Git,Advanced,How do you use git log --abbrev-commit for shortened SHA hashes?,SHA abbreviation,Compact hashes,Short references,Space saving,A,git log --abbrev-commit shows abbreviated commit hashes (first 7 chars) instead of full 40 chars,Formatting,https://git-scm.com/docs/git-log,https://youtube.com/results?search_query=git+log+abbrev+commit,https://youtube.com/results?search_query=git+log+abbrev+commit+hindi,https://youtube.com/results?search_query=git+log+abbrev+commit+kannada,https://youtube.com/results?search_query=git+log+abbrev+commit+tamil,https://youtube.com/results?search_query=git+log+abbrev+commit+telugu
Git,Advanced,What is git diff --no-ext-diff to disable external diff tools?,Internal diff,Tool disabling,Native diff,Built-in comparison,A,git diff --no-ext-diff forces use of internal diff even if external diff tool is configured,Diffing,https://git-scm.com/docs/git-diff,https://youtube.com/results?search_query=git+diff+no+ext+diff,https://youtube.com/results?search_query=git+diff+no+ext+diff+hindi,https://youtube.com/results?search_query=git+diff+no+ext+diff+kannada,https://youtube.com/results?search_query=git+diff+no+ext+diff+tamil,https://youtube.com/results?search_query=git+diff+no+ext+diff+telugu
Git,Advanced,How does git log --left-right show which side commits belong to in merge?,Side identification,Merge analysis,Branch attribution,Commit origin,A,git log --left-right shows < or > prefix indicating which side (left/right) commit came from in merge,Visualization,https://git-scm.com/docs/git-log,https://youtube.com/results?search_query=git+log+left+right+merge,https://youtube.com/results?search_query=git+log+left+right+merge+hindi,https://youtube.com/results?search_query=git+log+left+right+merge+kannada,https://youtube.com/results?search_query=git+log+left+right+merge+tamil,https://youtube.com/results?search_query=git+log+left+right+merge+telugu
Git,Advanced,What is git merge --strategy=subtree for merging independent trees?,Subtree strategy,Independent trees,Directory merging,Separate histories,A,git merge --strategy=subtree merges two independent tree structures as if they were subtrees,Merging,https://git-scm.com/docs/git-merge,https://youtube.com/results?search_query=git+merge+strategy+subtree,https://youtube.com/results?search_query=git+merge+strategy+subtree+hindi,https://youtube.com/results?search_query=git+merge+strategy+subtree+kannada,https://youtube.com/results?search_query=git+merge+strategy+subtree+tamil,https://youtube.com/results?search_query=git+merge+strategy+subtree+telugu
Git,Advanced,How do you use git log --date=relative for human-readable dates?,Relative dates,Human time,Friendly formatting,Time ago,A,git log --date=relative shows dates as "2 hours ago", "3 days ago" instead of absolute timestamps,Formatting,https://git-scm.com/docs/git-log,https://youtube.com/results?search_query=git+log+date+relative,https://youtube.com/results?search_query=git+log+date+relative+hindi,https://youtube.com/results?search_query=git+log+date+relative+kannada,https://youtube.com/results?search_query=git+log+date+relative+tamil,https://youtube.com/results?search_query=git+log+date+relative+telugu
Git,Advanced,What is git diff --submodule for submodule change detection?,Submodule diff,Dependency tracking,Nested repo changes,Module updates,A,git diff --submodule shows summarized changes in submodules (which commits they point to),Diffing,https://git-scm.com/docs/git-diff,https://youtube.com/results?search_query=git+diff+submodule+changes,https://youtube.com/results?search_query=git+diff+submodule+changes+hindi,https://youtube.com/results?search_query=git+diff+submodule+changes+kannada,https://youtube.com/results?search_query=git+diff+submodule+changes+tamil,https://youtube.com/results?search_query=git+diff+submodule+changes+telugu