GLSL,Advanced,What is the difference between smooth, flat, and noperspective interpolation qualifiers?,Interpolation,Fragment shading,Vertex attributes,Data flow,A,smooth: perspective-correct interpolation; flat: no interpolation; noperspective: linear interpolation without perspective correction.,Qualifiers,https://www.khronos.org/opengl/wiki/Type_Qualifier,https://youtube.com/results?search_query=glsl+smooth+flat+noperspective,https://youtube.com/results?search_query=glsl+smooth+flat+noperspective+hindi,https://youtube.com/results?search_query=glsl+smooth+flat+noperspective+kannada,https://youtube.com/results?search_query=glsl+smooth+flat+noperspective+tamil,https://youtube.com/results?search_query=glsl+smooth+flat+noperspective+telugu
GLSL,Advanced,How do you implement screen-space ambient occlusion (SSAO) in GLSL?,Post-processing,Ambient occlusion,Depth buffer,Screen space,A,Use depth/normal buffers, sample surrounding pixels in view space, calculate occlusion based on depth differences.,Lighting,https://learnopengl.com/Advanced-Lighting/SSAO,https://youtube.com/results?search_query=glsl+ssao+implementation,https://youtube.com/results?search_query=glsl+ssao+implementation+hindi,https://youtube.com/results?search_query=glsl+ssao+implementation+kannada,https://youtube.com/results?search_query=glsl+ssao+implementation+tamil,https://youtube.com/results?search_query=glsl+ssao+implementation+telugu
GLSL,Advanced,What are atomic operations in GLSL and when would you use them?,Atomic operations,Parallel computing,Memory synchronization,Shader storage,A,Atomic functions like atomicAdd, atomicMin ensure thread-safe memory operations in compute/shader storage buffers.,Memory,https://www.khronos.org/opengl/wiki/Memory_Model,https://youtube.com/results?search_query=glsl+atomic+operations,https://youtube.com/results?search_query=glsl+atomic+operations+hindi,https://youtube.com/results?search_query=glsl+atomic+operations+kannada,https://youtube.com/results?search_query=glsl+atomic+operations+tamil,https://youtube.com/results?search_query=glsl+atomic+operations+telugu
GLSL,Advanced,How do you implement physically-based rendering (PBR) in GLSL?,PBR,Material models,Energy conservation,Microfacet theory,A,Use Cook-Torrance BRDF with GGX normal distribution, Smith geometry term, Fresnel equations for metallic/roughness workflow.,Lighting,https://learnopengl.com/PBR/Theory,https://youtube.com/results?search_query=glsl+pbr+implementation,https://youtube.com/results?search_query=glsl+pbr+implementation+hindi,https://youtube.com/results?search_query=glsl+pbr+implementation+kannada,https://youtube.com/results?search_query=glsl+pbr+implementation+tamil,https://youtube.com/results?search_query=glsl+pbr+implementation+telugu
GLSL,Advanced,What is the purpose of the centroid qualifier in GLSL?,Centroid sampling,Multisampling,Anti-aliasing,Interpolation,A,centroid forces interpolation point within covered primitive for multisampling to prevent interpolation artifacts.,Qualifiers,https://www.khronos.org/opengl/wiki/Sampling,https://youtube.com/results?search_query=glsl+centroid+qualifier,https://youtube.com/results?search_query=glsl+centroid+qualifier+hindi,https://youtube.com/results?search_query=glsl+centroid+qualifier+kannada,https://youtube.com/results?search_query=glsl+centroid+qualifier+tamil,https://youtube.com/results?search_query=glsl+centroid+qualifier+telugu
GLSL,Advanced,How do you implement volumetric fog/lighting in GLSL?,Volumetric effects,Fog rendering,Light scattering,Atmospheric effects,A,Raymarch through volume, accumulate density/light scattering using depth buffer and light shafts.,Effects,https://www.shadertoy.com/view/XlBSRz,https://youtube.com/results?search_query=glsl+volumetric+fog,https://youtube.com/results?search_query=glsl+volumetric+fog+hindi,https://youtube.com/results?search_query=glsl+volumetric+fog+kannada,https://youtube.com/results?search_query=glsl+volumetric+fog+tamil,https://youtube.com/results?search_query=glsl+volumetric+fog+telugu
GLSL,Advanced,What are image load/store operations in GLSL and their limitations?,Image units,Shader storage,Direct memory,RW textures,A,image2D with imageLoad/store allow random-access read/write but require specific formats and careful synchronization.,Memory,https://www.khronos.org/opengl/wiki/Image_Load_Store,https://youtube.com/results?search_query=glsl+image+load+store,https://youtube.com/results?search_query=glsl+image+load+store+hindi,https://youtube.com/results?search_query=glsl+image+load+store+kannada,https://youtube.com/results?search_query=glsl+image+load+store+tamil,https://youtube.com/results?search_query=glsl+image+load+store+telugu
GLSL,Advanced,How do you implement order-independent transparency (OIT) in GLSL?,Transparency,Rendering order,Depth peeling,Blending,A,Use depth peeling, per-pixel linked lists, or weighted blended OIT with depth-weighted color accumulation.,Rendering,https://www.khronos.org/opengl/wiki/Transparency_Sorting,https://youtube.com/results?search_query=glsl+oit+transparency,https://youtube.com/results?search_query=glsl+oit+transparency+hindi,https://youtube.com/results?search_query=glsl+oit+transparency+kannada,https://youtube.com/results?search_query=glsl+oit+transparency+tamil,https://youtube.com/results?search_query=glsl+oit+transparency+telugu
GLSL,Advanced,What is the difference between std140 and std430 memory layouts?,Memory layout,Shader storage,Buffer blocks,Alignment,A,std140 has specific padding rules (vec3 padded to vec4); std430 is packed tighter with different alignment rules.,Memory,https://www.khronos.org/opengl/wiki/Interface_Block_(GLSL),https://youtube.com/results?search_query=glsl+std140+std430+difference,https://youtube.com/results?search_query=glsl+std140+std430+difference+hindi,https://youtube.com/results?search_query=glsl+std140+std430+difference+kannada,https://youtube.com/results?search_query=glsl+std140+std430+difference+tamil,https://youtube.com/results?search_query=glsl+std140+std430+difference+telugu
GLSL,Advanced,How do you implement temporal anti-aliasing (TAA) in GLSL?,Anti-aliasing,Temporal reprojection,Motion vectors,History buffer,A,Reproject previous frame using motion vectors, blend with current frame, apply neighborhood clamping for stability.,Post-processing,https://de45xmedrsdbp.cloudfront.net/Resources/files/TemporalAA_small-59732822.pdf,https://youtube.com/results?search_query=glsl+taa+implementation,https://youtube.com/results?search_query=glsl+taa+implementation+hindi,https://youtube.com/results?search_query=glsl+taa+implementation+kannada,https://youtube.com/results?search_query=glsl+taa+implementation+tamil,https://youtube.com/results?search_query=glsl+taa+implementation+telugu
GLSL,Advanced,What are subroutines in GLSL and when are they useful?,Dynamic branching,Shader variants,Runtime selection,Performance,A,subroutine allows runtime function selection without recompilation, useful for material systems with different BRDFs.,Performance,https://www.khronos.org/opengl/wiki/Shader_Subroutine,https://youtube.com/results?search_query=glsl+subroutines+usage,https://youtube.com/results?search_query=glsl+subroutines+usage+hindi,https://youtube.com/results?search_query=glsl+subroutines+usage+kannada,https://youtube.com/results?search_query=glsl+subroutines+usage+tamil,https://youtube.com/results?search_query=glsl+subroutines+usage+telugu
GLSL,Advanced,How do you implement subsurface scattering in GLSL?,Material effects,Light transport,Translucency,Skin rendering,A,Use texture-space diffusion, pre-integrated skin shading, or screen-space blur of thickness/translucency maps.,Lighting,https://www.iryoku.com/translucency,https://youtube.com/results?search_query=glsl+subsurface+scattering,https://youtube.com/results?search_query=glsl+subsurface+scattering+hindi,https://youtube.com/results?search_query=glsl+subsurface+scattering+kannada,https://youtube.com/results?search_query=glsl+subsurface+scattering+tamil,https://youtube.com/results?search_query=glsl+subsurface+scattering+telugu
GLSL,Advanced,What is the purpose of the invariant and precise qualifiers?,Precision guarantees,Deterministic results,Optimization control,Reproducibility,A,invariant: same expression gives same result across shaders; precise: prevents aggressive optimizations for exact math.,Qualifiers,https://www.khronos.org/opengl/wiki/Type_Qualifier,https://youtube.com/results?search_query=glsl+invariant+precise,https://youtube.com/results?search_query=glsl+invariant+precise+hindi,https://youtube.com/results?search_query=glsl+invariant+precise+kannada,https://youtube.com/results?search_query=glsl+invariant+precise+tamil,https://youtube.com/results?search_query=glsl+invariant+precise+telugu
GLSL,Advanced,How do you implement clustered shading/deferred lighting?,Light culling,Deferred rendering,Light grids,Performance,A,Divide view frustum into 3D clusters, assign lights to clusters, process only relevant lights per pixel.,Lighting,https://www.aortiz.me/2018/12/21/CG.html,https://youtube.com/results?search_query=glsl+clustered+shading,https://youtube.com/results?search_query=glsl+clustered+shading+hindi,https://youtube.com/results?search_query=glsl+clustered+shading+kannada,https://youtube.com/results?search_query=glsl+clustered+shading+tamil,https://youtube.com/results?search_query=glsl+clustered+shading+telugu
GLSL,Advanced,What are compute shaders and how do they differ from other shader stages?,General purpose,GPGPU,Parallel computation,Work groups,A,Compute shaders run arbitrary computation with work groups/local memory, not tied to graphics pipeline stages.,Compute,https://www.khronos.org/opengl/wiki/Compute_Shader,https://youtube.com/results?search_query=glsl+compute+shaders,https://youtube.com/results?search_query=glsl+compute+shaders+hindi,https://youtube.com/results?search_query=glsl+compute+shaders+kannada,https://youtube.com/results?search_query=glsl+compute+shaders+tamil,https://youtube.com/results?search_query=glsl+compute+shaders+telugu
GLSL,Advanced,How do you implement screen-space reflections (SSR) in GLSL?,Reflections,Ray tracing,Screen space,Ray marching,A,Ray march in screen space using depth buffer, binary search for intersection, handle missing rays with fallbacks.,Effects,https://github.com/kode80/kode80SSR,https://youtube.com/results?search_query=glsl+screen+space+reflections,https://youtube.com/results?search_query=glsl+screen+space+reflections+hindi,https://youtube.com/results?search_query=glsl+screen+space+reflections+kannada,https://youtube.com/results?search_query=glsl+screen+space+reflections+tamil,https://youtube.com/results?search_query=glsl+screen+space+reflections+telugu
GLSL,Advanced,What is the difference between textureGather and texture sampling?,Texture operations,Gather sampling,Neighbor pixels,Advanced filtering,A,textureGather returns four texels around coordinate simultaneously (for shadow maps, derivatives, etc.),Texturing,https://www.khronos.org/opengl/wiki/Sampler_(GLSL),https://youtube.com/results?search_query=glsl+texturegather+vs+sample,https://youtube.com/results?search_query=glsl+texturegather+vs+sample+hindi,https://youtube.com/results?search_query=glsl+texturegather+vs+sample+kannada,https://youtube.com/results?search_query=glsl+texturegather+vs+sample+tamil,https://youtube.com/results?search_query=glsl+texturegather+vs+sample+telugu
GLSL,Advanced,How do you implement voxel cone tracing for global illumination?,Global illumination,Voxelization,Cone tracing,Indirect lighting,A,Voxelize scene, store in 3D texture, trace cones through voxel grid for diffuse/specular indirect lighting.,Lighting,https://research.nvidia.com/publication/interactive-indirect-illumination-using-voxel-cone-tracing,https://youtube.com/results?search_query=glsl+voxel+cone+tracing,https://youtube.com/results?search_query=glsl+voxel+cone+tracing+hindi,https://youtube.com/results?search_query=glsl+voxel+cone+tracing+kannada,https://youtube.com/results?search_query=glsl+voxel+cone+tracing+tamil,https://youtube.com/results?search_query=glsl+voxel+cone+tracing+telugu
GLSL,Advanced,What are shader storage buffer objects (SSBO) vs uniform buffers?,Shader storage,Dynamic memory,Large data,RW buffers,A,SSBO: larger, read-write, less alignment restrictions; UBO: smaller, read-only, better performance for constants.,Memory,https://www.khronos.org/opengl/wiki/Shader_Storage_Buffer_Object,https://youtube.com/results?search_query=glsl+ssbo+vs+ubo,https://youtube.com/results?search_query=glsl+ssbo+vs+ubo+hindi,https://youtube.com/results?search_query=glsl+ssbo+vs+ubo+kannada,https://youtube.com/results?search_query=glsl+ssbo+vs+ubo+tamil,https://youtube.com/results?search_query=glsl+ssbo+vs+ubo+telugu
GLSL,Advanced,How do you implement parallax occlusion mapping (POM)?,Height mapping,Parallax effects,Surface detail,Displacement,A,Ray march through height field in tangent space, find intersection for self-occlusion and parallax effects.,Texturing,https://learnopengl.com/Advanced-Lighting/Parallax-Mapping,https://youtube.com/results?search_query=glsl+parallax+occlusion+mapping,https://youtube.com/results?search_query=glsl+parallax+occlusion+mapping+hindi,https://youtube.com/results?search_query=glsl+parallax+occlusion+mapping+kannada,https://youtube.com/results?search_query=glsl+parallax+occlusion+mapping+tamil,https://youtube.com/results?search_query=glsl+parallax+occlusion+mapping+telugu
GLSL,Advanced,What is the purpose of the coherent, volatile, and restrict qualifiers?,Memory coherence,Caching behavior,Aliasing hints,Optimization,A,coherent: ensures memory visibility; volatile: prevents caching; restrict: no pointer aliasing for optimization.,Qualifiers,https://www.khronos.org/opengl/wiki/Memory_Model,https://youtube.com/results?search_query=glsl+coherent+volatile+restrict,https://youtube.com/results?search_query=glsl+coherent+volatile+restrict+hindi,https://youtube.com/results?search_query=glsl+coherent+volatile+restrict+kannada,https://youtube.com/results?search_query=glsl+coherent+volatile+restrict+tamil,https://youtube.com/results?search_query=glsl+coherent+volatile+restrict+telugu
GLSL,Advanced,How do you implement depth of field (DOF) in GLSL?,Post-processing,Depth of field,Bokeh,Camera effects,A,Circle of confusion from depth, gather/accumulate samples with bokeh shape, combine with original image.,Effects,https://developer.download.nvidia.com/whitepapers/2007/SDK10/Depth_of_Field.pdf,https://youtube.com/results?search_query=glsl+depth+of+field,https://youtube.com/results?search_query=glsl+depth+of+field+hindi,https://youtube.com/results?search_query=glsl+depth+of+field+kannada,https://youtube.com/results?search_query=glsl+depth+of+field+tamil,https://youtube.com/results?search_query=glsl+depth+of+field+telugu
GLSL,Advanced,What are transform feedback buffers and their use cases?,Vertex output,Capture streams,GPU feedback,Data recycling,A,transform feedback captures vertex shader output to buffer for reuse (particle systems, GPU animation, etc.),Geometry,https://www.khronos.org/opengl/wiki/Transform_Feedback,https://youtube.com/results?search_query=glsl+transform+feedback,https://youtube.com/results?search_query=glsl+transform+feedback+hindi,https://youtube.com/results?search_query=glsl+transform+feedback+kannada,https://youtube.com/results?search_query=glsl+transform+feedback+tamil,https://youtube.com/results?search_query=glsl+transform+feedback+telugu
GLSL,Advanced,How do you implement real-time ray tracing in GLSL with compute shaders?,Ray tracing,Compute shaders,BVH traversal,Intersection tests,A,Build BVH on CPU/GPU, dispatch ray tracing compute shader, traverse BVH, test triangle intersections.,Ray Tracing,https://developer.nvidia.com/rtx/raytracing,https://youtube.com/results?search_query=glsl+real+time+ray+tracing,https://youtube.com/results?search_query=glsl+real+time+ray+tracing+hindi,https://youtube.com/results?search_query=glsl+real+time+ray+tracing+kannada,https://youtube.com/results?search_query=glsl+real+time+ray+tracing+tamil,https://youtube.com/results?search_query=glsl+real+time+ray+tracing+telugu
GLSL,Advanced,What is the difference between dFdx/dFdy and fwidth?,Derivatives,Screen space,Gradient operations,Filter width,A,dFdx/dFdy: partial derivatives; fwidth = abs(dFdx) + abs(dFdy) for mipmap level selection/antialiasing.,Functions,https://www.khronos.org/opengl/wiki/GLSL_Optimizations,https://youtube.com/results?search_query=glsl+dfdx+dfdy+fwidth,https://youtube.com/results?search_query=glsl+dfdx+dfdy+fwidth+hindi,https://youtube.com/results?search_query=glsl+dfdx+dfdy+fwidth+kannada,https://youtube.com/results?search_query=glsl+dfdx+dfdy+fwidth+tamil,https://youtube.com/results?search_query=glsl+dfdx+dfdy+fwidth+telugu
GLSL,Advanced,How do you implement bloom/high dynamic range (HDR) in GLSL?,Post-processing,Bloom,HDR,Tone mapping,A,Extract bright areas, blur with multiple downsamples, combine with tone-mapped scene (Filmic/ACES tone mapping).,Effects,https://learnopengl.com/Advanced-Lighting/Bloom,https://youtube.com/results?search_query=glsl+bloom+hdr+implementation,https://youtube.com/results?search_query=glsl+bloom+hdr+implementation+hindi,https://youtube.com/results?search_query=glsl+bloom+hdr+implementation+kannada,https://youtube.com/results?search_query=glsl+bloom+hdr+implementation+tamil,https://youtube.com/results?search_query=glsl+bloom+hdr+implementation+telugu
GLSL,Advanced,What are tessellation control/evaluation shaders and their coordination?,Tessellation,Dynamic LOD,Patch processing,Surface subdivision,A,Tessellation control: set patch parameters; Tessellation evaluation: compute vertex positions from UV coordinates.,Geometry,https://www.khronos.org/opengl/wiki/Tessellation,https://youtube.com/results?search_query=glsl+tessellation+shaders,https://youtube.com/results?search_query=glsl+tessellation+shaders+hindi,https://youtube.com/results?search_query=glsl+tessellation+shaders+kannada,https://youtube.com/results?search_query=glsl+tessellation+shaders+tamil,https://youtube.com/results?search_query=glsl+tessellation+shaders+telugu
GLSL,Advanced,How do you implement GPU-based particle systems with compute shaders?,Particles,Compute shaders,Simulation,Physics,A,Store particle data in SSBO, update positions/velocities in compute shader, render with point sprites or geometry shader.,Compute,https://learnopengl.com/In-Practice/2D-Game/Particles,https://youtube.com/results?search_query=glsl+gpu+particle+system,https://youtube.com/results?search_query=glsl+gpu+particle+system+hindi,https://youtube.com/results?search_query=glsl+gpu+particle+system+kannada,https://youtube.com/results?search_query=glsl+gpu+particle+system+tamil,https://youtube.com/results?search_query=glsl+gpu+particle+system+telugu
GLSL,Advanced,What is the purpose of the early_fragment_tests layout qualifier?,Early depth test,Depth culling,Optimization,Fragment discard,A,early_fragment_tests forces depth test before fragment shader execution for cases where shader might discard.,Optimization,https://www.khronos.org/opengl/wiki/Early_Fragment_Test,https://youtube.com/results?search_query=glsl+early+fragment+tests,https://youtube.com/results?search_query=glsl+early+fragment+tests+hindi,https://youtube.com/results?search_query=glsl+early+fragment+tests+kannada,https://youtube.com/results?search_query=glsl+early+fragment+tests+tamil,https://youtube.com/results?search_query=glsl+early+fragment+tests+telugu
GLSL,Advanced,How do you implement real-time environment mapping with parallax correction?,Environment maps,Cubemaps,Parallax correction,Reflection probes,A,Intersect reflection vector with proxy geometry (box/sphere), adjust sampling coordinates for correct parallax.,Lighting,https://seblagarde.wordpress.com/2011/09/29/projecteur-sphere-parallax-corrected-environment-mapping/,https://youtube.com/results?search_query=glsl+parallax+corrected+envmap,https://youtube.com/results?search_query=glsl+parallax+corrected+envmap+hindi,https://youtube.com/results?search_query=glsl+parallax+corrected+envmap+kannada,https://youtube.com/results?search_query=glsl+parallax+corrected+envmap+tamil,https://youtube.com/results?search_query=glsl+parallax+corrected+envmap+telugu
GLSL,Advanced,What are geometry shaders and when should they be avoided?,Geometry amplification,Passthrough,Primitive generation,Performance,A,Geometry shaders create/modify primitives but have performance overhead; often better with compute shaders now.,Geometry,https://www.khronos.org/opengl/wiki/Geometry_Shader,https://youtube.com/results?search_query=glsl+geometry+shaders+performance,https://youtube.com/results?search_query=glsl+geometry+shaders+performance+hindi,https://youtube.com/results?search_query=glsl+geometry+shaders+performance+kannada,https://youtube.com/results?search_query=glsl+geometry+shaders+performance+tamil,https://youtube.com/results?search_query=glsl+geometry+shaders+performance+telugu
GLSL,Advanced,How do you implement real-time caustics rendering in GLSL?,Caustics,Light focusing,Water effects,Photon mapping,A,Project light through refractive geometry, accumulate on receiver surfaces using photon mapping or screen space.,Lighting,https://www.iliyan.com/publications/RealTimeCaustics,https://youtube.com/results?search_query=glsl+real+time+caustics,https://youtube.com/results?search_query=glsl+real+time+caustics+hindi,https://youtube.com/results?search_query=glsl+real+time+caustics+kannada,https://youtube.com/results?search_query=glsl+real+time+caustics+tamil,https://youtube.com/results?search_query=glsl+real+time+caustics+telugu
GLSL,Advanced,What is the difference between textureLod and texture with bias?,Mipmap levels,Explicit LOD,Bias control,Texture sampling,A,textureLod: explicitly specify mipmap level; texture with bias: add bias to automatically computed LOD.,Texturing,https://www.khronos.org/opengl/wiki/Sampler_(GLSL),https://youtube.com/results?search_query=glsl+texturelod+vs+bias,https://youtube.com/results?search_query=glsl+texturelod+vs+bias+hindi,https://youtube.com/results?search_query=glsl+texturelod+vs+bias+kannada,https://youtube.com/results?search_query=glsl+texturelod+vs+bias+tamil,https://youtube.com/results?search_query=glsl+texturelod+vs+bias+telugu
GLSL,Advanced,How do you implement motion blur in GLSL using velocity buffers?,Motion blur,Time integration,Velocity buffer,Temporal accumulation,A,Store per-pixel velocity (motion vectors), accumulate samples along motion direction, blend with current frame.,Effects,https://developer.nvidia.com/gpugems/gpugems3/part-iv-image-effects/chapter-27-motion-blur-post-processing-effect,https://youtube.com/results?search_query=glsl+motion+blur+velocity,https://youtube.com/results?search_query=glsl+motion+blur+velocity+hindi,https://youtube.com/results?search_query=glsl+motion+blur+velocity+kannada,https://youtube.com/results?search_query=glsl+motion+blur+velocity+tamil,https://youtube.com/results?search_query=glsl+motion+blur+velocity+telugu
GLSL,Advanced,What are bindless textures and their advantages?,Texture handles,Reduced binding,Performance,Resource management,A,bindless textures use 64-bit handles instead of texture units, reducing API overhead and enabling more textures.,Texturing,https://www.khronos.org/opengl/wiki/Bindless_Texture,https://youtube.com/results?search_query=glsl+bindless+textures,https://youtube.com/results?search_query=glsl+bindless+textures+hindi,https://youtube.com/results?search_query=glsl+bindless+textures+kannada,https://youtube.com/results?search_query=glsl+bindless+textures+tamil,https://youtube.com/results?search_query=glsl+bindless+textures+telugu
GLSL,Advanced,How do you implement real-time water rendering with Gerstner waves?,Water simulation,Gerstner waves,Normal calculation,FFT ocean,A,Sum multiple Gerstner wave functions, compute positions/normals analytically, add foam and refraction.,Simulation,https://developer.nvidia.com/gpugems/gpugems/part-i-natural-effects/chapter-1-effective-water-simulation-physical-models,https://youtube.com/results?search_query=glsl+gerstner+waves+water,https://youtube.com/results?search_query=glsl+gerstner+waves+water+hindi,https://youtube.com/results?search_query=glsl+gerstner+waves+water+kannada,https://youtube.com/results?search_query=glsl+gerstner+waves+water+tamil,https://youtube.com/results?search_query=glsl+gerstner+waves+water+telugu
GLSL,Advanced,What is the purpose of the shared qualifier in compute shaders?,Shared memory,Work group,Local data,Thread communication,A,shared declares memory shared within work group for inter-thread communication (faster than global memory).,Compute,https://www.khronos.org/opengl/wiki/Compute_Shader,https://youtube.com/results?search_query=glsl+shared+memory+compute,https://youtube.com/results?search_query=glsl+shared+memory+compute+hindi,https://youtube.com/results?search_query=glsl+shared+memory+compute+kannada,https://youtube.com/results?search_query=glsl+shared+memory+compute+tamil,https://youtube.com/results?search_query=glsl+shared+memory+compute+telugu
GLSL,Advanced,How do you implement real-time fur rendering using shell/texture method?,Fur rendering,Shell method,Alpha testing,Layer rendering,A,Render multiple geometry shells with alpha-tested textures, offset along normals, blend layers for density.,Rendering,https://developer.nvidia.com/gpugems/gpugems3/part-iii-rendering/chapter-16-next-generation-speedtree-rendering,https://youtube.com/results?search_query=glsl+fur+rendering+shell,https://youtube.com/results?search_query=glsl+fur+rendering+shell+hindi,https://youtube.com/results?search_query=glsl+fur+rendering+shell+kannada,https://youtube.com/results?search_query=glsl+fur+rendering+shell+tamil,https://youtube.com/results?search_query=glsl+fur+rendering+shell+telugu
GLSL,Advanced,What are push constants vs uniform buffers for small data?,Constant data,Low latency,Update frequency,Performance,A,push constants: very small, fast update per draw; uniform buffers: larger, shared between draws with binding.,Memory,https://www.khronos.org/registry/vulkan/specs/1.3-extensions/html/chap10.html#interfaces-resources-push-constants,https://youtube.com/results?search_query=glsl+push+constants+vs+uniform,https://youtube.com/results?search_query=glsl+push+constants+vs+uniform+hindi,https://youtube.com/results?search_query=glsl+push+constants+vs+uniform+kannada,https://youtube.com/results?search_query=glsl+push+constants+vs+uniform+tamil,https://youtube.com/results?search_query=glsl+push+constants+vs+uniform+telugu
GLSL,Advanced,How do you implement real-time anisotropic BRDF for brushed metals?,Anisotropy,Brushed metals,Tangent direction,Specialized BRDF,A,Use anisotropic normal distribution (Ashikhmin-Shirley), align anisotropy direction with tangent vector.,Lighting,https://www.cs.cornell.edu/~srm/publications/EGSR07-btdf.pdf,https://youtube.com/results?search_query=glsl+anisotropic+brdf,https://youtube.com/results?search_query=glsl+anisotropic+brdf+hindi,https://youtube.com/results?search_query=glsl+anisotropic+brdf+kannada,https://youtube.com/results?search_query=glsl+anisotropic+brdf+tamil,https://youtube.com/results?search_query=glsl+anisotropic+brdf+telugu
GLSL,Advanced,What is the difference between gl_FragCoord and gl_FragCoord.xy?,Fragment coordinates,Pixel position,Screenspace,Coordinate systems,A,gl_FragCoord: vec4 (x,y,z,w); gl_FragCoord.xy: vec2 screen position; z is depth, w is 1/w_clip.,Built-in,https://www.khronos.org/opengl/wiki/Built-in_Variable,https://youtube.com/results?search_query=glsl+gl_fragcoord+difference,https://youtube.com/results?search_query=glsl+gl_fragcoord+difference+hindi,https://youtube.com/results?search_query=glsl+gl_fragcoord+difference+kannada,https://youtube.com/results?search_query=glsl+gl_fragcoord+difference+tamil,https://youtube.com/results?search_query=glsl+gl_fragcoord+difference+telugu
GLSL,Advanced,How do you implement real-time procedural terrain using noise functions?,Procedural generation,Noise functions,Terrain,Fractal noise,A,Combine multiple octaves of simplex/perlin noise with different frequencies/amplitudes for fractal terrain.,Generation,https://thebookofshaders.com/13/,https://youtube.com/results?search_query=glsl+procedural+terrain+noise,https://youtube.com/results?search_query=glsl+procedural+terrain+noise+hindi,https://youtube.com/results?search_query=glsl+procedural+terrain+noise+kannada,https://youtube.com/results?search_query=glsl+procedural+terrain+noise+tamil,https://youtube.com/results?search_query=glsl+procedural+terrain+noise+telugu
GLSL,Advanced,What are the memory barriers in GLSL and their synchronization points?,Memory synchronization,Barrier functions,Execution ordering,Consistency,A,memoryBarrier*() functions ensure memory operations are visible to other invocations at specific points.,Memory,https://www.khronos.org/opengl/wiki/Memory_Model,https://youtube.com/results?search_query=glsl+memory+barriers,https://youtube.com/results?search_query=glsl+memory+barriers+hindi,https://youtube.com/results?search_query=glsl+memory+barriers+kannada,https://youtube.com/results?search_query=glsl+memory+barriers+tamil,https://youtube.com/results?search_query=glsl+memory+barriers+telugu
GLSL,Advanced,How do you implement real-time hair rendering with Marschner model?,Hair rendering,Marschner model,Fiber scattering,Kajiya-Kay,A,Use Marschner's R, TT, TRT lobes for hair scattering or simplified Kajiya-Kay anisotropic model.,Lighting,https://www.ea.com/seed/news/seed-dd18-hair-rendering,https://youtube.com/results?search_query=glsl+hair+rendering+marschner,https://youtube.com/results?search_query=glsl+hair+rendering+marschner+hindi,https://youtube.com/results?search_query=glsl+hair+rendering+marschner+kannada,https://youtube.com/results?search_query=glsl+hair+rendering+marschner+tamil,https://youtube.com/results?search_query=glsl+hair+rendering+marschner+telugu
GLSL,Advanced,What is the purpose of the gl_PointSize built-in variable?,Point sprites,Size control,Particle rendering,Point rendering,A,gl_PointSize sets size of point primitives in pixels (for point sprites, particle systems, etc.),Built-in,https://www.khronos.org/opengl/wiki/Built-in_Variable,https://youtube.com/results?search_query=glsl+gl_pointsize+purpose,https://youtube.com/results?search_query=glsl+gl_pointsize+purpose+hindi,https://youtube.com/results?search_query=glsl+gl_pointsize+purpose+kannada,https://youtube.com/results?search_query=glsl+gl_pointsize+purpose+tamil,https://youtube.com/results?search_query=glsl+gl_pointsize+purpose+telugu
GLSL,Advanced,How do you implement real-time lens flare/glare effects?,Lens effects,Glare,Bloom variants,Optical effects,A,Detect bright sources, generate star patterns, anamorphic streaks, ghosting using diffraction patterns.,Effects,https://www.youtube.com/watch?v=UZONc8XQsAI,https://youtube.com/results?search_query=glsl+lens+flare+implementation,https://youtube.com/results?search_query=glsl+lens+flare+implementation+hindi,https://youtube.com/results?search_query=glsl+lens+flare+implementation+kannada,https://youtube.com/results?search_query=glsl+lens+flare+implementation+tamil,https://youtube.com/results?search_query=glsl+lens+flare+implementation+telugu
GLSL,Advanced,What are the different interpolation functions (mix, smoothstep, etc.)?,Interpolation functions,Blending,Curves,Easing,A,mix: linear; smoothstep: Hermite; step: threshold; smootherstep: quintic; all for different interpolation needs.,Functions,https://thebookofshaders.com/glossary/?search=smoothstep,https://youtube.com/results?search_query=glsl+interpolation+functions,https://youtube.com/results?search_query=glsl+interpolation+functions+hindi,https://youtube.com/results?search_query=glsl+interpolation+functions+kannada,https://youtube.com/results?search_query=glsl+interpolation+functions+tamil,https://youtube.com/results?search_query=glsl+interpolation+functions+telugu
GLSL,Advanced,How do you implement real-time cloth simulation using verlet integration?,Cloth simulation,Verlet integration,Constraints,Physics,A,Store positions/previous positions in SSBO, apply constraints (distance, bending) in compute shader iterations.,Simulation,https://web.archive.org/web/20070610223835/http://www.teknikus.dk/tj/gdc2001.htm,https://youtube.com/results?search_query=glsl+cloth+simulation+verlet,https://youtube.com/results?search_query=glsl+cloth+simulation+verlet+hindi,https://youtube.com/results?search_query=glsl+cloth+simulation+verlet+kannada,https://youtube.com/results?search_query=glsl+cloth+simulation+verlet+tamil,https://youtube.com/results?search_query=glsl+cloth+simulation+verlet+telugu
GLSL,Advanced,What is the difference between gl_VertexID and gl_InstanceID?,Vertex identification,Instancing,Indexing,Draw calls,A,gl_VertexID: index within current primitive; gl_InstanceID: instance number for instanced drawing.,Built-in,https://www.khronos.org/opengl/wiki/Built-in_Variable,https://youtube.com/results?search_query=glsl+gl_vertexid+gl_instanceid,https://youtube.com/results?search_query=glsl+gl_vertexid+gl_instanceid+hindi,https://youtube.com/results?search_query=glsl+gl_vertexid+gl_instanceid+kannada,https://youtube.com/results?search_query=glsl+gl_vertexid+gl_instanceid+tamil,https://youtube.com/results?search_query=glsl+gl_vertexid+gl_instanceid+telugu
GLSL,Advanced,How do you implement real-time fluid simulation using SPH?,Fluid simulation,SPH,Particle physics,Smoothed particle,A,Store particle properties in SSBO, compute density/pressure/forces using SPH kernels in compute shader.,Simulation,https://developer.nvidia.com/gpugems/gpugems3/part-v-physics-simulation/chapter-29-real-time-simulation-and-rendering-3d-fluids,https://youtube.com/results?search_query=glsl+sph+fluid+simulation,https://youtube.com/results?search_query=glsl+sph+fluid+simulation+hindi,https://youtube.com/results?search_query=glsl+sph+fluid+simulation+kannada,https://youtube.com/results?search_query=glsl+sph+fluid+simulation+tamil,https://youtube.com/results?search_query=glsl+sph+fluid+simulation+telugu
GLSL,Advanced,What are the different texture wrapping modes and their GLSL equivalents?,Texture addressing,Wrap modes,Border behavior,Edge handling,A,GL_REPEAT, GL_MIRRORED_REPEAT, GL_CLAMP_TO_EDGE, GL_CLAMP_TO_BORDER with corresponding sampler settings.,Texturing,https://www.khronos.org/opengl/wiki/Sampler_Object,https://youtube.com/results?search_query=glsl+texture+wrapping+modes,https://youtube.com/results?search_query=glsl+texture+wrapping+modes+hindi,https://youtube.com/results?search_query=glsl+texture+wrapping+modes+kannada,https://youtube.com/results?search_query=glsl+texture+wrapping+modes+tamil,https://youtube.com/results?search_query=glsl+texture+wrapping+modes+telugu
GLSL,Advanced,How do you implement real-time cloud rendering using ray marching?,Cloud rendering,Ray marching,Noise functions,Volumetric,A,Ray march through noise density field, light scattering calculations, add detail with multiple noise octaves.,Effects,https://www.shadertoy.com/view/XslGRr,https://youtube.com/results?search_query=glsl+cloud+rendering+ray+march,https://youtube.com/results?search_query=glsl+cloud+rendering+ray+march+hindi,https://youtube.com/results?search_query=glsl+cloud+rendering+ray+march+kannada,https://youtube.com/results?search_query=glsl+cloud+rendering+ray+march+tamil,https://youtube.com/results?search_query=glsl+cloud+rendering+ray+march+telugu
GLSL,Advanced,What is the purpose of the gl_FragDepth output variable?,Depth override,Depth writing,Depth manipulation,Z-buffer,A,gl_FragDepth allows fragment shader to write custom depth value (for depth peeling, transparency, etc.),Built-in,https://www.khronos.org/opengl/wiki/Built-in_Variable,https://youtube.com/results?search_query=glsl+gl_fragdepth+purpose,https://youtube.com/results?search_query=glsl+gl_fragdepth+purpose+hindi,https://youtube.com/results?search_query=glsl+gl_fragdepth+purpose+kannada,https://youtube.com/results?search_query=glsl+gl_fragdepth+purpose+tamil,https://youtube.com/results?search_query=glsl+gl_fragdepth+purpose+telugu
GLSL,Advanced,How do you implement real-time grass/folage rendering with wind animation?,Grass rendering,Wind animation,Vertex displacement,Instance bending,A,Use vertex shader to displace grass vertices based on wind noise functions and distance from ground.,Effects,https://developer.nvidia.com/gpugems/gpugems3/part-iii-rendering/chapter-16-next-generation-speedtree-rendering,https://youtube.com/results?search_query=glsl+grass+rendering+wind,https://youtube.com/results?search_query=glsl+grass+rendering+wind+hindi,https://youtube.com/results?search_query=glsl+grass+rendering+wind+kannada,https://youtube.com/results?search_query=glsl+grass+rendering+wind+tamil,https://youtube.com/results?search_query=glsl+grass+rendering+wind+telugu
GLSL,Advanced,What are the different matrix decomposition functions?,Matrix operations,Decomposition,Transformation extraction,A,decompose matrices into translation, rotation, scale using determinant and eigenvector calculations.,Math,https://www.khronos.org/registry/OpenGL-Refpages/gl4/html/,https://youtube.com/results?search_query=glsl+matrix+decomposition,https://youtube.com/results?search_query=glsl+matrix+decomposition+hindi,https://youtube.com/results?search_query=glsl+matrix+decomposition+kannada,https://youtube.com/results?search_query=glsl+matrix+decomposition+tamil,https://youtube.com/results?search_query=glsl+matrix+decomposition+telugu
GLSL,Advanced,How do you implement real-time iridescence/thin-film interference?,Iridescence,Thin-film,Optical effects,Color shifting,A,Calculate path difference based on film thickness/view angle, use Fresnel equations for interference colors.,Lighting,https://www.shadertoy.com/view/tsjfzd,https://youtube.com/results?search_query=glsl+iridescence+thin+film,https://youtube.com/results?search_query=glsl+iridescence+thin+film+hindi,https://youtube.com/results?search_query=glsl+iridescence+thin+film+kannada,https://youtube.com/results?search_query=glsl+iridescence+thin+film+tamil,https://youtube.com/results?search_query=glsl+iridescence+thin+film+telugu
GLSL,Advanced,What is the difference between gl_Position and gl_ClipPosition?,Clip space,Vertex position,Transformation,Coordinate systems,A,gl_Position: output vertex position in clip space; gl_ClipPosition: fragment position in clip space (for discard).,Built-in,https://www.khronos.org/opengl/wiki/Built-in_Variable,https://youtube.com/results?search_query=glsl+gl_position+gl_clipposition,https://youtube.com/results?search_query=glsl+gl_position+gl_clipposition+hindi,https://youtube.com/results?search_query=glsl+gl_position+gl_clipposition+kannada,https://youtube.com/results?search_query=glsl+gl_position+gl_clipposition+tamil,https://youtube.com/results?search_query=glsl+gl_position+gl_clipposition+telugu
GLSL,Advanced,How do you implement real-time shadow map filtering (PCSS, VSM, etc.)?,Shadow filtering,Soft shadows,Penumbra,Variance shadows,A,PCSS: blocker search + penumbra estimation; VSM: store depth/depth², use Chebyshev inequality; ESM: exponential.,Shadows,https://developer.nvidia.com/gpugems/gpugems3/part-ii-light-and-shadows/chapter-8-summed-area-variance-shadow-maps,https://youtube.com/results?search_query=glsl+shadow+map+filtering,https://youtube.com/results?search_query=glsl+shadow+map+filtering+hindi,https://youtube.com/results?search_query=glsl+shadow+map+filtering+kannada,https://youtube.com/results?search_query=glsl+shadow+map+filtering+tamil,https://youtube.com/results?search_query=glsl+shadow+map+filtering+telugu
GLSL,Advanced,What are the different noise generation algorithms in GLSL?,Noise functions,Procedural patterns,Random generation,Patterns,A,Perlin, Simplex, Value, Worley/Cellular noise - each with different characteristics and performance.,Generation,https://thebookofshaders.com/11/,https://youtube.com/results?search_query=glsl+noise+algorithms,https://youtube.com/results?search_query=glsl+noise+algorithms+hindi,https://youtube.com/results?search_query=glsl+noise+algorithms+kannada,https://youtube.com/results?search_query=glsl+noise+algorithms+tamil,https://youtube.com/results?search_query=glsl+noise+algorithms+telugu
GLSL,Advanced,How do you implement real-time destructible terrain/voxel systems?,Destructible terrain,Voxels,Marching cubes,Modification,A,Store voxel data in 3D texture, update with sphere/box edits, extract surface with marching cubes in compute shader.,Generation,https://0fps.net/2012/07/10/voxel-terrain-raycasting/,https://youtube.com/results?search_query=glsl+destructible+terrain+voxel,https://youtube.com/results?search_query=glsl+destructible+terrain+voxel+hindi,https://youtube.com/results?search_query=glsl+destructible+terrain+voxel+kannada,https://youtube.com/results?search_query=glsl+destructible+terrain+voxel+tamil,https://youtube.com/results?search_query=glsl+destructible+terrain+voxel+telugu
GLSL,Advanced,What is the purpose of the gl_Layer built-in variable?,Layered rendering,Cubemap faces,Array textures,RT layers,A,gl_Layer selects which layer of array texture/layered framebuffer to render to (for cubemaps, stereo, etc.),Built-in,https://www.khronos.org/opengl/wiki/Built-in_Variable,https://youtube.com/results?search_query=glsl+gl_layer+purpose,https://youtube.com/results?search_query=glsl+gl_layer+purpose+hindi,https://youtube.com/results?search_query=glsl+gl_layer+purpose+kannada,https://youtube.com/results?search_query=glsl+gl_layer+purpose+tamil,https://youtube.com/results?search_query=glsl+gl_layer+purpose+telugu
GLSL,Advanced,How do you implement real-time particle-based fluid surface reconstruction?,Fluid surfaces,Marching cubes,Particle meshing,Surface extraction,A,Use screen-space fluid rendering or 3D marching cubes on particle density field for surface reconstruction.,Simulation,https://www.youtube.com/watch?v=XvgKQ3iN_1k,https://youtube.com/results?search_query=glsl+fluid+surface+reconstruction,https://youtube.com/results?search_query=glsl+fluid+surface+reconstruction+hindi,https://youtube.com/results?search_query=glsl+fluid+surface+reconstruction+kannada,https://youtube.com/results?search_query=glsl+fluid+surface+reconstruction+tamil,https://youtube.com/results?search_query=glsl+fluid+surface+reconstruction+telugu
GLSL,Advanced,What are the different light attenuation models in GLSL?,Light falloff,Attenuation,Distance fading,Physical models,A,Linear, quadratic, inverse square law, physically based with range/radius parameters for different effects.,Lighting,https://learnopengl.com/Lighting/Light-casters,https://youtube.com/results?search_query=glsl+light+attenuation+models,https://youtube.com/results?search_query=glsl+light+attenuation+models+hindi,https://youtube.com/results?search_query=glsl+light+attenuation+models+kannada,https://youtube.com/results?search_query=glsl+light+attenuation+models+tamil,https://youtube.com/results?search_query=glsl+light+attenuation+models+telugu
GLSL,Advanced,How do you implement real-time ocean rendering with FFT waves?,Ocean rendering,FFT,Gerstner waves,Frequency domain,A,Generate wave spectrum in frequency domain, inverse FFT to spatial domain for height/displacement maps.,Simulation,https://developer.nvidia.com/gpugems/gpugems/part-i-natural-effects/chapter-1-effective-water-simulation-physical-models,https://youtube.com/results?search_query=glsl+ocean+rendering+fft,https://youtube.com/results?search_query=glsl+ocean+rendering+fft+hindi,https://youtube.com/results?search_query=glsl+ocean+rendering+fft+kannada,https://youtube.com/results?search_query=glsl+ocean+rendering+fft+tamil,https://youtube.com/results?search_query=glsl+ocean+rendering+fft+telugu
GLSL,Advanced,What is the purpose of the gl_ViewportIndex built-in variable?,Multi-viewport,Viewport selection,Stereo rendering,VR,A,gl_ViewportIndex selects which viewport to use when multiple viewports are active (for VR, multi-display).,Built-in,https://www.khronos.org/opengl/wiki/Built-in_Variable,https://youtube.com/results?search_query=glsl+gl_viewportindex+purpose,https://youtube.com/results?search_query=glsl+gl_viewportindex+purpose+hindi,https://youtube.com/results?search_query=glsl+gl_viewportindex+purpose+kannada,https://youtube.com/results?search_query=glsl+gl_viewportindex+purpose+tamil,https://youtube.com/results?search_query=glsl+gl_viewportindex+purpose+telugu
GLSL,Advanced,How do you implement real-time atmospheric scattering (sky/air)?,Atmospheric scattering,Sky rendering,Rayleigh Mie,A,Ray march through atmosphere, accumulate Rayleigh (blue) and Mie (haze) scattering with phase functions.,Effects,https://www.scratchapixel.com/lessons/procedural-generation-virtual-worlds/simulating-sky,https://youtube.com/results?search_query=glsl+atmospheric+scattering,https://youtube.com/results?search_query=glsl+atmospheric+scattering+hindi,https://youtube.com/results?search_query=glsl+atmospheric+scattering+kannada,https://youtube.com/results?search_query=glsl+atmospheric+scattering+tamil,https://youtube.com/results?search_query=glsl+atmospheric+scattering+telugu
GLSL,Advanced,What are the different normal mapping techniques (object vs tangent space)?,Normal mapping,Coordinate spaces,Tangent space,Object space,A,Object space: normals in world coordinates; Tangent space: normals relative to surface (requires TBN matrix).,Texturing,https://learnopengl.com/Advanced-Lighting/Normal-Mapping,https://youtube.com/results?search_query=glsl+normal+mapping+techniques,https://youtube.com/results?search_query=glsl+normal+mapping+techniques+hindi,https://youtube.com/results?search_query=glsl+normal+mapping+techniques+kannada,https://youtube.com/results?search_query=glsl+normal+mapping+techniques+tamil,https://youtube.com/results?search_query=glsl+normal+mapping+techniques+telugu
GLSL,Advanced,How do you implement real-time GPU pathfinding using compute shaders?,Pathfinding,A* algorithm,Compute shaders,Navigation,A,Use compute shader for parallel A* or Dijkstra with heuristic grids, store results in textures/buffers.,Compute,https://www.gamedev.net/articles/programming/general-and-gameplay-programming/gpu-pathfinding-r3392/,https://youtube.com/results?search_query=glsl+gpu+pathfinding,https://youtube.com/results?search_query=glsl+gpu+pathfinding+hindi,https://youtube.com/results?search_query=glsl+gpu+pathfinding+kannada,https://youtube.com/results?search_query=glsl+gpu+pathfinding+tamil,https://youtube.com/results?search_query=glsl+gpu+pathfinding+telugu
GLSL,Advanced,What is the purpose of the gl_PrimitiveID built-in variable?,Primitive identification,Geometry shader,Triangle index,Identification,A,gl_PrimitiveID: index of current primitive being processed (triangle, line, etc.) in geometry/fragment shaders.,Built-in,https://www.khronos.org/opengl/wiki/Built-in_Variable,https://youtube.com/results?search_query=glsl+gl_primitiveid+purpose,https://youtube.com/results?search_query=glsl+gl_primitiveid+purpose+hindi,https://youtube.com/results?search_query=glsl+gl_primitiveid+purpose+kannada,https://youtube.com/results?search_query=glsl+gl_primitiveid+purpose+tamil,https://youtube.com/results?search_query=glsl+gl_primitiveid+purpose+telugu
GLSL,Advanced,How do you implement real-time color grading/LUTs in GLSL?,Color grading,LUTs,Post-processing,Color correction,A,Use 3D texture LUT or 2D strip LUT, sample with normalized color values, apply tonemapping curves.,Post-processing,https://docs.unity3d.com/Manual/PostProcessing-ColorGrading.html,https://youtube.com/results?search_query=glsl+color+grading+luts,https://youtube.com/results?search_query=glsl+color+grading+luts+hindi,https://youtube.com/results?search_query=glsl+color+grading+luts+kannada,https://youtube.com/results?search_query=glsl+color+grading+luts+tamil,https://youtube.com/results?search_query=glsl+color+grading+luts+telugu
GLSL,Advanced,What are the different shadow mapping techniques (CSM, PSSM, etc.)?,Shadow mapping,Cascaded shadows,Parallel split,Quality,A,CSM/PSSM: multiple shadow maps for different distances; VSM: variance shadows; ESM: exponential; PCSS: contact hardening.,Shadows,https://developer.nvidia.com/gpugems/gpugems3/part-ii-light-and-shadows/chapter-10-parallel-split-shadow-maps-programmable-gpus,https://youtube.com/results?search_query=glsl+shadow+mapping+techniques,https://youtube.com/results?search_query=glsl+shadow+mapping+techniques+hindi,https://youtube.com/results?search_query=glsl+shadow+mapping+techniques+kannada,https://youtube.com/results?search_query=glsl+shadow+mapping+techniques+tamil,https://youtube.com/results?search_query=glsl+shadow+mapping+techniques+telugu
GLSL,Advanced,How do you implement real-time mesh skinning with dual quaternions?,Skinning,Dual quaternions,Animation,Vertex deformation,A,Use dual quaternions instead of matrices for smoother skinning without candy-wrapper artifacts.,Animation,https://www.cs.utah.edu/~ladislav/dq/dqnotes.html,https://youtube.com/results?search_query=glsl+dual+quaternion+skinning,https://youtube.com/results?search_query=glsl+dual+quaternion+skinning+hindi,https://youtube.com/results?search_query=glsl+dual+quaternion+skinning+kannada,https://youtube.com/results?search_query=glsl+dual+quaternion+skinning+tamil,https://youtube.com/results?search_query=glsl+dual+quaternion+skinning+telugu
GLSL,Advanced,What is the purpose of the gl_SampleID and gl_SamplePosition?,Multisampling,Sample information,Anti-aliasing,Sample positions,A,gl_SampleID: which sample within pixel; gl_SamplePosition: position of sample within pixel for custom MSAA.,Built-in,https://www.khronos.org/opengl/wiki/Built-in_Variable,https://youtube.com/results?search_query=glsl+gl_sampleid+gl_sampleposition,https://youtube.com/results?search_query=glsl+gl_sampleid+gl_sampleposition+hindi,https://youtube.com/results?search_query=glsl+gl_sampleid+gl_sampleposition+kannada,https://youtube.com/results?search_query=glsl+gl_sampleid+gl_sampleposition+tamil,https://youtube.com/results?search_query=glsl+gl_sampleid+gl_sampleposition+telugu
GLSL,Advanced,How do you implement real-time procedural texturing with PBR maps?,Procedural textures,PBR materials,Noise generation,Material definition,A,Generate albedo, roughness, metallic, normal maps from noise functions and mathematical patterns.,Generation,https://www.shadertoy.com/view/XtGGRt,https://youtube.com/results?search_query=glsl+procedural+pbr+texturing,https://youtube.com/results?search_query=glsl+procedural+pbr+texturing+hindi,https://youtube.com/results?search_query=glsl+procedural+pbr+texturing+kannada,https://youtube.com/results?search_query=glsl+procedural+pbr+texturing+tamil,https://youtube.com/results?search_query=glsl+procedural+pbr+texturing+telugu
GLSL,Advanced,What are the different blending equations available in GLSL?,Blending modes,Alpha blending,Compositing,Transparency,A,ADD, SUBTRACT, REVERSE_SUBTRACT, MIN, MAX with various source/destination factor combinations.,Rendering,https://www.khronos.org/opengl/wiki/Blending,https://youtube.com/results?search_query=glsl+blending+equations,https://youtube.com/results?search_query=glsl+blending+equations+hindi,https://youtube.com/results?search_query=glsl+blending+equations+kannada,https://youtube.com/results?search_query=glsl+blending+equations+tamil,https://youtube.com/results?search_query=glsl+blending+equations+telugu
GLSL,Advanced,How do you implement real-time GPU-based collision detection?,Collision detection,BVH,Compute shaders,Physics,A,Build BVH on GPU, test collisions in compute shader, respond with impulses/constraints in physics step.,Compute,https://developer.nvidia.com/gpugems/gpugems3/part-v-physics-simulation/chapter-32-broad-phase-collision-detection-cuda,https://youtube.com/results?search_query=glsl+gpu+collision+detection,https://youtube.com/results?search_query=glsl+gpu+collision+detection+hindi,https://youtube.com/results?search_query=glsl+gpu+collision+detection+kannada,https://youtube.com/results?search_query=glsl+gpu+collision+detection+tamil,https://youtube.com/results?search_query=glsl+gpu+collision+detection+telugu
GLSL,Advanced,What is the purpose of the gl_WorkGroupSize built-in variable?,Compute shaders,Work group size,Thread count,Parallelism,A,gl_WorkGroupSize: constant vec3 with local work group size declared in layout qualifier.,Built-in,https://www.khronos.org/opengl/wiki/Built-in_Variable,https://youtube.com/results?search_query=glsl+gl_workgroupsize+purpose,https://youtube.com/results?search_query=glsl+gl_workgroupsize+purpose+hindi,https://youtube.com/results?search_query=glsl+gl_workgroupsize+purpose+kannada,https://youtube.com/results?search_query=glsl+gl_workgroupsize+purpose+tamil,https://youtube.com/results?search_query=glsl+gl_workgroupsize+purpose+telugu
GLSL,Advanced,How do you implement real-time refraction with chromatic aberration?,Refraction,Chromatic aberration,Dispersion,Optical effects,A,Trace refraction rays with different wavelengths, offset sampling for R/G/B channels based on material IOR.,Effects,https://www.shadertoy.com/view/wsfGWj,https://youtube.com/results?search_query=glsl+refraction+chromatic+aberration,https://youtube.com/results?search_query=glsl+refraction+chromatic+aberration+hindi,https://youtube.com/results?search_query=glsl+refraction+chromatic+aberration+kannada,https://youtube.com/results?search_query=glsl+refraction+chromatic+aberration+tamil,https://youtube.com/results?search_query=glsl+refraction+chromatic+aberration+telugu
GLSL,Advanced,What are the different coordinate spaces used in graphics pipeline?,Coordinate spaces,Transformations,Pipeline stages,Spaces,A,Model -> World -> View -> Clip -> NDC -> Screen spaces with corresponding transformation matrices.,Math,https://learnopengl.com/Getting-started/Coordinate-Systems,https://youtube.com/results?search_query=glsl+coordinate+spaces,https://youtube.com/results?search_query=glsl+coordinate+spaces+hindi,https://youtube.com/results?search_query=glsl+coordinate+spaces+kannada,https://youtube.com/results?search_query=glsl+coordinate+spaces+tamil,https://youtube.com/results?search_query=glsl+coordinate+spaces+telugu
GLSL,Advanced,How do you implement real-time GPU-based font rendering with SDF?,Font rendering,Signed distance fields,Text rendering,Vector graphics,A,Use signed distance field textures, sample with smoothstep for anti-aliased glyph edges at any resolution.,Text,https://steamcdn-a.akamaihd.net/apps/valve/2007/SIGGRAPH2007_AlphaTestedMagnification.pdf,https://youtube.com/results?search_query=glsl+sdf+font+rendering,https://youtube.com/results?search_query=glsl+sdf+font+rendering+hindi,https://youtube.com/results?search_query=glsl+sdf+font+rendering+kannada,https://youtube.com/results?search_query=glsl+sdf+font+rendering+tamil,https://youtube.com/results?search_query=glsl+sdf+font+rendering+telugu
GLSL,Advanced,What is the purpose of the gl_NumWorkGroups built-in variable?,Compute shaders,Global count,Work group total,Dispatch size,A,gl_NumWorkGroups: total number of work groups dispatched (global work size / local work group size).,Built-in,https://www.khronos.org/opengl/wiki/Built-in_Variable,https://youtube.com/results?search_query=glsl+gl_numworkgroups+purpose,https://youtube.com/results?search_query=glsl+gl_numworkgroups+purpose+hindi,https://youtube.com/results?search_query=glsl+gl_numworkgroups+purpose+kannada,https://youtube.com/results?search_query=glsl+gl_numworkgroups+purpose+tamil,https://youtube.com/results?search_query=glsl+gl_numworkgroups+purpose+telugu
GLSL,Advanced,How do you implement real-time GPU-based image processing filters?,Image processing,Convolution filters,Kernels,Post-processing,A,Apply convolution kernels (blur, edge detection, sharpen) using texture sampling with offset positions.,Post-processing,https://learnopengl.com/Advanced-OpenGL/Framebuffers,https://youtube.com/results?search_query=glsl+image+processing+filters,https://youtube.com/results?search_query=glsl+image+processing+filters+hindi,https://youtube.com/results?search_query=glsl+image+processing+filters+kannada,https://youtube.com/results?search_query=glsl+image+processing+filters+tamil,https://youtube.com/results?search_query=glsl+image+processing+filters+telugu
GLSL,Advanced,What are the different light types and their GLSL implementations?,Light types,Point lights,Spot lights,Directional,A,Directional: parallel rays; Point: radial attenuation; Spot: directional with cone angle; Area: extended source.,Lighting,https://learnopengl.com/Lighting/Light-casters,https://youtube.com/results?search_query=glsl+light+types+implementation,https://youtube.com/results?search_query=glsl+light+types+implementation+hindi,https://youtube.com/results?search_query=glsl+light+types+implementation+kannada,https://youtube.com/results?search_query=glsl+light+types+implementation+tamil,https://youtube.com/results?search_query=glsl+light+types+implementation+telugu
GLSL,Advanced,How do you implement real-time GPU-based terrain LOD with geomorphing?,Terrain LOD,Level of detail,Geomorphing,Continuous LOD,A,Use heightmap with quadtree, morph vertices between LOD levels to avoid popping, adjust tessellation dynamically.,Geometry,https://vterrain.org/LOD/Papers/,https://youtube.com/results?search_query=glsl+terrain+lod+geomorphing,https://youtube.com/results?search_query=glsl+terrain+lod+geomorphing+hindi,https://youtube.com/results?search_query=glsl+terrain+lod+geomorphing+kannada,https://youtube.com/results?search_query=glsl+terrain+lod+geomorphing+tamil,https://youtube.com/results?search_query=glsl+terrain+lod+geomorphing+telugu
GLSL,Advanced,What is the purpose of the gl_GlobalInvocationID built-in variable?,Compute shaders,Global index,Thread identification,Unique ID,A,gl_GlobalInvocationID: unique global thread ID across all work groups (3D index for 3D dispatch).,Built-in,https://www.khronos.org/opengl/wiki/Built-in_Variable,https://youtube.com/results?search_query=glsl+gl_globalinvocationid+purpose,https://youtube.com/results?search_query=glsl+gl_globalinvocationid+purpose+hindi,https://youtube.com/results?search_query=glsl+gl_globalinvocationid+purpose+kannada,https://youtube.com/results?search_query=glsl+gl_globalinvocationid+purpose+tamil,https://youtube.com/results?search_query=glsl+gl_globalinvocationid+purpose+telugu
GLSL,Advanced,How do you implement real-time GPU-based order statistics filters?,Image processing,Order statistics,Median filter,Morphological,A,Use local memory to gather neighborhood samples, sort with bitonic sort or reduction for median/min/max filters.,Post-processing,https://developer.download.nvidia.com/compute/cuda/1.1-Beta/x86_website/projects/convolutionSeparable/doc/convolutionSeparable.pdf,https://youtube.com/results?search_query=glsl+order+statistics+filters,https://youtube.com/results?search_query=glsl+order+statistics+filters+hindi,https://youtube.com/results?search_query=glsl+order+statistics+filters+kannada,https://youtube.com/results?search_query=glsl+order+statistics+filters+tamil,https://youtube.com/results?search_query=glsl+order+statistics+filters+telugu
GLSL,Advanced,What are the different texture filtering modes and their GLSL equivalents?,Texture filtering,Mipmapping,Anisotropic,Quality,A,NEAREST, LINEAR, NEAREST_MIPMAP_NEAREST, LINEAR_MIPMAP_LINEAR, ANISOTROPIC with sampler settings.,Texturing,https://www.khronos.org/opengl/wiki/Sampler_Object,https://youtube.com/results?search_query=glsl+texture+filtering+modes,https://youtube.com/results?search_query=glsl+texture+filtering+modes+hindi,https://youtube.com/results?search_query=glsl+texture+filtering+modes+kannada,https://youtube.com/results?search_query=glsl+texture+filtering+modes+tamil,https://youtube.com/results?search_query=glsl+texture+filtering+modes+telugu
GLSL,Advanced,How do you implement real-time GPU-based cloth simulation with constraints?,Cloth simulation,Constraints,Position based dynamics,Verlet,A,Store positions/previous positions, apply distance constraints, bending constraints, collision in compute shader.,Simulation,https://matthias-research.github.io/pages/publications/posBasedDyn.pdf,https://youtube.com/results?search_query=glsl+cloth+simulation+constraints,https://youtube.com/results?search_query=glsl+cloth+simulation+constraints+hindi,https://youtube.com/results?search_query=glsl+cloth+simulation+constraints+kannada,https://youtube.com/results?search_query=glsl+cloth+simulation+constraints+tamil,https://youtube.com/results?search_query=glsl+cloth+simulation+constraints+telugu
GLSL,Advanced,What is the purpose of the gl_LocalInvocationID built-in variable?,Compute shaders,Local index,Work group ID,Thread position,A,gl_LocalInvocationID: thread position within its work group (3D index from 0 to work group size-1).,Built-in,https://www.khronos.org/opengl/wiki/Built-in_Variable,https://youtube.com/results?search_query=glsl+gl_localinvocationid+purpose,https://youtube.com/results?search_query=glsl+gl_localinvocationid+purpose+hindi,https://youtube.com/results?search_query=glsl+gl_localinvocationid+purpose+kannada,https://youtube.com/results?search_query=glsl+gl_localinvocationid+purpose+tamil,https://youtube.com/results?search_query=glsl+gl_localinvocationid+purpose+telugu
GLSL,Advanced,How do you implement real-time GPU-based fluid simulation with grids?,Fluid simulation,Grid-based,Stable fluids,Navier-Stokes,A,Solve Navier-Stokes on grid using Jacobi iterations, advection, projection in compute shaders (Stable Fluids).,Simulation,https://developer.download.nvidia.com/books/HTML/gpugems/gpugems_ch38.html,https://youtube.com/results?search_query=glsl+grid+fluid+simulation,https://youtube.com/results?search_query=glsl+grid+fluid+simulation+hindi,https://youtube.com/results?search_query=glsl+grid+fluid+simulation+kannada,https://youtube.com/results?search_query=glsl+grid+fluid+simulation+tamil,https://youtube.com/results?search_query=glsl+grid+fluid+simulation+telugu
GLSL,Advanced,What are the different tone mapping operators and their GLSL implementations?,Tone mapping,HDR,Exposure,Color grading,A,Reinhard, Filmic ACES, Uncharted2, Exposure/Gamma for converting HDR to display range.,Post-processing,https://knarkowicz.wordpress.com/2016/01/06/aces-filmic-tone-mapping-curve/,https://youtube.com/results?search_query=glsl+tone+mapping+operators,https://youtube.com/results?search_query=glsl+tone+mapping+operators+hindi,https://youtube.com/results?search_query=glsl+tone+mapping+operators+kannada,https://youtube.com/results?search_query=glsl+tone+mapping+operators+tamil,https://youtube.com/results?search_query=glsl+tone+mapping+operators+telugu
GLSL,Advanced,How do you implement real-time GPU-based grass/foliage culling?,Frustum culling,Occlusion culling,Grass optimization,Performance,A,Use compute shader to test grass instances against view frustum/hi-Z buffer, compact visible instances list.,Optimization,https://www.gamedev.net/articles/programming/graphics/frustum-culling-and-other-optimization-methods-for-opengl-es-r3125/,https://youtube.com/results?search_query=glsl+grass+culling+compute,https://youtube.com/results?search_query=glsl+grass+culling+compute+hindi,https://youtube.com/results?search_query=glsl+grass+culling+compute+kannada,https://youtube.com/results?search_query=glsl+grass+culling+compute+tamil,https://youtube.com/results?search_query=glsl+grass+culling+compute+telugu
GLSL,Advanced,What is the purpose of the gl_WorkGroupID built-in variable?,Compute shaders,Work group index,Group identification,3D index,A,gl_WorkGroupID: which work group this thread belongs to (3D index across dispatched work groups).,Built-in,https://www.khronos.org/opengl/wiki/Built-in_Variable,https://youtube.com/results?search_query=glsl+gl_workgroupid+purpose,https://youtube.com/results?search_query=glsl+gl_workgroupid+purpose+hindi,https://youtube.com/results?search_query=glsl+gl_workgroupid+purpose+kannada,https://youtube.com/results?search_query=glsl+gl_workgroupid+purpose+tamil,https://youtube.com/results?search_query=glsl+gl_workgroupid+purpose+telugu
GLSL,Advanced,How do you implement real-time GPU-based particle sorting for transparency?,Particle sorting,Depth sorting,Transparency,OIT,A,Sort particles by depth using bitonic sort in compute shader before rendering for correct transparency.,Rendering,https://developer.nvidia.com/gpugems/gpugems3/part-iv-image-effects/chapter-23-efficient-and-robust-particle-sorting-gpu,https://youtube.com/results?search_query=glsl+particle+sorting+gpu,https://youtube.com/results?search_query=glsl+particle+sorting+gpu+hindi,https://youtube.com/results?search_query=glsl+particle+sorting+gpu+kannada,https://youtube.com/results?search_query=glsl+particle+sorting+gpu+tamil,https://youtube.com/results?search_query=glsl+particle+sorting+gpu+telugu
GLSL,Advanced,What are the different BRDF models and their GLSL implementations?,BRDF models,Reflection models,Material definitions,Light transport,A,Lambert, Phong, Blinn-Phong, Cook-Torrance, GGX, Oren-Nayar for different material characteristics.,Lighting,https://www.cs.cornell.edu/~srm/publications/EGSR07-btdf.pdf,https://youtube.com/results?search_query=glsl+brdf+models+implementation,https://youtube.com/results?search_query=glsl+brdf+models+implementation+hindi,https://youtube.com/results?search_query=glsl+brdf+models+implementation+kannada,https://youtube.com/results?search_query=glsl+brdf+models+implementation+tamil,https://youtube.com/results?search_query=glsl+brdf+models+implementation+telugu
GLSL,Advanced,How do you implement real-time GPU-based mesh decimation?,Mesh simplification,Decimation,Level of detail,Progressive meshes,A,Use edge collapse algorithm in compute shader, maintain quadric error metrics for progressive simplification.,Geometry,https://mgarland.org/files/papers/quadrics.pdf,https://youtube.com/results?search_query=glsl+mesh+decimation+gpu,https://youtube.com/results?search_query=glsl+mesh+decimation+gpu+hindi,https://youtube.com/results?search_query=glsl+mesh+decimation+gpu+kannada,https://youtube.com/results?search_query=glsl+mesh+decimation+gpu+tamil,https://youtube.com/results?search_query=glsl+mesh+decimation+gpu+telugu
GLSL,Advanced,What is the purpose of the gl_InvocationID built-in variable?,Geometry shaders,Tessellation,Invocation count,Instance identification,A,gl_InvocationID: which invocation within geometry/tessellation control shader (for multi-invocation shaders).,Built-in,https://www.khronos.org/opengl/wiki/Built-in_Variable,https://youtube.com/results?search_query=glsl+gl_invocationid+purpose,https://youtube.com/results?search_query=glsl+gl_invocationid+purpose+hindi,https://youtube.com/results?search_query=glsl+gl_invocationid+purpose+kannada,https://youtube.com/results?search_query=glsl+gl_invocationid+purpose+tamil,https://youtube.com/results?search_query=glsl+gl_invocationid+purpose+telugu
GLSL,Advanced,How do you implement real-time GPU-based ambient occlusion baking?,Ambient occlusion,Baking,Lightmap generation,Precomputed,A,Use compute shader to trace rays from texels, accumulate occlusion in render target for static geometry.,Lighting,https://www.gamedev.net/articles/programming/graphics/a-quick-and-dirty-ambient-occlusion-baker-r3162/,https://youtube.com/results?search_query=glsl+ao+baking+gpu,https://youtube.com/results?search_query=glsl+ao+baking+gpu+hindi,https://youtube.com/results?search_query=glsl+ao+baking+gpu+kannada,https://youtube.com/results?search_query=glsl+ao+baking+gpu+tamil,https://youtube.com/results?search_query=glsl+ao+baking+gpu+telugu
GLSL,Advanced,What are the different shadow map resolution techniques?,Shadow resolution,Cascades,Adaptive resolution,LiSP,A,Cascaded Shadow Maps (CSM), Parallel Split Shadow Maps (PSSM), Light Space Perspective Shadow Maps (LiSP).,Shadows,https://developer.nvidia.com/gpugems/gpugems3/part-ii-light-and-shadows/chapter-10-parallel-split-shadow-maps-programmable-gpus,https://youtube.com/results?search_query=glsl+shadow+map+resolution,https://youtube.com/results?search_query=glsl+shadow+map+resolution+hindi,https://youtube.com/results?search_query=glsl+shadow+map+resolution+kannada,https://youtube.com/results?search_query=glsl+shadow+map+resolution+tamil,https://youtube.com/results?search_query=glsl+shadow+map+resolution+telugu
GLSL,Advanced,How do you implement real-time GPU-based mesh skinning with matrices?,Skinning,Linear blend,Vertex animation,Matrix palette,A,Store bone matrices in UBO/SSBO, blend vertex positions/normals using bone weights in vertex shader.,Animation,https://learnopengl.com/Guest-Articles/2020/Skeletal-Animation,https://youtube.com/results?search_query=glsl+mesh+skinning+matrices,https://youtube.com/results?search_query=glsl+mesh+skinning+matrices+hindi,https://youtube.com/results?search_query=glsl+mesh+skinning+matrices+kannada,https://youtube.com/results?search_query=glsl+mesh+skinning+matrices+tamil,https://youtube.com/results?search_query=glsl+mesh+skinning+matrices+telugu
GLSL,Advanced,What is the purpose of the gl_PatchVerticesIn built-in variable?,Tessellation,Patch size,Control points,Input count,A,gl_PatchVerticesIn: number of vertices in input patch for tessellation control/evaluation shaders.,Built-in,https://www.khronos.org/opengl/wiki/Built-in_Variable,https://youtube.com/results?search_query=glsl+gl_patchverticesin+purpose,https://youtube.com/results?search_query=glsl+gl_patchverticesin+purpose+hindi,https://youtube.com/results?search_query=glsl+gl_patchverticesin+purpose+kannada,https://youtube.com/results?search_query=glsl+gl_patchverticesin+purpose+tamil,https://youtube.com/results?search_query=glsl+gl_patchverticesin+purpose+telugu
GLSL,Advanced,How do you implement real-time GPU-based image compression?,Image compression,DXT/BC,Block compression,Texture compression,A,Implement BC1-BC7 compression in compute shader, encode blocks to compressed format for runtime compression.,Texturing,https://www.khronos.org/registry/OpenGL/extensions/EXT/EXT_texture_compression_s3tc.txt,https://youtube.com/results?search_query=glsl+image+compression+gpu,https://youtube.com/results?search_query=glsl+image+compression+gpu+hindi,https://youtube.com/results?search_query=glsl+image+compression+gpu+kannada,https://youtube.com/results?search_query=glsl+image+compression+gpu+tamil,https://youtube.com/results?search_query=glsl+image+compression+gpu+telugu
GLSL,Advanced,What are the different normal reconstruction techniques from depth buffer?,Normal reconstruction,Depth derivatives,Screen space,View space,A,Use dFdx/dFdy of depth to reconstruct view-space normals, or decode from G-buffer in deferred rendering.,Geometry,https://atyuwen.github.io/posts/normal-reconstruction/,https://youtube.com/results?search_query=glsl+normal+reconstruction+depth,https://youtube.com/results?search_query=glsl+normal+reconstruction+depth+hindi,https://youtube.com/results?search_query=glsl+normal+reconstruction+depth+kannada,https://youtube.com/results?search_query=glsl+normal+reconstruction+depth+tamil,https://youtube.com/results?search_query=glsl+normal+reconstruction+depth+telugu
GLSL,Advanced,How do you implement real-time GPU-based mesh simplification with edge collapse?,Mesh simplification,Edge collapse,Quadric error,Progressive meshes,A,Compute quadric error for edges in compute shader, iteratively collapse lowest error edges, update topology.,Geometry,https://mgarland.org/files/papers/quadrics.pdf,https://youtube.com/results?search_query=glsl+mesh+simplification+edge+collapse,https://youtube.com/results?search_query=glsl+mesh+simplification+edge+collapse+hindi,https://youtube.com/results?search_query=glsl+mesh+simplification+edge+collapse+kannada,https://youtube.com/results?search_query=glsl+mesh+simplification+edge+collapse+tamil,https://youtube.com/results?search_query=glsl+mesh+simplification+edge+collapse+telugu
GLSL,Advanced,What is the purpose of the gl_TessLevelInner/Outer built-in variables?,Tessellation,Level control,Subdivision factors,Patch subdivision,A,gl_TessLevelInner/Outer: control tessellation levels for inner/outer edges of patch in tessellation control shader.,Built-in,https://www.khronos.org/opengl/wiki/Built-in_Variable,https://youtube.com/results?search_query=glsl+gl_tesslevel+variables,https://youtube.com/results?search_query=glsl+gl_tesslevel+variables+hindi,https://youtube.com/results?search_query=glsl+gl_tesslevel+variables+kannada,https://youtube.com/results?search_query=glsl+gl_tesslevel+variables+tamil,https://youtube.com/results?search_query=glsl+gl_tesslevel+variables+telugu
GLSL,Advanced,How do you implement real-time GPU-based font rasterization?,Font rendering,Dynamic rasterization,Vector graphics,SDF generation,A,Parse font outlines, generate signed distance field dynamically using compute shader for custom text.,Text,https://steamcdn-a.akamaihd.net/apps/valve/2007/SIGGRAPH2007_AlphaTestedMagnification.pdf,https://youtube.com/results?search_query=glsl+font+rasterization+gpu,https://youtube.com/results?search_query=glsl+font+rasterization+gpu+hindi,https://youtube.com/results?search_query=glsl+font+rasterization+gpu+kannada,https://youtube.com/results?search_query=glsl+font+rasterization+gpu+tamil,https://youtube.com/results?search_query=glsl+font+rasterization+gpu+telugu
GLSL,Advanced,What are the different alpha testing/discard techniques?,Alpha testing,Discard operations,Transparency,Cutout rendering,A,Use discard with threshold, alpha-to-coverage for MSAA, or depth prepass for better performance with transparency.,Rendering,https://www.khronos.org/opengl/wiki/Transparency_Sorting,https://youtube.com/results?search_query=glsl+alpha+testing+techniques,https://youtube.com/results?search_query=glsl+alpha+testing+techniques+hindi,https://youtube.com/results?search_query=glsl+alpha+testing+techniques+kannada,https://youtube.com/results?search_query=glsl+alpha+testing+techniques+tamil,https://youtube.com/results?search_query=glsl+alpha+testing+techniques+telugu
GLSL,Advanced,How do you implement real-time GPU-based mesh deformation with displacement maps?,Displacement mapping,Tessellation,Height fields,Surface deformation,A,Use tessellation to add geometry, sample height map in evaluation shader, displace along vertex normal.,Geometry,https://learnopengl.com/Advanced-OpenGL/Tessellation,https://youtube.com/results?search_query=glsl+displacement+mapping+tessellation,https://youtube.com/results?search_query=glsl+displacement+mapping+tessellation+hindi,https://youtube.com/results?search_query=glsl+displacement+mapping+tessellation+kannada,https://youtube.com/results?search_query=glsl+displacement+mapping+tessellation+tamil,https://youtube.com/results?search_query=glsl+displacement+mapping+tessellation+telugu
GLSL,Advanced,What is the purpose of the gl_TessCoord built-in variable?,Tessellation,UV coordinates,Patch coordinates,Evaluation position,A,gl_TessCoord: barycentric/UV coordinates within tessellated patch for tessellation evaluation shader.,Built-in,https://www.khronos.org/opengl/wiki/Built-in_Variable,https://youtube.com/results?search_query=glsl+gl_tesscoord+purpose,https://youtube.com/results?search_query=glsl+gl_tesscoord+purpose+hindi,https://youtube.com/results?search_query=glsl+gl_tesscoord+purpose+kannada,https://youtube.com/results?search_query=glsl+gl_tesscoord+purpose+tamil,https://youtube.com/results?search_query=glsl+gl_tesscoord+purpose+telugu