Topic,Difficulty,Question,Keywords,Answer Type,Short Answer,Category,Docs URL,YouTube English,YouTube Hindi,YouTube Kannada,YouTube Tamil,YouTube Telugu
Go,Advanced,What is the difference between interfaces and type assertions in Go?,Interfaces,Type assertions,Type switches,Runtime type checking,A,"Interfaces define behavior contracts; type assertions extract concrete types from interface values at runtime",Types,https://golang.org/ref/spec#Interface_types,https://youtube.com/results?search_query=golang+interfaces+type+assertions,https://youtube.com/results?search_query=golang+interfaces+type+assertions+hindi,https://youtube.com/results?search_query=golang+interfaces+type+assertions+kannada,https://youtube.com/results?search_query=golang+interfaces+type+assertions+tamil,https://youtube.com/results?search_query=golang+interfaces+type+assertions+telugu
Go,Advanced,How does Go implement concurrency using goroutines and channels?,Goroutines,Channels,Concurrency,Go runtime,A,"Goroutines are lightweight threads managed by Go runtime; channels are typed conduits for goroutine communication",Concurrency,https://golang.org/doc/effective_go#concurrency,https://youtube.com/results?search_query=golang+goroutines+channels,https://youtube.com/results?search_query=golang+goroutines+channels+hindi,https://youtube.com/results?search_query=golang+goroutines+channels+kannada,https://youtube.com/results?search_query=golang+goroutines+channels+tamil,https://youtube.com/results?search_query=golang+goroutines+channels+telugu
Go,Advanced,What is the difference between buffered and unbuffered channels?,Channels,Buffering,Blocking,Synchronization,A,"Buffered channels have capacity and don't block until full; unbuffered channels block on send until receiver is ready",Concurrency,https://golang.org/ref/spec#Channel_types,https://youtube.com/results?search_query=golang+buffered+unbuffered+channels,https://youtube.com/results?search_query=golang+buffered+unbuffered+channels+hindi,https://youtube.com/results?search_query=golang+buffered+unbuffered+channels+kannada,https://youtube.com/results?search_query=golang+buffered+unbuffered+channels+tamil,https://youtube.com/results?search_query=golang+buffered+unbuffered+channels+telugu
Go,Advanced,How does Go handle memory management and garbage collection?,Garbage collection,Memory management,Heap,Stack,A,"Go uses mark-and-sweep garbage collector with concurrent mark phase and tri-color marking algorithm",Memory,https://go.dev/doc/gc-guide,https://youtube.com/results?search_query=golang+memory+management+gc,https://youtube.com/results?search_query=golang+memory+management+gc+hindi,https://youtube.com/results?search_query=golang+memory+management+gc+kannada,https://youtube.com/results?search_query=golang+memory+management+gc+tamil,https://youtube.com/results?search_query=golang+memory+management+gc+telugu
Go,Advanced,What are Go modules and how do they manage dependencies?,Modules,Dependencies,Versioning,Go mod,A,"Go modules provide dependency management with go.mod file, semantic versioning, and minimal version selection",Packages,https://go.dev/blog/using-go-modules,https://youtube.com/results?search_query=golang+modules+dependencies,https://youtube.com/results?search_query=golang+modules+dependencies+hindi,https://youtube.com/results?search_query=golang+modules+dependencies+kannada,https://youtube.com/results?search_query=golang+modules+dependencies+tamil,https://youtube.com/results?search_query=golang+modules+dependencies+telugu
Go,Advanced,How does Go implement reflection using the reflect package?,Reflection,Runtime inspection,Type information,Dynamic programming,A,"reflect package allows runtime inspection of types and values through Type and Value interfaces",Reflection,https://pkg.go.dev/reflect,https://youtube.com/results?search_query=golang+reflection+reflect,https://youtube.com/results?search_query=golang+reflection+reflect+hindi,https://youtube.com/results?search_query=golang+reflection+reflect+kannada,https://youtube.com/results?search_query=golang+reflection+reflect+tamil,https://youtube.com/results?search_query=golang+reflection+reflect+telugu
Go,Advanced,What is the difference between value and pointer receivers in methods?,Methods,Receivers,Pointers,Value semantics,A,"Value receivers work on copies; pointer receivers work on actual instance and can modify it",Methods,https://golang.org/doc/faq#methods_on_values_or_pointers,https://youtube.com/results?search_query=golang+value+pointer+receivers,https://youtube.com/results?search_query=golang+value+pointer+receivers+hindi,https://youtube.com/results?search_query=golang+value+pointer+receivers+kannada,https://youtube.com/results?search_query=golang+value+pointer+receivers+tamil,https://youtube.com/results?search_query=golang+value+pointer+receivers+telugu
Go,Advanced,How does Go implement error handling with error interface?,Errors,Error handling,Error interface,Defer,A,"Go uses error interface type; idiomatic error handling checks errors explicitly, no exceptions",Error Handling,https://go.dev/blog/error-handling-and-go,https://youtube.com/results?search_query=golang+error+handling+interface,https://youtube.com/results?search_query=golang+error+handling+interface+hindi,https://youtube.com/results?search_query=golang+error+handling+interface+kannada,https://youtube.com/results?search_query=golang+error+handling+interface+tamil,https://youtube.com/results?search_query=golang+error+handling+interface+telugu
Go,Advanced,What are Go contexts and how are they used for cancellation?,Context,Cancellation,Deadlines,Request scope,A,"context.Context carries deadlines, cancellation signals, and request-scoped values across API boundaries",Concurrency,https://pkg.go.dev/context,https://youtube.com/results?search_query=golang+context+cancellation,https://youtube.com/results?search_query=golang+context+cancellation+hindi,https://youtube.com/results?search_query=golang+context+cancellation+kannada,https://youtube.com/results?search_query=golang+context+cancellation+tamil,https://youtube.com/results?search_query=golang+context+cancellation+telugu
Go,Advanced,How does Go implement composition over inheritance?,Composition,Embedding,Structs,Interfaces,A,"Go uses struct embedding and interface composition instead of class inheritance",OOP,https://golang.org/doc/effective_go#embedding,https://youtube.com/results?search_query=golang+composition+inheritance,https://youtube.com/results?search_query=golang+composition+inheritance+hindi,https://youtube.com/results?search_query=golang+composition+inheritance+kannada,https://youtube.com/results?search_query=golang+composition+inheritance+tamil,https://youtube.com/results?search_query=golang+composition+inheritance+telugu
Go,Advanced,What is the difference between sync.Mutex and sync.RWMutex?,Mutex,Locking,Concurrency,Race conditions,A,"Mutex provides exclusive lock; RWMutex allows multiple readers or single writer lock",Concurrency,https://pkg.go.dev/sync,https://youtube.com/results?search_query=golang+mutex+rwmutex,https://youtube.com/results?search_query=golang+mutex+rwmutex+hindi,https://youtube.com/results?search_query=golang+mutex+rwmutex+kannada,https://youtube.com/results?search_query=golang+mutex+rwmutex+tamil,https://youtube.com/results?search_query=golang+mutex+rwmutex+telugu
Go,Advanced,How does Go implement defer statements and their execution order?,Defer,Stack,LIFO,Cleanup,A,"defer pushes function calls onto stack, executes in LIFO order after surrounding function returns",Control Flow,https://go.dev/blog/defer-panic-and-recover,https://youtube.com/results?search_query=golang+defer+statements,https://youtube.com/results?search_query=golang+defer+statements+hindi,https://youtube.com/results?search_query=golang+defer+statements+kannada,https://youtube.com/results?search_query=golang+defer+statements+tamil,https://youtube.com/results?search_query=golang+defer+statements+telugu
Go,Advanced,What are Go select statements and how do they work with channels?,Select,Channels,Multiplexing,Non-blocking,A,"select waits on multiple channel operations, executes one that's ready; can have default for non-blocking",Concurrency,https://golang.org/ref/spec#Select_statements,https://youtube.com/results?search_query=golang+select+channels,https://youtube.com/results?search_query=golang+select+channels+hindi,https://youtube.com/results?search_query=golang+select+channels+kannada,https://youtube.com/results?search_query=golang+select+channels+tamil,https://youtube.com/results?search_query=golang+select+channels+telugu
Go,Advanced,How does Go implement zero values and their significance?,Zero values,Default values,Initialization,Nil,A,"Variables declared without explicit initialization get zero value: 0, false, "", nil depending on type",Types,https://golang.org/ref/spec#The_zero_value,https://youtube.com/results?search_query=golang+zero+values,https://youtube.com/results?search_query=golang+zero+values+hindi,https://youtube.com/results?search_query=golang+zero+values+kannada,https://youtube.com/results?search_query=golang+zero+values+tamil,https://youtube.com/results?search_query=golang+zero+values+telugu
Go,Advanced,What is the difference between make and new functions in Go?,Allocation,Make,New,Slices,Maps,A,"make allocates and initializes slices, maps, channels; new allocates memory, returns pointer to zero value",Memory,https://go.dev/doc/effective_go#allocation_new,https://youtube.com/results?search_query=golang+make+vs+new,https://youtube.com/results?search_query=golang+make+vs+new+hindi,https://youtube.com/results?search_query=golang+make+vs+new+kannada,https://youtube.com/results?search_query=golang+make+vs+new+tamil,https://youtube.com/results?search_query=golang+make+vs+new+telugu
Go,Advanced,How does Go implement variadic functions?,Variadic functions,Ellipsis,Multiple arguments,A,"Use ... before type in parameter to accept variable number of arguments; treated as slice inside function",Functions,https://golang.org/ref/spec#Passing_arguments_to_..._parameters,https://youtube.com/results?search_query=golang+variadic+functions,https://youtube.com/results?search_query=golang+variadic+functions+hindi,https://youtube.com/results?search_query=golang+variadic+functions+kannada,https://youtube.com/results?search_query=golang+variadic+functions+tamil,https://youtube.com/results?search_query=golang+variadic+functions+telugu
Go,Advanced,What are Go slices and how do they differ from arrays?,Slices,Arrays,References,Capacity,A,"Arrays: fixed size, value type; Slices: dynamic view into array, reference type with length and capacity",Data Structures,https://go.dev/blog/slices-intro,https://youtube.com/results?search_query=golang+slices+arrays,https://youtube.com/results?search_query=golang+slices+arrays+hindi,https://youtube.com/results?search_query=golang+slices+arrays+kannada,https://youtube.com/results?search_query=golang+slices+arrays+tamil,https://youtube.com/results?search_query=golang+slices+arrays+telugu
Go,Advanced,How does Go implement panic and recover mechanism?,Panic,Recover,Error handling,Stack unwinding,A,"panic stops normal execution, starts panicking; recover regains control of panicking goroutine, only in defer",Error Handling,https://go.dev/blog/defer-panic-and-recover,https://youtube.com/results?search_query=golang+panic+recover,https://youtube.com/results?search_query=golang+panic+recover+hindi,https://youtube.com/results?search_query=golang+panic+recover+kannada,https://youtube.com/results?search_query=golang+panic+recover+tamil,https://youtube.com/results?search_query=golang+panic+recover+telugu
Go,Advanced,What is the difference between sync.WaitGroup and sync.Once?,Synchronization,WaitGroup,Once,Initialization,A,"WaitGroup waits for goroutine collection; Once ensures function executes exactly once",Concurrency,https://pkg.go.dev/sync,https://youtube.com/results?search_query=golang+waitgroup+once,https://youtube.com/results?search_query=golang+waitgroup+once+hindi,https://youtube.com/results?search_query=golang+waitgroup+once+kannada,https://youtube.com/results?search_query=golang+waitgroup+once+tamil,https://youtube.com/results?search_query=golang+waitgroup+once+telugu
Go,Advanced,How does Go implement interface satisfaction implicitly?,Interfaces,Duck typing,Implicit implementation,A,"Type satisfies interface by implementing all its methods; no explicit declaration needed",Types,https://golang.org/doc/effective_go#interfaces_and_types,https://youtube.com/results?search_query=golang+interface+satisfaction,https://youtube.com/results?search_query=golang+interface+satisfaction+hindi,https://youtube.com/results?search_query=golang+interface+satisfaction+kannada,https://youtube.com/results?search_query=golang+interface+satisfaction+tamil,https://youtube.com/results?search_query=golang+interface+satisfaction+telugu
Go,Advanced,What are Go function closures and how do they capture variables?,Closures,Anonymous functions,Lexical scoping,A,"Functions that reference variables from outer scope; capture variables by reference",Functions,https://golang.org/doc/faq#closures,https://youtube.com/results?search_query=golang+closures+functions,https://youtube.com/results?search_query=golang+closures+functions+hindi,https://youtube.com/results?search_query=golang+closures+functions+kannada,https://youtube.com/results?search_query=golang+closures+functions+tamil,https://youtube.com/results?search_query=golang+closures+functions+telugu
Go,Advanced,How does Go implement method sets and their relation to interfaces?,Method sets,Interfaces,Receivers,Pointer methods,A,"Method set determines which methods attach to type and which interfaces it satisfies",Methods,https://golang.org/ref/spec#Method_sets,https://youtube.com/results?search_query=golang+method+sets,https://youtube.com/results?search_query=golang+method+sets+hindi,https://youtube.com/results?search_query=golang+method+sets+kannada,https://youtube.com/results?search_query=golang+method+sets+tamil,https://youtube.com/results?search_query=golang+method+sets+telugu
Go,Advanced,What is the difference between sync.Map and regular map with mutex?,Concurrent maps,Sync.Map,Thread safety,A,"sync.Map optimized for concurrent read-heavy workloads; regular map + mutex for general cases",Concurrency,https://pkg.go.dev/sync#Map,https://youtube.com/results?search_query=golang+sync+map+vs+mutex,https://youtube.com/results?search_query=golang+sync+map+vs+mutex+hindi,https://youtube.com/results?search_query=golang+sync+map+vs+mutex+kannada,https://youtube.com/results?search_query=golang+sync+map+vs+mutex+tamil,https://youtube.com/results?search_query=golang+sync+map+vs+mutex+telugu
Go,Advanced,How does Go implement custom JSON marshaling and unmarshaling?,JSON,Marshal,Unmarshal,Interfaces,A,"Implement json.Marshaler and json.Unmarshaler interfaces with MarshalJSON() and UnmarshalJSON() methods",Serialization,https://pkg.go.dev/encoding/json,https://youtube.com/results?search_query=golang+json+marshaling,https://youtube.com/results?search_query=golang+json+marshaling+hindi,https://youtube.com/results?search_query=golang+json+marshaling+kannada,https://youtube.com/results?search_query=golang+json+marshaling+tamil,https://youtube.com/results?search_query=golang+json+marshaling+telugu
Go,Advanced,What are Go generics and how are they implemented?,Generics,Type parameters,Constraints,A,"Introduced in Go 1.18 using type parameters and constraints; functions/structs can work with multiple types",Types,https://go.dev/doc/tutorial/generics,https://youtube.com/results?search_query=golang+generics,https://youtube.com/results?search_query=golang+generics+hindi,https://youtube.com/results?search_query=golang+generics+kannada,https://youtube.com/results?search_query=golang+generics+tamil,https://youtube.com/results?search_query=golang+generics+telugu
Go,Advanced,How does Go implement HTTP servers and middleware?,HTTP servers,Middleware,Handlers,Context,A,"net/http package with Handler interface; middleware chains handlers using composition",Web,https://pkg.go.dev/net/http,https://youtube.com/results?search_query=golang+http+servers+middleware,https://youtube.com/results?search_query=golang+http+servers+middleware+hindi,https://youtube.com/results?search_query=golang+http+servers+middleware+kannada,https://youtube.com/results?search_query=golang+http+servers+middleware+tamil,https://youtube.com/results?search_query=golang+http+servers+middleware+telugu
Go,Advanced,What is the difference between iota and constants in Go?,Iota,Constants,Enumerations,A,"iota generates successive untyped integer constants; simplifies enum-like definitions",Constants,https://golang.org/ref/spec#Iota,https://youtube.com/results?search_query=golang+iota+constants,https://youtube.com/results?search_query=golang+iota+constants+hindi,https://youtube.com/results?search_query=golang+iota+constants+kannada,https://youtube.com/results?search_query=golang+iota+constants+tamil,https://youtube.com/results?search_query=golang+iota+constants+telugu
Go,Advanced,How does Go implement benchmarking and profiling?,Benchmarking,Profiling,Performance testing,pprof,A,"testing package with Benchmark functions; pprof for CPU, memory, goroutine profiling",Testing,https://pkg.go.dev/testing,https://youtube.com/results?search_query=golang+benchmarking+profiling,https://youtube.com/results?search_query=golang+benchmarking+profiling+hindi,https://youtube.com/results?search_query=golang+benchmarking+profiling+kannada,https://youtube.com/results?search_query=golang+benchmarking+profiling+tamil,https://youtube.com/results?search_query=golang+benchmarking+profiling+telugu
Go,Advanced,What are Go race conditions and how to detect them?,Race conditions,Data races,Go race detector,A,"Concurrent access to shared data without synchronization; detect with -race flag during testing",Concurrency,https://go.dev/doc/articles/race_detector,https://youtube.com/results?search_query=golang+race+conditions,https://youtube.com/results?search_query=golang+race+conditions+hindi,https://youtube.com/results?search_query=golang+race+conditions+kannada,https://youtube.com/results?search_query=golang+race+conditions+tamil,https://youtube.com/results?search_query=golang+race+conditions+telugu
Go,Advanced,How does Go implement string immutability and string building?,Strings,Immutability,String builder,Concatenation,A,"Strings immutable; use strings.Builder for efficient concatenation, bytes.Buffer for byte manipulation",Strings,https://pkg.go.dev/strings#Builder,https://youtube.com/results?search_query=golang+string+immutability+builder,https://youtube.com/results?search_query=golang+string+immutability+builder+hindi,https://youtube.com/results?search_query=golang+string+immutability+builder+kannada,https://youtube.com/results?search_query=golang+string+immutability+builder+tamil,https://youtube.com/results?search_query=golang+string+immutability+builder+telugu
Go,Advanced,What is the difference between named and unnamed returns in Go?,Return values,Named returns,Documentation,A,"Named returns allow naming result parameters; can use naked return and auto-initialized to zero values",Functions,https://golang.org/doc/effective_go#named-results,https://youtube.com/results?search_query=golang+named+unnamed+returns,https://youtube.com/results?search_query=golang+named+unnamed+returns+hindi,https://youtube.com/results?search_query=golang+named+unnamed+returns+kannada,https://youtube.com/results?search_query=golang+named+unnamed+returns+tamil,https://youtube.com/results?search_query=golang+named+unnamed+returns+telugu
Go,Advanced,How does Go implement struct tags and their reflection?,Struct tags,Reflection,Metadata,JSON,A,"String literals after field declaration; accessed via reflection for metadata like JSON field names",Reflection,https://pkg.go.dev/reflect#StructTag,https://youtube.com/results?search_query=golang+struct+tags+reflection,https://youtube.com/results?search_query=golang+struct+tags+reflection+hindi,https://youtube.com/results?search_query=golang+struct+tags+reflection+kannada,https://youtube.com/results?search_query=golang+struct+tags+reflection+tamil,https://youtube.com/results?search_query=golang+struct+tags+reflection+telugu
Go,Advanced,What are Go blank identifiers and their use cases?,Blank identifier,Underscore,Unused values,A,"_ ignores values in assignments, imports for side effects, or interface satisfaction checks",Syntax,https://golang.org/doc/effective_go#blank,https://youtube.com/results?search_query=golang+blank+identifier,https://youtube.com/results?search_query=golang+blank+identifier+hindi,https://youtube.com/results?search_query=golang+blank+identifier+kannada,https://youtube.com/results?search_query=golang+blank+identifier+tamil,https://youtube.com/results?search_query=golang+blank+identifier+telugu
Go,Advanced,How does Go implement sync.Pool for object reuse?,Pool,Object pooling,Memory optimization,Garbage collection,A,"sync.Pool provides temporary object storage to reduce allocation pressure and GC overhead",Performance,https://pkg.go.dev/sync#Pool,https://youtube.com/results?search_query=golang+sync+pool,https://youtube.com/results?search_query=golang+sync+pool+hindi,https://youtube.com/results?search_query=golang+sync+pool+kannada,https://youtube.com/results?search_query=golang+sync+pool+tamil,https://youtube.com/results?search_query=golang+sync+pool+telugu
Go,Advanced,What is the difference between init() function and main()?,Initialization,Main,Init,Package initialization,A,"init() runs when package imported for initialization; main() is program entry point",Packages,https://golang.org/doc/effective_go#init,https://youtube.com/results?search_query=golang+init+vs+main,https://youtube.com/results?search_query=golang+init+vs+main+hindi,https://youtube.com/results?search_query=golang+init+vs+main+kannada,https://youtube.com/results?search_query=golang+init+vs+main+tamil,https://youtube.com/results?search_query=golang+init+vs+main+telugu
Go,Advanced,How does Go implement atomic operations with sync/atomic?,Atomic operations,Concurrency,Memory ordering,A,"sync/atomic provides low-level atomic memory operations for integers and pointers",Concurrency,https://pkg.go.dev/sync/atomic,https://youtube.com/results?search_query=golang+atomic+operations,https://youtube.com/results?search_query=golang+atomic+operations+hindi,https://youtube.com/results?search_query=golang+atomic+operations+kannada,https://youtube.com/results?search_query=golang+atomic+operations+tamil,https://youtube.com/results?search_query=golang+atomic+operations+telugu
Go,Advanced,What are Go workspace modes and multi-module workspaces?,Workspaces,Modules,Multi-module,Go work,A,"Go workspaces (go work) allow working with multiple modules simultaneously without editing go.mod",Packages,https://go.dev/doc/tutorial/workspaces,https://youtube.com/results?search_query=golang+workspace+modules,https://youtube.com/results?search_query=golang+workspace+modules+hindi,https://youtube.com/results?search_query=golang+workspace+modules+kannada,https://youtube.com/results?search_query=golang+workspace+modules+tamil,https://youtube.com/results?search_query=golang+workspace+modules+telugu
Go,Advanced,How does Go implement custom sorting with sort.Interface?,Sorting,Interfaces,Comparison,Sort package,A,"Implement sort.Interface with Len(), Less(), Swap() methods for custom sorting",Algorithms,https://pkg.go.dev/sort,https://youtube.com/results?search_query=golang+custom+sorting+interface,https://youtube.com/results?search_query=golang+custom+sorting+interface+hindi,https://youtube.com/results?search_query=golang+custom+sorting+interface+kannada,https://youtube.com/results?search_query=golang+custom+sorting+interface+tamil,https://youtube.com/results?search_query=golang+custom+sorting+interface+telugu
Go,Advanced,What is the difference between GOPATH and Go modules?,Package management,GOPATH,Modules,Workspace,A,"GOPATH: old workspace-based system; Modules: dependency management with versioning (current standard)",Packages,https://go.dev/doc/modules/gomod-ref,https://youtube.com/results?search_query=golang+gopath+vs+modules,https://youtube.com/results?search_query=golang+gopath+vs+modules+hindi,https://youtube.com/results?search_query=golang+gopath+vs+modules+kannada,https://youtube.com/results?search_query=golang+gopath+vs+modules+tamil,https://youtube.com/results?search_query=golang+gopath+vs+modules+telugu
Go,Advanced,How does Go implement template engines with text/template?,Templates,Text processing,Dynamic content,A,"text/template and html/template packages for data-driven text/HTML generation with actions",Templates,https://pkg.go.dev/text/template,https://youtube.com/results?search_query=golang+text+template,https://youtube.com/results?search_query=golang+text+template+hindi,https://youtube.com/results?search_query=golang+text+template+kannada,https://youtube.com/results?search_query=golang+text+template+tamil,https://youtube.com/results?search_query=golang+text+template+telugu
Go,Advanced,What are Go build constraints and build tags?,Build constraints,Tags,Platform-specific code,A,"Comments at file beginning (//go:build) control which files included in build for specific platforms",Build,https://pkg.go.dev/go/build#hdr-Build_Constraints,https://youtube.com/results?search_query=golang+build+constraints,https://youtube.com/results?search_query=golang+build+constraints+hindi,https://youtube.com/results?search_query=golang+build+constraints+kannada,https://youtube.com/results?search_query=golang+build+constraints+tamil,https://youtube.com/results?search_query=golang+build+constraints+telugu
Go,Advanced,How does Go implement timeouts and deadlines with contexts?,Timeouts,Deadlines,Context,Cancellation,A,"context.WithTimeout() and context.WithDeadline() create contexts that cancel after specified duration",Concurrency,https://pkg.go.dev/context,https://youtube.com/results?search_query=golang+timeouts+contexts,https://youtube.com/results?search_query=golang+timeouts+contexts+hindi,https://youtube.com/results?search_query=golang+timeouts+contexts+kannada,https://youtube.com/results?search_query=golang+timeouts+contexts+tamil,https://youtube.com/results?search_query=golang+timeouts+contexts+telugu
Go,Advanced,What is the difference between copy and append for slices?,Slices,Copy,Append,Memory allocation,A,"copy copies elements between slices; append adds elements, may reallocate if capacity exceeded",Data Structures,https://pkg.go.dev/builtin#copy,https://youtube.com/results?search_query=golang+copy+vs+append,https://youtube.com/results?search_query=golang+copy+vs+append+hindi,https://youtube.com/results?search_query=golang+copy+vs+append+kannada,https://youtube.com/results?search_query=golang+copy+vs+append+tamil,https://youtube.com/results?search_query=golang+copy+vs+append+telugu
Go,Advanced,How does Go implement type switches and their use cases?,Type switches,Type assertions,Runtime type checking,A,"Type switch compares concrete type of interface value; special form of switch statement",Types,https://golang.org/doc/effective_go#type_switch,https://youtube.com/results?search_query=golang+type+switches,https://youtube.com/results?search_query=golang+type+switches+hindi,https://youtube.com/results?search_query=golang+type+switches+kannada,https://youtube.com/results?search_query=golang+type+switches+tamil,https://youtube.com/results?search_query=golang+type+switches+telugu
Go,Advanced,What are Go vendoring and vendor directories?,Vendoring,Dependencies,Version control,A,"Vendor directory stores dependencies locally; go mod vendor creates vendor/ with all dependencies",Packages,https://go.dev/ref/mod#vendoring,https://youtube.com/results?search_query=golang+vendoring,https://youtube.com/results?search_query=golang+vendoring+hindi,https://youtube.com/results?search_query=golang+vendoring+kannada,https://youtube.com/results?search_query=golang+vendoring+tamil,https://youtube.com/results?search_query=golang+vendoring+telugu
Go,Advanced,How does Go implement graceful shutdown of HTTP servers?,Graceful shutdown,HTTP servers,Context,Cancellation,A,"Use server.Shutdown() with context for graceful shutdown, allowing existing connections to complete",Web,https://pkg.go.dev/net/http#Server.Shutdown,https://youtube.com/results?search_query=golang+graceful+shutdown,https://youtube.com/results?search_query=golang+graceful+shutdown+hindi,https://youtube.com/results?search_query=golang+graceful+shutdown+kannada,https://youtube.com/results?search_query=golang+graceful+shutdown+tamil,https://youtube.com/results?search_query=golang+graceful+shutdown+telugu
Go,Advanced,What is the difference between sync.Cond and channel-based signaling?,Condition variables,Signaling,Synchronization,A,"sync.Cond for broadcast signaling to multiple goroutines; channels for point-to-point communication",Concurrency,https://pkg.go.dev/sync#Cond,https://youtube.com/results?search_query=golang+cond+vs+channels,https://youtube.com/results?search_query=golang+cond+vs+channels+hindi,https://youtube.com/results?search_query=golang+cond+vs+channels+kannada,https://youtube.com/results?search_query=golang+cond+vs+channels+tamil,https://youtube.com/results?search_query=golang+cond+vs+channels+telugu
Go,Advanced,How does Go implement embedded fields and promoted methods?,Embedding,Structs,Promoted methods,Composition,A,"Embedded struct's methods become promoted methods of outer struct; can be called directly",OOP,https://golang.org/doc/effective_go#embedding,https://youtube.com/results?search_query=golang+embedding+promoted+methods,https://youtube.com/results?search_query=golang+embedding+promoted+methods+hindi,https://youtube.com/results?search_query=golang+embedding+promoted+methods+kannada,https://youtube.com/results?search_query=golang+embedding+promoted+methods+tamil,https://youtube.com/results?search_query=golang+embedding+promoted+methods+telugu
Go,Advanced,What are Go linker flags and their optimization uses?,Linker flags,Optimization,Binary size,Debugging,A,"Flags like -ldflags control linking behavior: -s (omit symbol table), -w (omit DWARF), -X (set variables)",Build,https://pkg.go.dev/cmd/link,https://youtube.com/results?search_query=golang+linker+flags,https://youtube.com/results?search_query=golang+linker+flags+hindi,https://youtube.com/results?search_query=golang+linker+flags+kannada,https://youtube.com/results?search_query=golang+linker+flags+tamil,https://youtube.com/results?search_query=golang+linker+flags+telugu
Go,Advanced,How does Go implement file operations with os and io packages?,File operations,I/O,Buffering,Seeking,A,"os package for file system operations; io package for I/O interfaces; bufio for buffered I/O",I/O,https://pkg.go.dev/os,https://youtube.com/results?search_query=golang+file+operations+io,https://youtube.com/results?search_query=golang+file+operations+io+hindi,https://youtube.com/results?search_query=golang+file+operations+io+kannada,https://youtube.com/results?search_query=golang+file+operations+io+tamil,https://youtube.com/results?search_query=golang+file+operations+io+telugu
Go,Advanced,What is the difference between deep copy and shallow copy in Go?,Copying,Deep copy,Shallow copy,References,A,"Shallow copy duplicates references; deep copy duplicates all referenced data recursively",Memory,https://go.dev/play/p/vV3qM7EQsAP,https://youtube.com/results?search_query=golang+deep+shallow+copy,https://youtube.com/results?search_query=golang+deep+shallow+copy+hindi,https://youtube.com/results?search_query=golang+deep+shallow+copy+kannada,https://youtube.com/results?search_query=golang+deep+shallow+copy+tamil,https://youtube.com/results?search_query=golang+deep+shallow+copy+telugu
Go,Advanced,How does Go implement HTTP/2 and TLS configuration?,HTTP/2,TLS,Encryption,HTTP server,A,"Automatic HTTP/2 with TLS; configure via tls.Config; http.Server supports both HTTP/1.1 and HTTP/2",Web,https://pkg.go.dev/net/http,https://youtube.com/results?search_query=golang+http2+tls,https://youtube.com/results?search_query=golang+http2+tls+hindi,https://youtube.com/results?search_query=golang+http2+tls+kannada,https://youtube.com/results?search_query=golang+http2+tls+tamil,https://youtube.com/results?search_query=golang+http2+tls+telugu
Go,Advanced,What are Go code generation and go:generate directive?,Code generation,Go generate,Metaprogramming,A,"go:generate runs commands to generate Go code; often used with stringer, protobuf, mock generation",Tools,https://go.dev/blog/generate,https://youtube.com/results?search_query=golang+code+generation+generate,https://youtube.com/results?search_query=golang+code+generation+generate+hindi,https://youtube.com/results?search_query=golang+code+generation+generate+kannada,https://youtube.com/results?search_query=golang+code+generation+generate+tamil,https://youtube.com/results?search_query=golang+code+generation+generate+telugu
Go,Advanced,How does Go implement connection pooling for databases?,Connection pooling,Database,SQL,Resource management,A,"database/sql package includes built-in connection pooling; SetMaxOpenConns, SetMaxIdleConns control pool",Databases,https://pkg.go.dev/database/sql,https://youtube.com/results?search_query=golang+connection+pooling,https://youtube.com/results?search_query=golang+connection+pooling+hindi,https://youtube.com/results?search_query=golang+connection+pooling+kannada,https://youtube.com/results?search_query=golang+connection+pooling+tamil,https://youtube.com/results?search_query=golang+connection+pooling+telugu
Go,Advanced,What is the difference between errors.Is and errors.As?,Error handling,Error wrapping,Error inspection,A,"errors.Is checks error equality (wrapped errors); errors.As extracts error as specific type",Error Handling,https://pkg.go.dev/errors,https://youtube.com/results?search_query=golang+errors+is+vs+as,https://youtube.com/results?search_query=golang+errors+is+vs+as+hindi,https://youtube.com/results?search_query=golang+errors+is+vs+as+kannada,https://youtube.com/results?search_query=golang+errors+is+vs+as+tamil,https://youtube.com/results?search_query=golang+errors+is+vs+as+telugu
Go,Advanced,How does Go implement custom heap with container/heap?,Heap,Priority queue,Algorithms,Interface,A,"Implement heap.Interface (sort.Interface + Push, Pop) for custom priority queues",Data Structures,https://pkg.go.dev/container/heap,https://youtube.com/results?search_query=golang+heap+implementation,https://youtube.com/results?search_query=golang+heap+implementation+hindi,https://youtube.com/results?search_query=golang+heap+implementation+kannada,https://youtube.com/results?search_query=golang+heap+implementation+tamil,https://youtube.com/results?search_query=golang+heap+implementation+telugu
Go,Advanced,What are Go compiler directives and their optimization hints?,Compiler directives,Hints,Optimization,Inline,A,"Comments like //go:noinline, //go:norace, //go:systemstack control compiler behavior",Compilation,https://golang.org/cmd/compile,https://youtube.com/results?search_query=golang+compiler+directives,https://youtube.com/results?search_query=golang+compiler+directives+hindi,https://youtube.com/results?search_query=golang+compiler+directives+kannada,https://youtube.com/results?search_query=golang+compiler+directives+tamil,https://youtube.com/results?search_query=golang+compiler+directives+telugu
Go,Advanced,How does Go implement middleware pattern for HTTP handlers?,Middleware,HTTP,Handlers,Chain,A,"Middleware wraps http.Handler; chain middleware using composition: m1(m2(m3(handler)))",Web,https://go.dev/doc/articles/wiki/#tmp_3,https://youtube.com/results?search_query=golang+http+middleware,https://youtube.com/results?search_query=golang+http+middleware+hindi,https://youtube.com/results?search_query=golang+http+middleware+kannada,https://youtube.com/results?search_query=golang+http+middleware+tamil,https://youtube.com/results?search_query=golang+http+middleware+telugu
Go,Advanced,What is the difference between runtime.GOMAXPROCS and parallelism?,Concurrency,Parallelism,GOMAXPROCS,CPU cores,A,"GOMAXPROCS sets max OS threads for goroutine execution; parallelism depends on CPU cores",Runtime,https://pkg.go.dev/runtime#GOMAXPROCS,https://youtube.com/results?search_query=golang+gomaxprocs+parallelism,https://youtube.com/results?search_query=golang+gomaxprocs+parallelism+hindi,https://youtube.com/results?search_query=golang+gomaxprocs+parallelism+kannada,https://youtube.com/results?search_query=golang+gomaxprocs+parallelism+tamil,https://youtube.com/results?search_query=golang+gomaxprocs+parallelism+telugu
Go,Advanced,How does Go implement custom flag parsing with flag package?,Command-line flags,Parsing,Configuration,A,"Define flags with flag.Type(); implement flag.Value interface for custom types",CLI,https://pkg.go.dev/flag,https://youtube.com/results?search_query=golang+flag+parsing,https://youtube.com/results?search_query=golang+flag+parsing+hindi,https://youtube.com/results?search_query=golang+flag+parsing+kannada,https://youtube.com/results?search_query=golang+flag+parsing+tamil,https://youtube.com/results?search_query=golang+flag+parsing+telugu
Go,Advanced,What are Go assembly and its use cases?,Assembly,Low-level,Performance,Architecture-specific,A,"Go assembly for performance-critical code; platform-specific implementations in .s files",Performance,https://go.dev/doc/asm,https://youtube.com/results?search_query=golang+assembly,https://youtube.com/results?search_query=golang+assembly+hindi,https://youtube.com/results?search_query=golang+assembly+kannada,https://youtube.com/results?search_query=golang+assembly+tamil,https://youtube.com/results?search_query=golang+assembly+telugu
Go,Advanced,How does Go implement web socket communication?,WebSocket,Real-time,HTTP upgrade,A,"Use gorilla/websocket or net/http with hijacking; handle HTTP upgrade to WebSocket protocol",Web,https://pkg.go.dev/golang.org/x/net/websocket,https://youtube.com/results?search_query=golang+websocket+implementation,https://youtube.com/results?search_query=golang+websocket+implementation+hindi,https://youtube.com/results?search_query=golang+websocket+implementation+kannada,https://youtube.com/results?search_query=golang+websocket+implementation+tamil,https://youtube.com/results?search_query=golang+websocket+implementation+telugu
Go,Advanced,What is the difference between sync/atomic and mutex for synchronization?,Atomic operations,Mutex,Lock-free,Performance,A,"Atomic for simple operations (counters, flags); Mutex for complex critical sections",Concurrency,https://pkg.go.dev/sync/atomic,https://youtube.com/results?search_query=golang+atomic+vs+mutex,https://youtube.com/results?search_query=golang+atomic+vs+mutex+hindi,https://youtube.com/results?search_query=golang+atomic+vs+mutex+kannada,https://youtube.com/results?search_query=golang+atomic+vs+mutex+tamil,https://youtube.com/results?search_query=golang+atomic+vs+mutex+telugu
Go,Advanced,How does Go implement binary serialization with encoding/gob?,Binary serialization,Gob,Encoding,Decoding,A,"gob package for Go-specific binary serialization; encodes types and values efficiently",Serialization,https://pkg.go.dev/encoding/gob,https://youtube.com/results?search_query=golang+gob+serialization,https://youtube.com/results?search_query=golang+gob+serialization+hindi,https://youtube.com/results?search_query=golang+gob+serialization+kannada,https://youtube.com/results?search_query=golang+gob+serialization+tamil,https://youtube.com/results?search_query=golang+gob+serialization+telugu
Go,Advanced,What are Go fuzzing tests and how are they implemented?,Fuzzing,Security testing,Random inputs,A,"Go 1.18+ fuzzing generates random inputs to find bugs; write FuzzXxx functions in _test.go files",Testing,https://go.dev/doc/fuzz,https://youtube.com/results?search_query=golang+fuzzing+tests,https://youtube.com/results?search_query=golang+fuzzing+tests+hindi,https://youtube.com/results?search_query=golang+fuzzing+tests+kannada,https://youtube.com/results?search_query=golang+fuzzing+tests+tamil,https://youtube.com/results?search_query=golang+fuzzing+tests+telugu
Go,Advanced,How does Go implement plugin system with plugin package?,Plugins,Dynamic loading,Shared libraries,A,"plugin package loads compiled Go plugins (.so files) at runtime; limited cross-platform support",Packages,https://pkg.go.dev/plugin,https://youtube.com/results?search_query=golang+plugin+system,https://youtube.com/results?search_query=golang+plugin+system+hindi,https://youtube.com/results?search_query=golang+plugin+system+kannada,https://youtube.com/results?search_query=golang+plugin+system+tamil,https://youtube.com/results?search_query=golang+plugin+system+telugu
Go,Advanced,What is the difference between io.Reader and io.Writer interfaces?,I/O,Streams,Reader,Writer,A,"Reader reads data from source; Writer writes data to destination; fundamental I/O interfaces",I/O,https://pkg.go.dev/io,https://youtube.com/results?search_query=golang+reader+vs+writer,https://youtube.com/results?search_query=golang+reader+vs+writer+hindi,https://youtube.com/results?search_query=golang+reader+vs+writer+kannada,https://youtube.com/results?search_query=golang+reader+vs+writer+tamil,https://youtube.com/results?search_query=golang+reader+vs+writer+telugu
Go,Advanced,How does Go implement semaphores with channel patterns?,Semaphores,Concurrency patterns,Resource limiting,A,"Use buffered channels as counting semaphores: acquire by sending, release by receiving",Concurrency,https://github.com/golang/go/wiki/MutexOrChannel,https://youtube.com/results?search_query=golang+semaphores+channels,https://youtube.com/results?search_query=golang+semaphores+channels+hindi,https://youtube.com/results?search_query=golang+semaphores+channels+kannada,https://youtube.com/results?search_query=golang+semaphores+channels+tamil,https://youtube.com/results?search_query=golang+semaphores+channels+telugu
Go,Advanced,What are Go trace tool and execution tracing?,Tracing,Performance analysis,Concurrency visualization,A,"go tool trace captures execution events; visualizes goroutine scheduling, GC, syscalls",Performance,https://pkg.go.dev/runtime/trace,https://youtube.com/results?search_query=golang+trace+tool,https://youtube.com/results?search_query=golang+trace+tool+hindi,https://youtube.com/results?search_query=golang+trace+tool+kannada,https://youtube.com/results?search_query=golang+trace+tool+tamil,https://youtube.com/results?search_query=golang+trace+tool+telugu
Go,Advanced,How does Go implement custom HTTP transports and clients?,HTTP client,Transport,RoundTripper,A,"Customize http.Client with custom Transport; implement RoundTripper interface for full control",Web,https://pkg.go.dev/net/http#Transport,https://youtube.com/results?search_query=golang+custom+http+transport,https://youtube.com/results?search_query=golang+custom+http+transport+hindi,https://youtube.com/results?search_query=golang+custom+http+transport+kannada,https://youtube.com/results?search_query=golang+custom+http+transport+tamil,https://youtube.com/results?search_query=golang+custom+http+transport+telugu
Go,Advanced,What is the difference between sync.Map and concurrent map patterns?,Concurrent maps,Sharding,Lock striping,A,"sync.Map optimized for specific cases; custom sharded maps better for mixed read/write workloads",Concurrency,https://pkg.go.dev/sync#Map,https://youtube.com/results?search_query=golang+sync+map+patterns,https://youtube.com/results?search_query=golang+sync+map+patterns+hindi,https://youtube.com/results?search_query=golang+sync+map+patterns+kannada,https://youtube.com/results?search_query=golang+sync+map+patterns+tamil,https://youtube.com/results?search_query=golang+sync+map+patterns+telugu
Go,Advanced,How does Go implement context with value propagation?,Context values,Request-scoped data,Propagation,A,"context.WithValue() attaches key-value pairs to context; use sparingly for request-scoped data",Concurrency,https://pkg.go.dev/context,https://youtube.com/results?search_query=golang+context+values,https://youtube.com/results?search_query=golang+context+values+hindi,https://youtube.com/results?search_query=golang+context+values+kannada,https://youtube.com/results?search_query=golang+context+values+tamil,https://youtube.com/results?search_query=golang+context+values+telugu
Go,Advanced,What are Go compiler optimizations and escape analysis?,Compiler optimizations,Escape analysis,Stack allocation,A,"Escape analysis determines if variables can stay on stack or must escape to heap",Compilation,https://go.dev/doc/faq#stack_or_heap,https://youtube.com/results?search_query=golang+escape+analysis,https://youtube.com/results?search_query=golang+escape+analysis+hindi,https://youtube.com/results?search_query=golang+escape+analysis+kannada,https://youtube.com/results?search_query=golang+escape+analysis+tamil,https://youtube.com/results?search_query=golang+escape+analysis+telugu
Go,Advanced,How does Go implement rate limiting algorithms?,Rate limiting,Throttling,Token bucket,Leaky bucket,A,"Implement token bucket or leaky bucket algorithms using channels and time.Ticker",Algorithms,https://pkg.go.dev/golang.org/x/time/rate,https://youtube.com/results?search_query=golang+rate+limiting,https://youtube.com/results?search_query=golang+rate+limiting+hindi,https://youtube.com/results?search_query=golang+rate+limiting+kannada,https://youtube.com/results?search_query=golang+rate+limiting+tamil,https://youtube.com/results?search_query=golang+rate+limiting+telugu
Go,Advanced,What is the difference between sync.Pool and object pooling patterns?,Object pooling,Resource reuse,Performance,A,"sync.Pool automatic; custom pools give more control over lifecycle and cleanup",Performance,https://pkg.go.dev/sync#Pool,https://youtube.com/results?search_query=golang+pool+vs+custom,https://youtube.com/results?search_query=golang+pool+vs+custom+hindi,https://youtube.com/results?search_query=golang+pool+vs+custom+kannada,https://youtube.com/results?search_query=golang+pool+vs+custom+tamil,https://youtube.com/results?search_query=golang+pool+vs+custom+telugu
Go,Advanced,How does Go implement CSV and structured file parsing?,CSV,Structured files,Parsing,A,"encoding/csv package for CSV; custom parsers using bufio.Scanner and strings.Split",I/O,https://pkg.go.dev/encoding/csv,https://youtube.com/results?search_query=golang+csv+parsing,https://youtube.com/results?search_query=golang+csv+parsing+hindi,https://youtube.com/results?search_query=golang+csv+parsing+kannada,https://youtube.com/results?search_query=golang+csv+parsing+tamil,https://youtube.com/results?search_query=golang+csv+parsing+telugu
Go,Advanced,What are Go vet and static analysis tools?,Static analysis,Code quality,Vet,Linter,A,"go vet checks for suspicious code; staticcheck, golangci-lint for comprehensive static analysis",Tools,https://pkg.go.dev/cmd/vet,https://youtube.com/results?search_query=golang+vet+static+analysis,https://youtube.com/results?search_query=golang+vet+static+analysis+hindi,https://youtube.com/results?search_query=golang+vet+static+analysis+kannada,https://youtube.com/results?search_query=golang+vet+static+analysis+tamil,https://youtube.com/results?search_query=golang+vet+static+analysis+telugu
Go,Advanced,How does Go implement graceful restart of servers?,Graceful restart,Zero downtime,Socket activation,A,"Use fork/exec with file descriptor passing or systemd socket activation for zero-downtime restarts",Deployment,https://github.com/cloudflare/tableflip,https://youtube.com/results?search_query=golang+graceful+restart,https://youtube.com/results?search_query=golang+graceful+restart+hindi,https://youtube.com/results?search_query=golang+graceful+restart+kannada,https://youtube.com/results?search_query=golang+graceful+restart+tamil,https://youtube.com/results?search_query=golang+graceful+restart+telugu
Go,Advanced,What is the difference between uintptr and unsafe.Pointer?,Unsafe,Pointers,Memory addresses,A,"uintptr integer type holding pointer; unsafe.Pointer special type for raw pointers and conversions",Unsafe,https://pkg.go.dev/unsafe,https://youtube.com/results?search_query=golang+uintptr+vs+unsafe,https://youtube.com/results?search_query=golang+uintptr+vs+unsafe+hindi,https://youtube.com/results?search_query=golang+uintptr+vs+unsafe+kannada,https://youtube.com/results?search_query=golang+uintptr+vs+unsafe+tamil,https://youtube.com/results?search_query=golang+uintptr+vs+unsafe+telugu
Go,Advanced,How does Go implement custom loggers and structured logging?,Logging,Structured logging,Log levels,A,"Implement log.Logger interface; use log/slog (Go 1.21+) or third-party libraries for structured logging",Logging,https://pkg.go.dev/log,https://youtube.com/results?search_query=golang+custom+logging,https://youtube.com/results?search_query=golang+custom+logging+hindi,https://youtube.com/results?search_query=golang+custom+logging+kannada,https://youtube.com/results?search_query=golang+custom+logging+tamil,https://youtube.com/results?search_query=golang+custom+logging+telugu
Go,Advanced,What are Go build modes and their use cases?,Build modes,Shared libraries,C archives,A,"Build modes: exe (default), shared, c-archive, c-shared, plugin for different output formats",Build,https://golang.org/cmd/go/#hdr-Build_modes,https://youtube.com/results?search_query=golang+build+modes,https://youtube.com/results?search_query=golang+build+modes+hindi,https://youtube.com/results?search_query=golang+build+modes+kannada,https://youtube.com/results?search_query=golang+build+modes+tamil,https://youtube.com/results?search_query=golang+build+modes+telugu
Go,Advanced,How does Go implement bloom filters and probabilistic data structures?,Bloom filters,Probabilistic data structures,Membership testing,A,"Implement bloom filter using bit array and hash functions; probabilistic membership test",Algorithms,https://github.com/bits-and-blooms/bloom,https://youtube.com/results?search_query=golang+bloom+filters,https://youtube.com/results?search_query=golang+bloom+filters+hindi,https://youtube.com/results?search_query=golang+bloom+filters+kannada,https://youtube.com/results?search_query=golang+bloom+filters+tamil,https://youtube.com/results?search_query=golang+bloom+filters+telugu
Go,Advanced,What is the difference between b.N in benchmarks and actual performance?,Benchmarking,Performance testing,Microbenchmarks,A,"b.N adjusted by testing framework; measure actual performance with realistic workloads",Testing,https://pkg.go.dev/testing#hdr-Benchmarks,https://youtube.com/results?search_query=golang+benchmark+b.N,https://youtube.com/results?search_query=golang+benchmark+b.N+hindi,https://youtube.com/results?search_query=golang+benchmark+b.N+kannada,https://youtube.com/results?search_query=golang+benchmark+b.N+tamil,https://youtube.com/results?search_query=golang+benchmark+b.N+telugu
Go,Advanced,How does Go implement circuit breaker pattern for resilience?,Circuit breaker,Resilience,Fault tolerance,A,"Implement circuit breaker with three states: closed, open, half-open; using time and error counters",Patterns,https://github.com/sony/gobreaker,https://youtube.com/results?search_query=golang+circuit+breaker,https://youtube.com/results?search_query=golang+circuit+breaker+hindi,https://youtube.com/results?search_query=golang+circuit+breaker+kannada,https://youtube.com/results?search_query=golang+circuit+breaker+tamil,https://youtube.com/results?search_query=golang+circuit+breaker+telugu
Go,Advanced,What are Go memory models and happens-before guarantees?,Memory model,Concurrency,Happens-before,A,"Go memory model specifies conditions under which reads observe writes in concurrent programs",Concurrency,https://go.dev/ref/mem,https://youtube.com/results?search_query=golang+memory+model,https://youtube.com/results?search_query=golang+memory+model+hindi,https://youtube.com/results?search_query=golang+memory+model+kannada,https://youtube.com/results?search_query=golang+memory+model+tamil,https://youtube.com/results?search_query=golang+memory+model+telugu
Go,Advanced,How does Go implement LRU cache and eviction policies?,LRU cache,Eviction policies,Caching,A,"Implement LRU with map + doubly linked list; container/list or custom implementation",Data Structures,https://github.com/hashicorp/golang-lru,https://youtube.com/results?search_query=golang+lru+cache,https://youtube.com/results?search_query=golang+lru+cache+hindi,https://youtube.com/results?search_query=golang+lru+cache+kannada,https://youtube.com/results?search_query=golang+lru+cache+tamil,https://youtube.com/results?search_query=golang+lru+cache+telugu
Go,Advanced,What is the difference between go test and go test -race?,Testing,Race detection,Concurrency testing,A,"go test runs tests; -race flag enables race detector for concurrent code testing",Testing,https://go.dev/doc/articles/race_detector,https://youtube.com/results?search_query=golang+test+race,https://youtube.com/results?search_query=golang+test+race+hindi,https://youtube.com/results?search_query=golang+test+race+kannada,https://youtube.com/results?search_query=golang+test+race+tamil,https://youtube.com/results?search_query=golang+test+race+telugu
Go,Advanced,How does Go implement gRPC services and protocol buffers?,gRPC,Protocol buffers,RPC,Microservices,A,"Use protoc compiler with Go plugin; generate code from .proto files; implement gRPC server/client",RPC,https://grpc.io/docs/languages/go/,https://youtube.com/results?search_query=golang+grpc+protobuf,https://youtube.com/results?search_query=golang+grpc+protobuf+hindi,https://youtube.com/results?search_query=golang+grpc+protobuf+kannada,https://youtube.com/results?search_query=golang+grpc+protobuf+tamil,https://youtube.com/results?search_query=golang+grpc+protobuf+telugu
Go,Advanced,What are Go compiler intrinsics and builtin functions?,Intrinsics,Builtin functions,Compiler optimizations,A,"Compiler recognizes special functions for optimization: len, cap, make, new, copy, append, etc",Compilation,https://golang.org/ref/spec#Built-in_functions,https://youtube.com/results?search_query=golang+compiler+intrinsics,https://youtube.com/results?search_query=golang+compiler+intrinsics+hindi,https://youtube.com/results?search_query=golang+compiler+intrinsics+kannada,https://youtube.com/results?search_query=golang+compiler+intrinsics+tamil,https://youtube.com/results?search_query=golang+compiler+intrinsics+telugu
Go,Advanced,How does Go implement distributed tracing with OpenTelemetry?,Distributed tracing,OpenTelemetry,Observability,A,"Use OpenTelemetry SDK for traces, metrics, logs; instrument code with context propagation",Observability,https://opentelemetry.io/docs/instrumentation/go/,https://youtube.com/results?search_query=golang+opentelemetry+tracing,https://youtube.com/results?search_query=golang+opentelemetry+tracing+hindi,https://youtube.com/results?search_query=golang+opentelemetry+tracing+kannada,https://youtube.com/results?search_query=golang+opentelemetry+tracing+tamil,https://youtube.com/results?search_query=golang+opentelemetry+tracing+telugu
Go,Advanced,What is the difference between sync/atomic and compare-and-swap?,Atomic operations,CAS,Lock-free algorithms,A,"Compare-and-swap (CAS) atomic operation; fundamental for lock-free data structure implementation",Concurrency,https://pkg.go.dev/sync/atomic#CompareAndSwapInt64,https://youtube.com/results?search_query=golang+cas+atomic,https://youtube.com/results?search_query=golang+cas+atomic+hindi,https://youtube.com/results?search_query=golang+cas+atomic+kannada,https://youtube.com/results?search_query=golang+cas+atomic+tamil,https://youtube.com/results?search_query=golang+cas+atomic+telugu
Go,Advanced,How does Go implement custom unmarshaling for XML?,XML,Unmarshal,Decoding,Interfaces,A,"Implement xml.Unmarshaler interface with UnmarshalXML() method for custom XML parsing",Serialization,https://pkg.go.dev/encoding/xml,https://youtube.com/results?search_query=golang+xml+unmarshaling,https://youtube.com/results?search_query=golang+xml+unmarshaling+hindi,https://youtube.com/results?search_query=golang+xml+unmarshaling+kannada,https://youtube.com/results?search_query=golang+xml+unmarshaling+tamil,https://youtube.com/results?search_query=golang+xml+unmarshaling+telugu
Go,Advanced,What are Go profile-guided optimizations (PGO)?,PGO,Optimization,Profiling,Compiler,A,"Profile-guided optimization uses runtime profiles to guide compiler optimizations (Go 1.20+)",Performance,https://go.dev/doc/pgo,https://youtube.com/results?search_query=golang+pgo+optimization,https://youtube.com/results?search_query=golang+pgo+optimization+hindi,https://youtube.com/results?search_query=golang+pgo+optimization+kannada,https://youtube.com/results?search_query=golang+pgo+optimization+tamil,https://youtube.com/results?search_query=golang+pgo+optimization+telugu
Go,Advanced,How does Go implement content negotiation for HTTP APIs?,Content negotiation,HTTP APIs,Accept header,A,"Parse Accept, Content-Type headers; use struct tags with encoding packages for format negotiation",Web,https://pkg.go.dev/net/http,https://youtube.com/results?search_query=golang+content+negotiation,https://youtube.com/results?search_query=golang+content+negotiation+hindi,https://youtube.com/results?search_query=golang+content+negotiation+kannada,https://youtube.com/results?search_query=golang+content+negotiation+tamil,https://youtube.com/results?search_query=golang+content+negotiation+telugu
Go,Advanced,What is the difference between slice capacity and length?,Slices,Capacity,Length,Memory allocation,A,"Length: number of elements; Capacity: total allocated space; append may reallocate if capacity exceeded",Data Structures,https://go.dev/blog/slices-intro,https://youtube.com/results?search_query=golang+slice+capacity+length,https://youtube.com/results?search_query=golang+slice+capacity+length+hindi,https://youtube.com/results?search_query=golang+slice+capacity+length+kannada,https://youtube.com/results?search_query=golang+slice+capacity+length+tamil,https://youtube.com/results?search_query=golang+slice+capacity+length+telugu
Go,Advanced,How does Go implement consistent hashing for distributed systems?,Consistent hashing,Distributed systems,Sharding,A,"Implement consistent hashing ring with virtual nodes for minimal redistribution on node changes",Algorithms,https://github.com/golang/groupcache,https://youtube.com/results?search_query=golang+consistent+hashing,https://youtube.com/results?search_query=golang+consistent+hashing+hindi,https://youtube.com/results?search_query=golang+consistent+hashing+kannada,https://youtube.com/results?search_query=golang+consistent+hashing+tamil,https://youtube.com/results?search_query=golang+consistent+hashing+telugu
Go,Advanced,What are Go compiler phases and their execution order?,Compiler phases,Parsing,Type checking,Code generation,A,"Lexing → Parsing → Type checking → IR generation → Optimization → Code generation → Linking",Compilation,https://go.dev/src/cmd/compile/README,https://youtube.com/results?search_query=golang+compiler+phases,https://youtube.com/results?search_query=golang+compiler+phases+hindi,https://youtube.com/results?search_query=golang+compiler+phases+kannada,https://youtube.com/results?search_query=golang+compiler+phases+tamil,https://youtube.com/results?search_query=golang+compiler+phases+telugu
Go,Advanced,How does Go implement request coalescing and deduplication?,Request coalescing,Deduplication,Caching,A,"Use sync.Once or singleflight package to deduplicate concurrent identical requests",Patterns,https://pkg.go.dev/golang.org/x/sync/singleflight,https://youtube.com/results?search_query=golang+request+coalescing,https://youtube.com/results?search_query=golang+request+coalescing+hindi,https://youtube.com/results?search_query=golang+request+coalescing+kannada,https://youtube.com/results?search_query=golang+request+coalescing+tamil,https://youtube.com/results?search_query=golang+request+coalescing+telugu
Go,Advanced,What is the difference between cgo and pure Go implementations?,Cgo,Foreign function interface,Performance,A,"cgo calls C code from Go; pure Go avoids cgo overhead and cross-compilation issues",Interop,https://pkg.go.dev/cmd/cgo,https://youtube.com/results?search_query=golang+cgo+vs+pure,https://youtube.com/results?search_query=golang+cgo+vs+pure+hindi,https://youtube.com/results?search_query=golang+cgo+vs+pure+kannada,https://youtube.com/results?search_query=golang+cgo+vs+pure+tamil,https://youtube.com/results?search_query=golang+cgo+vs+pure+telugu
Go,Advanced,How does Go implement job queues with worker pools?,Job queues,Worker pools,Concurrency patterns,A,"Use buffered channel as job queue; worker goroutines process jobs from channel",Patterns,https://github.com/golang/go/wiki/CommonMistakes#using-goroutines-on-loop-iterator-variables,https://youtube.com/results?search_query=golang+worker+pools,https://youtube.com/results?search_query=golang+worker+pools+hindi,https://youtube.com/results?search_query=golang+worker+pools+kannada,https://youtube.com/results?search_query=golang+worker+pools+tamil,https://youtube.com/results?search_query=golang+worker+pools+telugu
Go,Advanced,What are Go execution modes and their security implications?,Execution modes,Position independent code,ASLR,A,"PIE mode for ASLR; default builds position-dependent; -buildmode=pie for position-independent",Security,https://go.dev/src/cmd/go/internal/work/security.go,https://youtube.com/results?search_query=golang+execution+modes+security,https://youtube.com/results?search_query=golang+execution+modes+security+hindi,https://youtube.com/results?search_query=golang+execution+modes+security+kannada,https://youtube.com/results?search_query=golang+execution+modes+security+tamil,https://youtube.com/results?search_query=golang+execution+modes+security+telugu
Go,Advanced,How does Go implement binary tree serialization and deserialization?,Binary trees,Serialization,Tree algorithms,A,"Use pre-order traversal with marker for nil nodes; or BFS with queue for level-order",Data Structures,https://leetcode.com/problems/serialize-and-deserialize-binary-tree/,https://youtube.com/results?search_query=golang+binary+tree+serialization,https://youtube.com/results?search_query=golang+binary+tree+serialization+hindi,https://youtube.com/results?search_query=golang+binary+tree+serialization+kannada,https://youtube.com/results?search_query=golang+binary+tree+serialization+tamil,https://youtube.com/results?search_query=golang+binary+tree+serialization+telugu
Go,Advanced,What is the difference between error wrapping and error chaining?,Error handling,Wrapping,Chaining,Stack traces,A,"Wrapping adds context to errors (fmt.Errorf with %w); chaining creates error chains for causality",Error Handling,https://go.dev/blog/go1.13-errors,https://youtube.com/results?search_query=golang+error+wrapping+chaining,https://youtube.com/results?search_query=golang+error+wrapping+chaining+hindi,https://youtube.com/results?search_query=golang+error+wrapping+chaining+kannada,https://youtube.com/results?search_query=golang+error+wrapping+chaining+tamil,https://youtube.com/results?search_query=golang+error+wrapping+chaining+telugu
Go,Advanced,How does Go implement A/B testing and feature flags?,A/B testing,Feature flags,Configuration,A,"Use configuration management with conditional logic; or dedicated feature flag libraries",Patterns,https://github.com/antifuchs/governor,https://youtube.com/results?search_query=golang+ab+testing+feature+flags,https://youtube.com/results?search_query=golang+ab+testing+feature+flags+hindi,https://youtube.com/results?search_query=golang+ab+testing+feature+flags+kannada,https://youtube.com/results?search_query=golang+ab+testing+feature+flags+tamil,https://youtube.com/results?search_query=golang+ab+testing+feature+flags+telugu
Go,Advanced,What are Go runtime metrics and their monitoring?,Runtime metrics,Monitoring,Observability,A,"runtime/metrics package provides Go runtime metrics; export via Prometheus or monitoring systems",Observability,https://pkg.go.dev/runtime/metrics,https://youtube.com/results?search_query=golang+runtime+metrics,https://youtube.com/results?search_query=golang+runtime+metrics+hindi,https://youtube.com/results?search_query=golang+runtime+metrics+kannada,https://youtube.com/results?search_query=golang+runtime+metrics+tamil,https://youtube.com/results?search_query=golang+runtime+metrics+telugu
Go,Advanced,How does Go implement custom sort with multiple criteria?,Sorting,Multiple criteria,Comparison functions,A,"Implement sort.Interface with Less() comparing multiple fields; or use sort.Slice with custom function",Algorithms,https://pkg.go.dev/sort,https://youtube.com/results?search_query=golang+multi+criteria+sort,https://youtube.com/results?search_query=golang+multi+criteria+sort+hindi,https://youtube.com/results?search_query=golang+multi+criteria+sort+kannada,https://youtube.com/results?search_query=golang+multi+criteria+sort+tamil,https://youtube.com/results?search_query=golang+multi+criteria+sort+telugu
Go,Advanced,What is the difference between Go 1.18 and earlier error handling?,Error handling,Go 1.18,Error wrapping,A,"Go 1.13+ introduced error wrapping with %w and errors.Is/As; earlier versions used basic error strings",Error Handling,https://go.dev/blog/go1.13-errors,https://youtube.com/results?search_query=golang+1.18+error+handling,https://youtube.com/results?search_query=golang+1.18+error+handling+hindi,https://youtube.com/results?search_query=golang+1.18+error+handling+kannada,https://youtube.com/results?search_query=golang+1.18+error+handling+tamil,https://youtube.com/results?search_query=golang+1.18+error+handling+telugu
Go,Advanced,How does Go implement binary search tree operations?,Binary search trees,Algorithms,Tree traversal,A,"Implement BST with insert, search, delete operations; recursive or iterative approaches",Data Structures,https://pkg.go.dev/golang.org/x/exp/constraints,https://youtube.com/results?search_query=golang+binary+search+tree,https://youtube.com/results?search_query=golang+binary+search+tree+hindi,https://youtube.com/results?search_query=golang+binary+search+tree+kannada,https://youtube.com/results?search_query=golang+binary+search+tree+tamil,https://youtube.com/results?search_query=golang+binary+search+tree+telugu
Go,Advanced,What are Go memory barriers and their concurrency implications?,Memory barriers,Memory ordering,Concurrency,A,"Compiler and CPU reordering constraints; sync/atomic operations provide memory barrier semantics",Concurrency,https://go.dev/ref/mem,https://youtube.com/results?search_query=golang+memory+barriers,https://youtube.com/results?search_query=golang+memory+barriers+hindi,https://youtube.com/results?search_query=golang+memory+barriers+kannada,https://youtube.com/results?search_query=golang+memory+barriers+tamil,https://youtube.com/results?search_query=golang+memory+barriers+telugu
Go,Advanced,How does Go implement custom HTTP/2 push notifications?,HTTP/2 push,Server push,Performance optimization,A,"Use http.Pusher interface in HTTP/2 servers to push resources before client requests them",Web,https://pkg.go.dev/net/http,https://youtube.com/results?search_query=golang+http2+push,https://youtube.com/results?search_query=golang+http2+push+hindi,https://youtube.com/results?search_query=golang+http2+push+kannada,https://youtube.com/results?search_query=golang+http2+push+tamil,https://youtube.com/results?search_query=golang+http2+push+telugu
Go,Advanced,What is the difference between sync.Cond and channel-based broadcast?,Condition variables,Broadcast,Signaling,A,"sync.Cond efficient for broadcasting to many goroutines; channels better for point-to-point",Concurrency,https://pkg.go.dev/sync#Cond,https://youtube.com/results?search_query=golang+cond+broadcast+channels,https://youtube.com/results?search_query=golang+cond+broadcast+channels+hindi,https://youtube.com/results?search_query=golang+cond+broadcast+channels+kannada,https://youtube.com/results?search_query=golang+cond+broadcast+channels+tamil,https://youtube.com/results?search_query=golang+cond+broadcast+channels+telugu
Go,Advanced,How does Go implement Merkle trees for data verification?,Merkle trees,Hash trees,Data verification,A,"Implement binary tree where each node's hash derived from children; used in blockchain, distributed systems",Algorithms,https://github.com/cbergoon/merkletree,https://youtube.com/results?search_query=golang+merkle+trees,https://youtube.com/results?search_query=golang+merkle+trees+hindi,https://youtube.com/results?search_query=golang+merkle+trees+kannada,https://youtube.com/results?search_query=golang+merkle+trees+tamil,https://youtube.com/results?search_query=golang+merkle+trees+telugu
Go,Advanced,What are Go compiler backend optimizations and SSA?,Compiler optimizations,SSA,Intermediate representation,A,"Go compiler uses SSA (Static Single Assignment) form for optimizations: dead code elimination, constant propagation",Compilation,https://go.dev/src/cmd/compile/README,https://youtube.com/results?search_query=golang+ssa+optimizations,https://youtube.com/results?search_query=golang+ssa+optimizations+hindi,https://youtube.com/results?search_query=golang+ssa+optimizations+kannada,https://youtube.com/results?search_query=golang+ssa+optimizations+tamil,https://youtube.com/results?search_query=golang+ssa+optimizations+telugu
Go,Advanced,How does Go implement retry logic with exponential backoff?,Retry logic,Exponential backoff,Resilience,A,"Implement retry with increasing delays: time.Sleep with exponential backoff and jitter",Patterns,https://github.com/cenkalti/backoff,https://youtube.com/results?search_query=golang+retry+exponential+backoff,https://youtube.com/results?search_query=golang+retry+exponential+backoff+hindi,https://youtube.com/results?search_query=golang+retry+exponential+backoff+kannada,https://youtube.com/results?search_query=golang+retry+exponential+backoff+tamil,https://youtube.com/results?search_query=golang+retry+exponential+backoff+telugu
Go,Advanced,What is the difference between sync.Once and init() for initialization?,Initialization,Sync.Once,Singleton,A,"sync.Once lazy initialization at runtime; init() package initialization at import time",Concurrency,https://pkg.go.dev/sync#Once,https://youtube.com/results?search_query=golang+sync+once+vs+init,https://youtube.com/results?search_query=golang+sync+once+vs+init+hindi,https://youtube.com/results?search_query=golang+sync+once+vs+init+kannada,https://youtube.com/results?search_query=golang+sync+once+vs+init+tamil,https://youtube.com/results?search_query=golang+sync+once+vs+init+telugu
Go,Advanced,How does Go implement concurrent map-reduce patterns?,Map-reduce,Concurrency patterns,Parallel processing,A,"Use goroutines for parallel map phase; channel or sync.WaitGroup for reduce/collect phase",Patterns,https://blog.golang.org/pipelines,https://youtube.com/results?search_query=golang+map+reduce+concurrent,https://youtube.com/results?search_query=golang+map+reduce+concurrent+hindi,https://youtube.com/results?search_query=golang+map+reduce+concurrent+kannada,https://youtube.com/results?search_query=golang+map+reduce+concurrent+tamil,https://youtube.com/results?search_query=golang+map+reduce+concurrent+telugu