Go,Basic,What is Go programming language?,Go language,Golang,Google language,System programming,A,Go is an open-source programming language created by Google for building simple, reliable, and efficient software.,Introduction,https://golang.org/,https://youtube.com/results?search_query=what+is+go+language,https://youtube.com/results?search_query=what+is+go+language+hindi,https://youtube.com/results?search_query=what+is+go+language+kannada,https://youtube.com/results?search_query=what+is+go+language+tamil,https://youtube.com/results?search_query=what+is+go+language+telugu
Go,Basic,How do you install Go?,Go installation,Setup Go,Install Golang,A,Download from golang.org and follow installation instructions for your OS.,Installation,https://golang.org/doc/install,https://youtube.com/results?search_query=install+go+language,https://youtube.com/results?search_query=install+go+language+hindi,https://youtube.com/results?search_query=install+go+language+kannada,https://youtube.com/results?search_query=install+go+language+tamil,https://youtube.com/results?search_query=install+go+language+telugu
Go,Basic,How do you check Go version?,Version check,Go version,System check,A,Run 'go version' in terminal.,Version Check,https://golang.org/doc/install,https://youtube.com/results?search_query=go+version+check,https://youtube.com/results?search_query=go+version+check+hindi,https://youtube.com/results?search_query=go+version+check+kannada,https://youtube.com/results?search_query=go+version+check+tamil,https://youtube.com/results?search_query=go+version+check+telugu
Go,Basic,What is the basic structure of a Go program?,Program structure,Main package,Go program,A,package main, import statements, func main() { }.,Program Structure,https://golang.org/doc/effective_go,https://youtube.com/results?search_query=go+program+structure,https://youtube.com/results?search_query=go+program+structure+hindi,https://youtube.com/results?search_query=go+program+structure+kannada,https://youtube.com/results?search_query=go+program+structure+tamil,https://youtube.com/results?search_query=go+program+structure+telugu
Go,Basic,How do you write Hello World in Go?,Hello World,First program,Basic program,A,package main; import "fmt"; func main() { fmt.Println("Hello, World!") },Hello World,https://golang.org/doc/tutorial/getting-started,https://youtube.com/results?search_query=go+hello+world,https://youtube.com/results?search_query=go+hello+world+hindi,https://youtube.com/results?search_query=go+hello+world+kannada,https://youtube.com/results?search_query=go+hello+world+tamil,https://youtube.com/results?search_query=go+hello+world+telugu
Go,Basic,What is a package in Go?,Package,Code organization,Module,A,Collection of Go source files in same directory that compile together.,Packages,https://golang.org/doc/effective_go#names,https://youtube.com/results?search_query=go+packages,https://youtube.com/results?search_query=go+packages+hindi,https://youtube.com/results?search_query=go+packages+kannada,https://youtube.com/results?search_query=go+packages+tamil,https://youtube.com/results?search_query=go+packages+telugu
Go,Basic,What is the main package in Go?,Main package,Entry point,Program start,A,Special package that defines executable program starting point.,Main Package,https://golang.org/doc/effective_go,https://youtube.com/results?search_query=go+main+package,https://youtube.com/results?search_query=go+main+package+hindi,https://youtube.com/results?search_query=go+main+package+kannada,https://youtube.com/results?search_query=go+main+package+tamil,https://youtube.com/results?search_query=go+main+package+telugu
Go,Basic,What is the fmt package in Go?,Format package,Input output,Printing,A,Standard library package for formatted I/O operations.,fmt Package,https://pkg.go.dev/fmt,https://youtube.com/results?search_query=go+fmt+package,https://youtube.com/results?search_query=go+fmt+package+hindi,https://youtube.com/results?search_query=go+fmt+package+kannada,https://youtube.com/results?search_query=go+fmt+package+tamil,https://youtube.com/results?search_query=go+fmt+package+telugu
Go,Basic,How do you print to console in Go?,Print output,Console output,Printing,A,Use fmt.Println() or fmt.Print() or fmt.Printf().,Printing,https://pkg.go.dev/fmt,https://youtube.com/results?search_query=go+print+to+console,https://youtube.com/results?search_query=go+print+to+console+hindi,https://youtube.com/results?search_query=go+print+to+console+kannada,https://youtube.com/results?search_query=go+print+to+console+tamil,https://youtube.com/results?search_query=go+print+to+console+telugu
Go,Basic,What is the difference between Print, Println, and Printf?,Print functions,Output methods,Formatting,A,Print() prints without newline, Println() adds newline, Printf() formats output.,Print Functions,https://pkg.go.dev/fmt,https://youtube.com/results?search_query=go+print+println+printf,https://youtube.com/results?search_query=go+print+println+printf+hindi,https://youtube.com/results?search_query=go+print+println+printf+kannada,https://youtube.com/results?search_query=go+print+println+printf+tamil,https://youtube.com/results?search_query=go+print+println+printf+telugu
Go,Basic,How do you declare variables in Go?,Variable declaration,Var keyword,Variables,A,var name type = value or name := value (short declaration).,Variables,https://golang.org/ref/spec#Variable_declarations,https://youtube.com/results?search_query=go+declare+variables,https://youtube.com/results?search_query=go+declare+variables+hindi,https://youtube.com/results?search_query=go+declare+variables+kannada,https://youtube.com/results?search_query=go+declare+variables+tamil,https://youtube.com/results?search_query=go+declare+variables+telugu
Go,Basic,What are Go's basic data types?,Data types,Primitive types,Type system,A,int, float64, string, bool, etc.,Data Types,https://golang.org/ref/spec#Types,https://youtube.com/results?search_query=go+data+types,https://youtube.com/results?search_query=go+data+types+hindi,https://youtube.com/results?search_query=go+data+types+kannada,https://youtube.com/results?search_query=go+data+types+tamil,https://youtube.com/results?search_query=go+data+types+telugu
Go,Basic,What is the zero value in Go?,Zero values,Default values,Uninitialized,A,Default value when variable is declared but not initialized.,Zero Values,https://golang.org/ref/spec#The_zero_value,https://youtube.com/results?search_query=go+zero+values,https://youtube.com/results?search_query=go+zero+values+hindi,https://youtube.com/results?search_query=go+zero+values+kannada,https://youtube.com/results?search_query=go+zero+values+tamil,https://youtube.com/results?search_query=go+zero+values+telugu
Go,Basic,How do you declare constants in Go?,Constants,Fixed values,Immutable,A,const name = value or const name type = value.,Constants,https://golang.org/ref/spec#Constant_declarations,https://youtube.com/results?search_query=go+constants,https://youtube.com/results?search_query=go+constants+hindi,https://youtube.com/results?search_query=go+constants+kannada,https://youtube.com/results?search_query=go+constants+tamil,https://youtube.com/results?search_query=go+constants+telugu
Go,Basic,How do you write comments in Go?,Comments,Code documentation,Notes,A,Single-line: // comment, Multi-line: /* comment */,Comments,https://golang.org/doc/effective_go#commentary,https://youtube.com/results?search_query=go+comments,https://youtube.com/results?search_query=go+comments+hindi,https://youtube.com/results?search_query=go+comments+kannada,https://youtube.com/results?search_query=go+comments+tamil,https://youtube.com/results?search_query=go+comments+telugu
Go,Basic,What are operators in Go?,Operators,Math operations,Comparison,A,Arithmetic: + - * / %, Comparison: == != < > <= >=, Logical: && || !,Operators,https://golang.org/ref/spec#Operators,https://youtube.com/results?search_query=go+operators,https://youtube.com/results?search_query=go+operators+hindi,https://youtube.com/results?search_query=go+operators+kannada,https://youtube.com/results?search_query=go+operators+tamil,https://youtube.com/results?search_query=go+operators+telugu
Go,Basic,How do you write if statement in Go?,Conditional,If else,Control flow,A,if condition { } else if condition { } else { },If Statement,https://golang.org/ref/spec#If_statements,https://youtube.com/results?search_query=go+if+statement,https://youtube.com/results?search_query=go+if+statement+hindi,https://youtube.com/results?search_query=go+if+statement+kannada,https://youtube.com/results?search_query=go+if+statement+tamil,https://youtube.com/results?search_query=go+if+statement+telugu
Go,Basic,How do you write for loop in Go?,Loops,Iteration,Repetition,A,for initialization; condition; post { } or for condition { } or for { } (infinite).,For Loop,https://golang.org/ref/spec#For_statements,https://youtube.com/results?search_query=go+for+loop,https://youtube.com/results?search_query=go+for+loop+hindi,https://youtube.com/results?search_query=go+for+loop+kannada,https://youtube.com/results?search_query=go+for+loop+tamil,https://youtube.com/results?search_query=go+for+loop+telugu
Go,Basic,How do you write switch statement in Go?,Switch,Multiple conditions,Case selection,A,switch expression { case value1:, case value2:, default: },Switch Statement,https://golang.org/ref/spec#Switch_statements,https://youtube.com/results?search_query=go+switch+statement,https://youtube.com/results?search_query=go+switch+statement+hindi,https://youtube.com/results?search_query=go+switch+statement+kannada,https://youtube.com/results?search_query=go+switch+statement+tamil,https://youtube.com/results?search_query=go+switch+statement+telugu
Go,Basic,How do you declare functions in Go?,Functions,Methods,Code blocks,A,func functionName(parameters) returnType { // code },Functions,https://golang.org/ref/spec#Function_declarations,https://youtube.com/results?search_query=go+functions,https://youtube.com/results?search_query=go+functions+hindi,https://youtube.com/results?search_query=go+functions+kannada,https://youtube.com/results?search_query=go+functions+tamil,https://youtube.com/results?search_query=go+functions+telugu
Go,Basic,How do you return values from functions?,Return values,Function output,Results,A,return value or return value1, value2 (multiple returns).,Return Values,https://golang.org/ref/spec#Return_statements,https://youtube.com/results?search_query=go+return+values,https://youtube.com/results?search_query=go+return+values+hindi,https://youtube.com/results?search_query=go+return+values+kannada,https://youtube.com/results?search_query=go+return+values+tamil,https://youtube.com/results?search_query=go+return+values+telugu
Go,Basic,What are multiple return values in Go?,Multiple returns,Multiple values,Tuple returns,A,Functions can return multiple values: func f() (int, string) { return 1, "hello" },Multiple Returns,https://golang.org/doc/effective_go#multiple-returns,https://youtube.com/results?search_query=go+multiple+returns,https://youtube.com/results?search_query=go+multiple+returns+hindi,https://youtube.com/results?search_query=go+multiple+returns+kannada,https://youtube.com/results?search_query=go+multiple+returns+tamil,https://youtube.com/results?search_query=go+multiple+returns+telugu
Go,Basic,How do you handle errors in Go?,Error handling,Error checking,Panic,A,Functions return error as last value, check if err != nil.,Error Handling,https://golang.org/doc/effective_go#errors,https://youtube.com/results?search_query=go+error+handling,https://youtube.com/results?search_query=go+error+handling+hindi,https://youtube.com/results?search_query=go+error+handling+kannada,https://youtube.com/results?search_query=go+error+handling+tamil,https://youtube.com/results?search_query=go+error+handling+telugu
Go,Basic,What is defer in Go?,Defer statement,Delayed execution,Cleanup,A,defers execution of function until surrounding function returns.,Defer,https://golang.org/doc/effective_go#defer,https://youtube.com/results?search_query=go+defer,https://youtube.com/results?search_query=go+defer+hindi,https://youtube.com/results?search_query=go+defer+kannada,https://youtube.com/results?search_query=go+defer+tamil,https://youtube.com/results?search_query=go+defer+telugu
Go,Basic,What are arrays in Go?,Arrays,Fixed size,Collection,A,Fixed-size collection: var arr [5]int,Arrays,https://golang.org/ref/spec#Array_types,https://youtube.com/results?search_query=go+arrays,https://youtube.com/results?search_query=go+arrays+hindi,https://youtube.com/results?search_query=go+arrays+kannada,https://youtube.com/results?search_query=go+arrays+tamil,https://youtube.com/results?search_query=go+arrays+telugu
Go,Basic,What are slices in Go?,Slices,Dynamic arrays,Resizable,A,Dynamic, flexible view into arrays: []int{1, 2, 3} or make([]int, 5).,Slices,https://golang.org/ref/spec#Slice_types,https://youtube.com/results?search_query=go+slices,https://youtube.com/results?search_query=go+slices+hindi,https://youtube.com/results?search_query=go+slices+kannada,https://youtube.com/results?search_query=go+slices+tamil,https://youtube.com/results?search_query=go+slices+telugu
Go,Basic,What is the difference between array and slice?,Array vs slice,Fixed vs dynamic,Size comparison,A,Arrays have fixed size, slices are dynamic and reference arrays.,Array vs Slice,https://golang.org/doc/effective_go#arrays,https://youtube.com/results?search_query=go+array+vs+slice,https://youtube.com/results?search_query=go+array+vs+slice+hindi,https://youtube.com/results?search_query=go+array+vs+slice+kannada,https://youtube.com/results?search_query=go+array+vs+slice+tamil,https://youtube.com/results?search_query=go+array+vs+slice+telugu
Go,Basic,What are maps in Go?,Maps,Dictionaries,Hash tables,A,Key-value pairs: map[string]int{"a": 1, "b": 2}.,Maps,https://golang.org/ref/spec#Map_types,https://youtube.com/results?search_query=go+maps,https://youtube.com/results?search_query=go+maps+hindi,https://youtube.com/results?search_query=go+maps+kannada,https://youtube.com/results?search_query=go+maps+tamil,https://youtube.com/results?search_query=go+maps+telugu
Go,Basic,How do you iterate over arrays/slices/maps?,Iteration,Range loop,For range,A,for index, value := range slice { } or for key, value := range map { }.,Range Loop,https://golang.org/ref/spec#For_range,https://youtube.com/results?search_query=go+range+loop,https://youtube.com/results?search_query=go+range+loop+hindi,https://youtube.com/results?search_query=go+range+loop+kannada,https://youtube.com/results?search_query=go+range+loop+tamil,https://youtube.com/results?search_query=go+range+loop+telugu
Go,Basic,What are structs in Go?,Structs,Structures,Composite types,A,Collection of fields: type Person struct { Name string; Age int }.,Structs,https://golang.org/ref/spec#Struct_types,https://youtube.com/results?search_query=go+structs,https://youtube.com/results?search_query=go+structs+hindi,https://youtube.com/results?search_query=go+structs+kannada,https://youtube.com/results?search_query=go+structs+tamil,https://youtube.com/results?search_query=go+structs+telugu
Go,Basic,How do you create instances of structs?,Struct instances,Object creation,New struct,A,person := Person{Name: "John", Age: 30} or var person Person then set fields.,Struct Instances,https://golang.org/ref/spec#Struct_types,https://youtube.com/results?search_query=go+struct+instances,https://youtube.com/results?search_query=go+struct+instances+hindi,https://youtube.com/results?search_query=go+struct+instances+kannada,https://youtube.com/results?search_query=go+struct+instances+tamil,https://youtube.com/results?search_query=go+struct+instances+telugu
Go,Basic,What are pointers in Go?,Pointers,Memory addresses,References,A,Variables that store memory address: var p *int,Pointers,https://golang.org/ref/spec#Pointer_types,https://youtube.com/results?search_query=go+pointers,https://youtube.com/results?search_query=go+pointers+hindi,https://youtube.com/results?search_query=go+pointers+kannada,https://youtube.com/results?search_query=go+pointers+tamil,https://youtube.com/results?search_query=go+pointers+telugu
Go,Basic,How do you get address of variable?,Address operator,Memory address,& operator,A,&variable returns memory address of variable.,Address Operator,https://golang.org/ref/spec#Address_operators,https://youtube.com/results?search_query=go+address+operator,https://youtube.com/results?search_query=go+address+operator+hindi,https://youtube.com/results?search_query=go+address+operator+kannada,https://youtube.com/results?search_query=go+address+operator+tamil,https://youtube.com/results?search_query=go+address+operator+telugu
Go,Basic,How do you dereference pointers?,Dereference,Get value,* operator,A,*pointer returns value at memory address.,Dereference,https://golang.org/ref/spec#Address_operators,https://youtube.com/results?search_query=go+dereference+pointers,https://youtube.com/results?search_query=go+dereference+pointers+hindi,https://youtube.com/results?search_query=go+dereference+pointers+kannada,https://youtube.com/results?search_query=go+dereference+pointers+tamil,https://youtube.com/results?search_query=go+dereference+pointers+telugu
Go,Basic,What is new() function in Go?,New function,Pointer allocation,Memory allocation,A,new(Type) allocates memory, zeroes it, returns *Type.,new Function,https://golang.org/pkg/builtin/#new,https://youtube.com/results?search_query=go+new+function,https://youtube.com/results?search_query=go+new+function+hindi,https://youtube.com/results?search_query=go+new+function+kannada,https://youtube.com/results?search_query=go+new+function+tamil,https://youtube.com/results?search_query=go+new+function+telugu
Go,Basic,What is make() function in Go?,Make function,Slice map channel,Initialization,A,make(Type, size) creates slices, maps, channels (not for arrays/structs).,make Function,https://golang.org/pkg/builtin/#make,https://youtube.com/results?search_query=go+make+function,https://youtube.com/results?search_query=go+make+function+hindi,https://youtube.com/results?search_query=go+make+function+kannada,https://youtube.com/results?search_query=go+make+function+tamil,https://youtube.com/results?search_query=go+make+function+telugu
Go,Basic,What are interfaces in Go?,Interfaces,Method sets,Contracts,A,Collection of method signatures: type Shape interface { Area() float64 }.,Interfaces,https://golang.org/ref/spec#Interface_types,https://youtube.com/results?search_query=go+interfaces,https://youtube.com/results?search_query=go+interfaces+hindi,https://youtube.com/results?search_query=go+interfaces+kannada,https://youtube.com/results?search_query=go+interfaces+tamil,https://youtube.com/results?search_query=go+interfaces+telugu
Go,Basic,What is type assertion in Go?,Type assertion,Interface conversion,Type checking,A,Extracts concrete value from interface: value := interfaceVar.(Type).,Type Assertion,https://golang.org/ref/spec#Type_assertions,https://youtube.com/results?search_query=go+type+assertion,https://youtube.com/results?search_query=go+type+assertion+hindi,https://youtube.com/results?search_query=go+type+assertion+kannada,https://youtube.com/results?search_query=go+type+assertion+tamil,https://youtube.com/results?search_query=go+type+assertion+telugu
Go,Basic,What is type switch in Go?,Type switch,Type checking,Switch on type,A,switch v := i.(type) { case int:, case string:, default: }.,Type Switch,https://golang.org/ref/spec#Type_switches,https://youtube.com/results?search_query=go+type+switch,https://youtube.com/results?search_query=go+type+switch+hindi,https://youtube.com/results?search_query=go+type+switch+kannada,https://youtube.com/results?search_query=go+type+switch+tamil,https://youtube.com/results?search_query=go+type+switch+telugu
Go,Basic,What are goroutines in Go?,Goroutines,Concurrency,Lightweight threads,A,Lightweight threads managed by Go runtime: go functionName().,Goroutines,https://golang.org/doc/effective_go#goroutines,https://youtube.com/results?search_query=go+goroutines,https://youtube.com/results?search_query=go+goroutines+hindi,https://youtube.com/results?search_query=go+goroutines+kannada,https://youtube.com/results?search_query=go+goroutines+tamil,https://youtube.com/results?search_query=go+goroutines+telugu
Go,Basic,What are channels in Go?,Channels,Communication,Goroutine communication,A,Typed conduits for goroutine communication: ch := make(chan int).,Channels,https://golang.org/ref/spec#Channel_types,https://youtube.com/results?search_query=go+channels,https://youtube.com/results?search_query=go+channels+hindi,https://youtube.com/results?search_query=go+channels+kannada,https://youtube.com/results?search_query=go+channels+tamil,https://youtube.com/results?search_query=go+channels+telugu
Go,Basic,How do you send and receive on channels?,Channel operations,Send receive,Communication,A,Send: ch <- value, Receive: value := <-ch.,Channel Operations,https://golang.org/ref/spec#Send_statements,https://youtube.com/results?search_query=go+channel+operations,https://youtube.com/results?search_query=go+channel+operations+hindi,https://youtube.com/results?search_query=go+channel+operations+kannada,https://youtube.com/results?search_query=go+channel+operations+tamil,https://youtube.com/results?search_query=go+channel+operations+telugu
Go,Basic,What is select statement in Go?,Select statement,Multiple channels,Channel selection,A,Waits on multiple channel operations: select { case <-ch1:, case ch2 <- value: }.,Select Statement,https://golang.org/ref/spec#Select_statements,https://youtube.com/results?search_query=go+select+statement,https://youtube.com/results?search_query=go+select+statement+hindi,https://youtube.com/results?search_query=go+select+statement+kannada,https://youtube.com/results?search_query=go+select+statement+tamil,https://youtube.com/results?search_query=go+select+statement+telugu
Go,Basic,What is the go.mod file?,Module file,Dependency management,Project configuration,A,Defines module path and dependencies.,go.mod File,https://golang.org/ref/mod#go-mod-file,https://youtube.com/results?search_query=go+mod+file,https://youtube.com/results?search_query=go+mod+file+hindi,https://youtube.com/results?search_query=go+mod+file+kannada,https://youtube.com/results?search_query=go+mod+file+tamil,https://youtube.com/results?search_query=go+mod+file+telugu
Go,Basic,How do you initialize a Go module?,Module initialization,go mod init,A,Run 'go mod init moduleName' in project directory.,Module Init,https://golang.org/doc/tutorial/create-module,https://youtube.com/results?search_query=go+mod+init,https://youtube.com/results?search_query=go+mod+init+hindi,https://youtube.com/results?search_query=go+mod+init+kannada,https://youtube.com/results?search_query=go+mod+init+tamil,https://youtube.com/results?search_query=go+mod+init+telugu
Go,Basic,How do you add dependencies in Go?,Dependencies,Package management,go get,A,Run 'go get packagePath' or edit go.mod and run 'go mod tidy'.,Add Dependencies,https://golang.org/doc/tutorial/getting-started,https://youtube.com/results?search_query=go+add+dependencies,https://youtube.com/results?search_query=go+add+dependencies+hindi,https://youtube.com/results?search_query=go+add+dependencies+kannada,https://youtube.com/results?search_query=go+add+dependencies+tamil,https://youtube.com/results?search_query=go+add+dependencies+telugu
Go,Basic,How do you run a Go program?,Run program,Execution,go run,A,'go run filename.go' compiles and runs program.,Run Program,https://golang.org/cmd/go/#hdr-Compile_and_run_Go_program,https://youtube.com/results?search_query=go+run+program,https://youtube.com/results?search_query=go+run+program+hindi,https://youtube.com/results?search_query=go+run+program+kannada,https://youtube.com/results?search_query=go+run+program+tamil,https://youtube.com/results?search_query=go+run+program+telugu
Go,Basic,How do you build a Go program?,Build program,Compilation,Executable,A,'go build' compiles package and dependencies, produces executable.,Build Program,https://golang.org/cmd/go/#hdr-Compile_packages_and_dependencies,https://youtube.com/results?search_query=go+build+program,https://youtube.com/results?search_query=go+build+program+hindi,https://youtube.com/results?search_query=go+build+program+kannada,https://youtube.com/results?search_query=go+build+program+tamil,https://youtube.com/results?search_query=go+build+program+telugu
Go,Basic,How do you install a Go program?,Install program,Global installation,Binary installation,A,'go install' compiles and installs package to $GOPATH/bin.,Install Program,https://golang.org/cmd/go/#hdr-Compile_and_install_packages_and_dependencies,https://youtube.com/results?search_query=go+install+program,https://youtube.com/results?search_query=go+install+program+hindi,https://youtube.com/results?search_query=go+install+program+kannada,https://youtube.com/results?search_query=go+install+program+tamil,https://youtube.com/results?search_query=go+install+program+telugu
Go,Basic,What is GOPATH in Go?,GOPATH,Workspace,Environment variable,A,Environment variable specifying workspace directory (pre-modules).,GOPATH,https://golang.org/doc/gopath_code,https://youtube.com/results?search_query=go+gopath,https://youtube.com/results?search_query=go+gopath+hindi,https://youtube.com/results?search_query=go+gopath+kannada,https://youtube.com/results?search_query=go+gopath+tamil,https://youtube.com/results?search_query=go+gopath+telugu
Go,Basic,What is GOROOT in Go?,GOROOT,Installation directory,Go root,A,Environment variable specifying Go installation directory.,GOROOT,https://golang.org/doc/install,https://youtube.com/results?search_query=go+goroot,https://youtube.com/results?search_query=go+goroot+hindi,https://youtube.com/results?search_query=go+goroot+kannada,https://youtube.com/results?search_query=go+goroot+tamil,https://youtube.com/results?search_query=go+goroot+telugu
Go,Basic,How do you format Go code?,Code formatting,go fmt,Style,A,'go fmt' formats source code in standard Go style.,Format Code,https://golang.org/cmd/gofmt/,https://youtube.com/results?search_query=go+fmt+format,https://youtube.com/results?search_query=go+fmt+format+hindi,https://youtube.com/results?search_query=go+fmt+format+kannada,https://youtube.com/results?search_query=go+fmt+format+tamil,https://youtube.com/results?search_query=go+fmt+format+telugu
Go,Basic,How do you vet Go code?,Code checking,go vet,Static analysis,A,'go vet' examines source code and reports suspicious constructs.,Vet Code,https://golang.org/cmd/vet/,https://youtube.com/results?search_query=go+vet,https://youtube.com/results?search_query=go+vet+hindi,https://youtube.com/results?search_query=go+vet+kannada,https://youtube.com/results?search_query=go+vet+tamil,https://youtube.com/results?search_query=go+vet+telugu
Go,Basic,What is testing in Go?,Unit testing,Test package,Testing,A,Use testing package: create *_test.go files with Test functions.,Testing,https://golang.org/pkg/testing/,https://youtube.com/results?search_query=go+testing,https://youtube.com/results?search_query=go+testing+hindi,https://youtube.com/results?search_query=go+testing+kannada,https://youtube.com/results?search_query=go+testing+tamil,https://youtube.com/results?search_query=go+testing+telugu
Go,Basic,How do you run tests in Go?,Run tests,Test execution,go test,A,'go test' runs tests in current directory.,Run Tests,https://golang.org/cmd/go/#hdr-Testing_flags,https://youtube.com/results?search_query=go+run+tests,https://youtube.com/results?search_query=go+run+tests+hindi,https://youtube.com/results?search_query=go+run+tests+kannada,https://youtube.com/results?search_query=go+run+tests+tamil,https://youtube.com/results?search_query=go+run+tests+telugu
Go,Basic,What are benchmarks in Go?,Benchmarking,Performance testing,Benchmark tests,A,Benchmark functions with Benchmark prefix: func BenchmarkName(b *testing.B).,Benchmarks,https://golang.org/pkg/testing/#hdr-Benchmarks,https://youtube.com/results?search_query=go+benchmarks,https://youtube.com/results?search_query=go+benchmarks+hindi,https://youtube.com/results?search_query=go+benchmarks+kannada,https://youtube.com/results?search_query=go+benchmarks+tamil,https://youtube.com/results?search_query=go+benchmarks+telugu
Go,Basic,What are examples in Go?,Example code,Documentation examples,Example tests,A,Example functions with Example prefix for documentation.,Examples,https://golang.org/pkg/testing/#hdr-Examples,https://youtube.com/results?search_query=go+examples,https://youtube.com/results?search_query=go+examples+hindi,https://youtube.com/results?search_query=go+examples+kannada,https://youtube.com/results?search_query=go+examples+tamil,https://youtube.com/results?search_query=go+examples+telugu
Go,Basic,What is panic in Go?,Panic,Runtime error,Program crash,A,panic("message") stops normal execution, begins panicking.,Panic,https://golang.org/pkg/builtin/#panic,https://youtube.com/results?search_query=go+panic,https://youtube.com/results?search_query=go+panic+hindi,https://youtube.com/results?search_query=go+panic+kannada,https://youtube.com/results?search_query=go+panic+tamil,https://youtube.com/results?search_query=go+panic+telugu
Go,Basic,What is recover in Go?,Recover,Panic recovery,Error recovery,A,recover() regains control of panicking goroutine.,Recover,https://golang.org/pkg/builtin/#recover,https://youtube.com/results?search_query=go+recover,https://youtube.com/results?search_query=go+recover+hindi,https://youtube.com/results?search_query=go+recover+kannada,https://youtube.com/results?search_query=go+recover+tamil,https://youtube.com/results?search_query=go+recover+telugu
Go,Basic,What are closures in Go?,Closures,Function literals,Anonymous functions,A,Anonymous functions that can access variables from enclosing scope.,Closures,https://golang.org/ref/spec#Function_literals,https://youtube.com/results?search_query=go+closures,https://youtube.com/results?search_query=go+closures+hindi,https://youtube.com/results?search_query=go+closures+kannada,https://youtube.com/results?search_query=go+closures+tamil,https://youtube.com/results?search_query=go+closures+telugu
Go,Basic,What are method receivers in Go?,Methods,Receiver functions,Struct methods,A,func (receiver Type) methodName() { } defines method on type.,Method Receivers,https://golang.org/ref/spec#Method_declarations,https://youtube.com/results?search_query=go+method+receivers,https://youtube.com/results?search_query=go+method+receivers+hindi,https://youtube.com/results?search_query=go+method+receivers+kannada,https://youtube.com/results?search_query=go+method+receivers+tamil,https://youtube.com/results?search_query=go+method+receivers+telugu
Go,Basic,What is value vs pointer receiver?,Value pointer receiver,Method types,Receiver types,A,Value receiver works on copy, pointer receiver works on original.,Value vs Pointer Receiver,https://golang.org/doc/effective_go#methods,https://youtube.com/results?search_query=go+value+pointer+receiver,https://youtube.com/results?search_query=go+value+pointer+receiver+hindi,https://youtube.com/results?search_query=go+value+pointer+receiver+kannada,https://youtube.com/results?search_query=go+value+pointer+receiver+tamil,https://youtube.com/results?search_query=go+value+pointer+receiver+telugu
Go,Basic,What are variadic functions in Go?,Variadic functions,Variable arguments,Multiple parameters,A,func sum(numbers ...int) int accepts variable number of arguments.,Variadic Functions,https://golang.org/ref/spec#Function_types,https://youtube.com/results?search_query=go+variadic+functions,https://youtube.com/results?search_query=go+variadic+functions+hindi,https://youtube.com/results?search_query=go+variadic+functions+kannada,https://youtube.com/results?search_query=go+variadic+functions+tamil,https://youtube.com/results?search_query=go+variadic+functions+telugu
Go,Basic,What is init() function in Go?,Init function,Package initialization,Startup,A,init() function automatically executes when package is initialized.,Init Function,https://golang.org/doc/effective_go#init,https://youtube.com/results?search_query=go+init+function,https://youtube.com/results?search_query=go+init+function+hindi,https://youtube.com/results?search_query=go+init+function+kannada,https://youtube.com/results?search_query=go+init+function+tamil,https://youtube.com/results?search_query=go+init+function+telugu
Go,Basic,What is blank identifier in Go?,Blank identifier,Ignore values,Underscore,A,_ used to ignore values: _, err := functionReturningValueAndError().,Blank Identifier,https://golang.org/doc/effective_go#blank,https://youtube.com/results?search_query=go+blank+identifier,https://youtube.com/results?search_query=go+blank+identifier+hindi,https://youtube.com/results?search_query=go+blank+identifier+kannada,https://youtube.com/results?search_query=go+blank+identifier+tamil,https://youtube.com/results?search_query=go+blank+identifier+telugu
Go,Basic,What is iota in Go?,Iota,Enumeration,Constant generator,A,iota generates successive integer constants: const ( A = iota, B, C ).,Iota,https://golang.org/ref/spec#Iota,https://youtube.com/results?search_query=go+iota,https://youtube.com/results?search_query=go+iota+hindi,https://youtube.com/results?search_query=go+iota+kannada,https://youtube.com/results?search_query=go+iota+tamil,https://youtube.com/results?search_query=go+iota+telugu
Go,Basic,What is type conversion in Go?,Type conversion,Casting,Type casting,A,Type(value) converts value to type: int(3.14) or string(65).,Type Conversion,https://golang.org/ref/spec#Conversions,https://youtube.com/results?search_query=go+type+conversion,https://youtube.com/results?search_query=go+type+conversion+hindi,https://youtube.com/results?search_query=go+type+conversion+kannada,https://youtube.com/results?search_query=go+type+conversion+tamil,https://youtube.com/results?search_query=go+type+conversion+telugu
Go,Basic,What is type alias in Go?,Type alias,Type definition,New name,A,type MyInt = int creates alias, type MyInt int creates new type.,Type Alias,https://golang.org/ref/spec#Type_declarations,https://youtube.com/results?search_query=go+type+alias,https://youtube.com/results?search_query=go+type+alias+hindi,https://youtube.com/results?search_query=go+type+alias+kannada,https://youtube.com/results?search_query=go+type+alias+tamil,https://youtube.com/results?search_query=go+type+alias+telugu
Go,Basic,What are string literals in Go?,String literals,Quoted strings,Text values,A,"double quotes" for interpreted strings, `backticks` for raw strings.,String Literals,https://golang.org/ref/spec#String_literals,https://youtube.com/results?search_query=go+string+literals,https://youtube.com/results?search_query=go+string+literals+hindi,https://youtube.com/results?search_query=go+string+literals+kannada,https://youtube.com/results?search_query=go+string+literals+tamil,https://youtube.com/results?search_query=go+string+literals+telugu
Go,Basic,How do you concatenate strings?,String concatenation,Join strings,Combine strings,A,Use + operator: "Hello" + " " + "World" or strings.Join().,String Concatenation,https://pkg.go.dev/strings,https://youtube.com/results?search_query=go+string+concatenation,https://youtube.com/results?search_query=go+string+concatenation+hindi,https://youtube.com/results?search_query=go+string+concatenation+kannada,https://youtube.com/results?search_query=go+string+concatenation+tamil,https://youtube.com/results?search_query=go+string+concatenation+telugu
Go,Basic,What is strings package in Go?,Strings package,String manipulation,Text processing,A,Standard library for string manipulation functions.,Strings Package,https://pkg.go.dev/strings,https://youtube.com/results?search_query=go+strings+package,https://youtube.com/results?search_query=go+strings+package+hindi,https://youtube.com/results?search_query=go+strings+package+kannada,https://youtube.com/results?search_query=go+strings+package+tamil,https://youtube.com/results?search_query=go+strings+package+telugu
Go,Basic,What is strconv package in Go?,String conversion,Parsing,Formatting,A,Standard library for string conversions: Atoi, Itoa, ParseFloat, etc.,Strconv Package,https://pkg.go.dev/strconv,https://youtube.com/results?search_query=go+strconv+package,https://youtube.com/results?search_query=go+strconv+package+hindi,https://youtube.com/results?search_query=go+strconv+package+kannada,https://youtube.com/results?search_query=go+strconv+package+tamil,https://youtube.com/results?search_query=go+strconv+package+telugu
Go,Basic,What is os package in Go?,OS package,Operating system,System interaction,A,Standard library for OS functionality: file operations, environment, etc.,OS Package,https://pkg.go.dev/os,https://youtube.com/results?search_query=go+os+package,https://youtube.com/results?search_query=go+os+package+hindi,https://youtube.com/results?search_query=go+os+package+kannada,https://youtube.com/results?search_query=go+os+package+tamil,https://youtube.com/results?search_query=go+os+package+telugu
Go,Basic,How do you read command line arguments?,Command line args,Program arguments,os.Args,A,os.Args slice contains command line arguments.,Command Line Arguments,https://golang.org/pkg/os/#Args,https://youtube.com/results?search_query=go+command+line+arguments,https://youtube.com/results?search_query=go+command+line+arguments+hindi,https://youtube.com/results?search_query=go+command+line+arguments+kannada,https://youtube.com/results?search_query=go+command+line+arguments+tamil,https://youtube.com/results?search_query=go+command+line+arguments+telugu
Go,Basic,How do you read environment variables?,Environment variables,System variables,os.Getenv,A,os.Getenv("VAR_NAME") gets environment variable value.,Environment Variables,https://golang.org/pkg/os/#Getenv,https://youtube.com/results?search_query=go+environment+variables,https://youtube.com/results?search_query=go+environment+variables+hindi,https://youtube.com/results?search_query=go+environment+variables+kannada,https://youtube.com/results?search_query=go+environment+variables+tamil,https://youtube.com/results?search_query=go+environment+variables+telugu
Go,Basic,What is file handling in Go?,File operations,Reading writing,File I/O,A,Use os.Open(), os.Create(), ioutil.ReadFile(), etc.,File Handling,https://golang.org/pkg/os/#Open,https://youtube.com/results?search_query=go+file+handling,https://youtube.com/results?search_query=go+file+handling+hindi,https://youtube.com/results?search_query=go+file+handling+kannada,https://youtube.com/results?search_query=go+file+handling+tamil,https://youtube.com/results?search_query=go+file+handling+telugu
Go,Basic,What is JSON handling in Go?,JSON,Data serialization,Encoding decoding,A,encoding/json package: json.Marshal() and json.Unmarshal().,JSON Handling,https://golang.org/pkg/encoding/json/,https://youtube.com/results?search_query=go+json+handling,https://youtube.com/results?search_query=go+json+handling+hindi,https://youtube.com/results?search_query=go+json+handling+kannada,https://youtube.com/results?search_query=go+json+handling+tamil,https://youtube.com/results?search_query=go+json+handling+telugu
Go,Basic,What is time package in Go?,Time package,Date time,Time operations,A,Standard library for time-related operations.,Time Package,https://golang.org/pkg/time/,https://youtube.com/results?search_query=go+time+package,https://youtube.com/results?search_query=go+time+package+hindi,https://youtube.com/results?search_query=go+time+package+kannada,https://youtube.com/results?search_query=go+time+package+tamil,https://youtube.com/results?search_query=go+time+package+telugu
Go,Basic,What is math package in Go?,Math package,Mathematics,Math functions,A,Standard library for mathematical constants and functions.,Math Package,https://golang.org/pkg/math/,https://youtube.com/results?search_query=go+math+package,https://youtube.com/results?search_query=go+math+package+hindi,https://youtube.com/results?search_query=go+math+package+kannada,https://youtube.com/results?search_query=go+math+package+tamil,https://youtube.com/results?search_query=go+math+package+telugu
Go,Basic,What is rand package in Go?,Random numbers,Pseudorandom,Random generation,A,Standard library for random number generation.,Rand Package,https://golang.org/pkg/math/rand/,https://youtube.com/results?search_query=go+rand+package,https://youtube.com/results?search_query=go+rand+package+hindi,https://youtube.com/results?search_query=go+rand+package+kannada,https://youtube.com/results?search_query=go+rand+package+tamil,https://youtube.com/results?search_query=go+rand+package+telugu
Go,Basic,What is sort package in Go?,Sorting,Ordering,Sort algorithms,A,Standard library for sorting slices and user-defined collections.,Sort Package,https://golang.org/pkg/sort/,https://youtube.com/results?search_query=go+sort+package,https://youtube.com/results?search_query=go+sort+package+hindi,https://youtube.com/results?search_query=go+sort+package+kannada,https://youtube.com/results?search_query=go+sort+package+tamil,https://youtube.com/results?search_query=go+sort+package+telugu
Go,Basic,What is flag package in Go?,Command line flags,Argument parsing,Options,A,Standard library for parsing command line flags.,Flag Package,https://golang.org/pkg/flag/,https://youtube.com/results?search_query=go+flag+package,https://youtube.com/results?search_query=go+flag+package+hindi,https://youtube.com/results?search_query=go+flag+package+kannada,https://youtube.com/results?search_query=go+flag+package+tamil,https://youtube.com/results?search_query=go+flag+package+telugu
Go,Basic,What is bufio package in Go?,Buffered I/O,Input output buffering,Scanner,A,Standard library for buffered I/O operations.,Bufio Package,https://golang.org/pkg/bufio/,https://youtube.com/results?search_query=go+bufio+package,https://youtube.com/results?search_query=go+bufio+package+hindi,https://youtube.com/results?search_query=go+bufio+package+kannada,https://youtube.com/results?search_query=go+bufio+package+tamil,https://youtube.com/results?search_query=go+bufio+package+telugu
Go,Basic,What is io package in Go?,I/O package,Input output interfaces,Streams,A,Standard library for basic I/O interfaces.,IO Package,https://golang.org/pkg/io/,https://youtube.com/results?search_query=go+io+package,https://youtube.com/results?search_query=go+io+package+hindi,https://youtube.com/results?search_query=go+io+package+kannada,https://youtube.com/results?search_query=go+io+package+tamil,https://youtube.com/results?search_query=go+io+package+telugu
Go,Basic,What is ioutil package in Go? (Deprecated),I/O utilities,File utilities,Deprecated,A,I/O utility functions (deprecated, use os and io packages).,Ioutil Package,https://golang.org/pkg/io/ioutil/,https://youtube.com/results?search_query=go+ioutil+package,https://youtube.com/results?search_query=go+ioutil+package+hindi,https://youtube.com/results?search_query=go+ioutil+package+kannada,https://youtube.com/results?search_query=go+ioutil+package+tamil,https://youtube.com/results?search_query=go+ioutil+package+telugu
Go,Basic,What is net/http package in Go?,HTTP package,Web server,HTTP client,A,Standard library for HTTP server and client implementation.,HTTP Package,https://golang.org/pkg/net/http/,https://youtube.com/results?search_query=go+http+package,https://youtube.com/results?search_query=go+http+package+hindi,https://youtube.com/results?search_query=go+http+package+kannada,https://youtube.com/results?search_query=go+http+package+tamil,https://youtube.com/results?search_query=go+http+package+telugu
Go,Basic,How do you create HTTP server in Go?,HTTP server,Web server,Server creation,A,http.HandleFunc("/", handler); http.ListenAndServe(":8080", nil).,HTTP Server,https://golang.org/doc/articles/wiki/,https://youtube.com/results?search_query=go+http+server,https://youtube.com/results?search_query=go+http+server+hindi,https://youtube.com/results?search_query=go+http+server+kannada,https://youtube.com/results?search_query=go+http+server+tamil,https://youtube.com/results?search_query=go+http+server+telugu
Go,Basic,How do you make HTTP request in Go?,HTTP client,Request making,API call,A,http.Get("url") or create http.Client and make request.,HTTP Request,https://golang.org/pkg/net/http/#Get,https://youtube.com/results?search_query=go+http+request,https://youtube.com/results?search_query=go+http+request+hindi,https://youtube.com/results?search_query=go+http+request+kannada,https://youtube.com/results?search_query=go+http+request+tamil,https://youtube.com/results?search_query=go+http+request+telugu
Go,Basic,What is context package in Go?,Context,Request context,Cancellation,A,Standard library for request-scoped values, cancellation, deadlines.,Context Package,https://golang.org/pkg/context/,https://youtube.com/results?search_query=go+context+package,https://youtube.com/results?search_query=go+context+package+hindi,https://youtube.com/results?search_query=go+context+package+kannada,https://youtube.com/results?search_query=go+context+package+tamil,https://youtube.com/results?search_query=go+context+package+telugu
Go,Basic,What is sync package in Go?,Synchronization,Concurrency primitives,Mutex,A,Standard library for synchronization primitives: Mutex, WaitGroup, etc.,Sync Package,https://golang.org/pkg/sync/,https://youtube.com/results?search_query=go+sync+package,https://youtube.com/results?search_query=go+sync+package+hindi,https://youtube.com/results?search_query=go+sync+package+kannada,https://youtube.com/results?search_query=go+sync+package+tamil,https://youtube.com/results?search_query=go+sync+package+telugu
Go,Basic,What is Mutex in Go?,Mutex,Mutual exclusion,Locking,A,sync.Mutex provides mutual exclusion lock for goroutines.,Mutex,https://golang.org/pkg/sync/#Mutex,https://youtube.com/results?search_query=go+mutex,https://youtube.com/results?search_query=go+mutex+hindi,https://youtube.com/results?search_query=go+mutex+kannada,https://youtube.com/results?search_query=go+mutex+tamil,https://youtube.com/results?search_query=go+mutex+telugu
Go,Basic,What is WaitGroup in Go?,WaitGroup,Goroutine synchronization,Group waiting,A,sync.WaitGroup waits for collection of goroutines to finish.,WaitGroup,https://golang.org/pkg/sync/#WaitGroup,https://youtube.com/results?search_query=go+waitgroup,https://youtube.com/results?search_query=go+waitgroup+hindi,https://youtube.com/results?search_query=go+waitgroup+kannada,https://youtube.com/results?search_query=go+waitgroup+tamil,https://youtube.com/results?search_query=go+waitgroup+telugu
Go,Basic,What is atomic package in Go?,Atomic operations,Low-level synchronization,Thread-safe,A,Standard library for low-level atomic memory operations.,Atomic Package,https://golang.org/pkg/sync/atomic/,https://youtube.com/results?search_query=go+atomic+package,https://youtube.com/results?search_query=go+atomic+package+hindi,https://youtube.com/results?search_query=go+atomic+package+kannada,https://youtube.com/results?search_query=go+atomic+package+tamil,https://youtube.com/results?search_query=go+atomic+package+telugu
Go,Basic,What is reflect package in Go?,Reflection,Type inspection,Runtime types,A,Standard library for runtime reflection on types and values.,Reflect Package,https://golang.org/pkg/reflect/,https://youtube.com/results?search_query=go+reflect+package,https://youtube.com/results?search_query=go+reflect+package+hindi,https://youtube.com/results?search_query=go+reflect+package+kannada,https://youtube.com/results?search_query=go+reflect+package+tamil,https://youtube.com/results?search_query=go+reflect+package+telugu
Go,Basic,What is unsafe package in Go?,Unsafe operations,Memory manipulation,Low-level,A,Standard library for unsafe operations (bypass Go type safety).,Unsafe Package,https://golang.org/pkg/unsafe/,https://youtube.com/results?search_query=go+unsafe+package,https://youtube.com/results?search_query=go+unsafe+package+hindi,https://youtube.com/results?search_query=go+unsafe+package+kannada,https://youtube.com/results?search_query=go+unsafe+package+tamil,https://youtube.com/results?search_query=go+unsafe+package+telugu
Go,Basic,What is go doc command?,Documentation,Code docs,Help,A,'go doc' shows documentation for packages or symbols.,Go Doc,https://golang.org/cmd/go/#hdr-Show_documentation_for_package_or_symbol,https://youtube.com/results?search_query=go+doc+command,https://youtube.com/results?search_query=go+doc+command+hindi,https://youtube.com/results?search_query=go+doc+command+kannada,https://youtube.com/results?search_query=go+doc+command+tamil,https://youtube.com/results?search_query=go+doc+command+telugu
Go,Basic,What is go list command?,List packages,Dependency listing,Module info,A,'go list' lists packages or modules.,Go List,https://golang.org/cmd/go/#hdr-List_packages_or_modules,https://youtube.com/results?search_query=go+list+command,https://youtube.com/results?search_query=go+list+command+hindi,https://youtube.com/results?search_query=go+list+command+kannada,https://youtube.com/results?search_query=go+list+command+tamil,https://youtube.com/results?search_query=go+list+command+telugu
Go,Basic,What is go clean command?,Clean build,Remove files,Cleanup,A,'go clean' removes object files and cached files.,Go Clean,https://golang.org/cmd/go/#hdr-Remove_object_files_and_cached_files,https://youtube.com/results?search_query=go+clean+command,https://youtube.com/results?search_query=go+clean+command+hindi,https://youtube.com/results?search_query=go+clean+command+kannada,https://youtube.com/results?search_query=go+clean+command+tamil,https://youtube.com/results?search_query=go+clean+command+telugu
Go,Basic,What is go env command?,Environment variables,Go environment,System info,A,'go env' prints Go environment information.,Go Env,https://golang.org/cmd/go/#hdr-Print_Go_environment_information,https://youtube.com/results?search_query=go+env+command,https://youtube.com/results?search_query=go+env+command+hindi,https://youtube.com/results?search_query=go+env+command+kannada,https://youtube.com/results?search_query=go+env+command+tamil,https://youtube.com/results?search_query=go+env+command+telugu
Go,Basic,What is go fix command?,Code migration,Update code,Automatic fixes,A,'go fix' updates packages to use new APIs.,Go Fix,https://golang.org/cmd/go/#hdr-Update_packages_to_use_new_APIs,https://youtube.com/results?search_query=go+fix+command,https://youtube.com/results?search_query=go+fix+command+hindi,https://youtube.com/results?search_query=go+fix+command+kannada,https://youtube.com/results?search_query=go+fix+command+tamil,https://youtube.com/results?search_query=go+fix+command+telugu
Go,Basic,What is go generate command?,Code generation,Autogenerate,File generation,A,'go generate' runs commands described by directives in source files.,Go Generate,https://golang.org/cmd/go/#hdr-Generate_Go_files_by_processing_source,https://youtube.com/results?search_query=go+generate+command,https://youtube.com/results?search_query=go+generate+command+hindi,https://youtube.com/results?search_query=go+generate+command+kannada,https://youtube.com/results?search_query=go+generate+command+tamil,https://youtube.com/results?search_query=go+generate+command+telugu
Go,Basic,What are build constraints in Go?,Build tags,Conditional compilation,Build constraints,A,// +build tag comments control which files are included in build.,Build Constraints,https://golang.org/pkg/go/build/#hdr-Build_Constraints,https://youtube.com/results?search_query=go+build+constraints,https://youtube.com/results?search_query=go+build+constraints+hindi,https://youtube.com/results?search_query=go+build+constraints+kannada,https://youtube.com/results?search_query=go+build+constraints+tamil,https://youtube.com/results?search_query=go+build+constraints+telugu
Go,Basic,What is cross-compilation in Go?,Cross compilation,Different platforms,Multi-platform,A,Compile Go code for different OS/architecture: GOOS=linux GOARCH=amd64 go build.,Cross Compilation,https://golang.org/doc/install/source#environment,https://youtube.com/results?search_query=go+cross+compilation,https://youtube.com/results?search_query=go+cross+compilation+hindi,https://youtube.com/results?search_query=go+cross+compilation+kannada,https://youtube.com/results?search_query=go+cross+compilation+tamil,https://youtube.com/results?search_query=go+cross+compilation+telugu
Go,Basic,What is GOMAXPROCS in Go?,Max processors,Concurrency limit,Runtime setting,A,Environment variable setting maximum number of CPUs that can execute simultaneously.,GOMAXPROCS,https://golang.org/pkg/runtime/#GOMAXPROCS,https://youtube.com/results?search_query=go+gomaxprocs,https://youtube.com/results?search_query=go+gomaxprocs+hindi,https://youtube.com/results?search_query=go+gomaxprocs+kannada,https://youtube.com/results?search_query=go+gomaxprocs+tamil,https://youtube.com/results?search_query=go+gomaxprocs+telugu
Go,Basic,What is the Go Playground?,Online editor,Code sandbox,Web IDE,A,Online environment at play.golang.org for writing, running, sharing Go code.,Go Playground,https://play.golang.org/,https://youtube.com/results?search_query=go+playground,https://youtube.com/results?search_query=go+playground+hindi,https://youtube.com/results?search_query=go+playground+kannada,https://youtube.com/results?search_query=go+playground+tamil,https://youtube.com/results?search_query=go+playground+telugu
Go,Basic,What is godoc tool?,Documentation server,API docs,Web docs,A,Tool for viewing Go documentation locally: 'godoc -http=:6060'.,Godoc Tool,https://godoc.org/golang.org/x/tools/cmd/godoc,https://youtube.com/results?search_query=go+godoc+tool,https://youtube.com/results?search_query=go+godoc+tool+hindi,https://youtube.com/results?search_query=go+godoc+tool+kannada,https://youtube.com/results?search_query=go+godoc+tool+tamil,https://youtube.com/results?search_query=go+godoc+tool+telugu
Go,Basic,What is goimports tool?,Import management,Format imports,Auto imports,A,Tool that updates Go import lines, adding missing ones and removing unused.,Goimports Tool,https://pkg.go.dev/golang.org/x/tools/cmd/goimports,https://youtube.com/results?search_query=go+goimports+tool,https://youtube.com/results?search_query=go+goimports+tool+hindi,https://youtube.com/results?search_query=go+goimports+tool+kannada,https://youtube.com/results?search_query=go+goimports+tool+tamil,https://youtube.com/results?search_query=go+goimports+tool+telugu
Go,Basic,What is static typing in Go?,Static typing,Type safety,Compile-time types,A,Types checked at compile time, cannot change at runtime.,Static Typing,https://golang.org/doc/faq#What_is_the_difference_between_statically_typed_and_dynamically_typed_languages,https://youtube.com/results?search_query=go+static+typing,https://youtube.com/results?search_query=go+static+typing+hindi,https://youtube.com/results?search_query=go+static+typing+kannada,https://youtube.com/results?search_query=go+static+typing+tamil,https://youtube.com/results?search_query=go+static+typing+telugu
Go,Basic,What is garbage collection in Go?,Garbage collection,Memory management,Automatic cleanup,A,Automatic memory management that frees unused memory.,Garbage Collection,https://golang.org/doc/faq#stack_or_heap,https://youtube.com/results?search_query=go+garbage+collection,https://youtube.com/results?search_query=go+garbage+collection+hindi,https://youtube.com/results?search_query=go+garbage+collection+kannada,https://youtube.com/results?search_query=go+garbage+collection+tamil,https://youtube.com/results?search_query=go+garbage+collection+telugu
Go,Basic,What is the difference between Go and other languages?,Go comparison,Language features,Unique aspects,A,Go has goroutines, channels, garbage collection, simplicity, fast compilation.,Go vs Others,https://golang.org/doc/faq#Comparing_Go_to_other_languages,https://youtube.com/results?search_query=go+vs+other+languages,https://youtube.com/results?search_query=go+vs+other+languages+hindi,https://youtube.com/results?search_query=go+vs+other+languages+kannada,https://youtube.com/results?search_query=go+vs+other+languages+tamil,https://youtube.com/results?search_query=go+vs+other+languages+telugu
Go,Basic,What is the Go community like?,Community,Open source,Ecosystem,A,Vibrant community with many libraries, tools, and active development.,Go Community,https://golang.org/help/,https://youtube.com/results?search_query=go+community,https://youtube.com/results?search_query=go+community+hindi,https://youtube.com/results?search_query=go+community+kannada,https://youtube.com/results?search_query=go+community+tamil,https://youtube.com/results?search_query=go+community+telugu
Go,Basic,What is the future of Go?,Go future,Roadmap,Development,A,Continued development by Google and community, focus on simplicity and performance.,Go Future,https://blog.golang.org/,https://youtube.com/results?search_query=go+future,https://youtube.com/results?search_query=go+future+hindi,https://youtube.com/results?search_query=go+future+kannada,https://youtube.com/results?search_query=go+future+tamil,https://youtube.com/results?search_query=go+future+telugu