Java,Intermediate,What is the difference between abstract class and interface in Java?,OOP,Abstraction,Design patterns,A,Abstract class can have implementation, constructors, fields; interface has only method signatures (before Java 8), can have default/static methods (Java 8+).,OOP Concepts,https://docs.oracle.com/javase/tutorial/java/IandI/abstract.html,https://youtube.com/results?search_query=java+abstract+class+vs+interface,https://youtube.com/results?search_query=java+abstract+class+vs+interface+hindi,https://youtube.com/results?search_query=java+abstract+class+vs+interface+kannada,https://youtube.com/results?search_query=java+abstract+class+vs+interface+tamil,https://youtube.com/results?search_query=java+abstract+class+vs+interface+telugu
Java,Intermediate,What are default methods in interfaces (Java 8)?,Java 8,Interfaces,Default methods,A,Default methods provide implementation in interfaces, allowing backward compatibility when adding new methods.,Java 8 Features,https://docs.oracle.com/javase/tutorial/java/IandI/defaultmethods.html,https://youtube.com/results?search_query=java+default+methods+interface,https://youtube.com/results?search_query=java+default+methods+interface+hindi,https://youtube.com/results?search_query=java+default+methods+interface+kannada,https://youtube.com/results?search_query=java+default+methods+interface+tamil,https://youtube.com/results?search_query=java+default+methods+interface+telugu
Java,Intermediate,What are static methods in interfaces (Java 8)?,Java 8,Interfaces,Static methods,A,Static methods in interfaces provide utility methods that belong to interface, not instances.,Java 8 Features,https://docs.oracle.com/javase/tutorial/java/IandI/defaultmethods.html,https://youtube.com/results?search_query=java+static+methods+interface,https://youtube.com/results?search_query=java+static+methods+interface+hindi,https://youtube.com/results?search_query=java+static+methods+interface+kannada,https://youtube.com/results?search_query=java+static+methods+interface+tamil,https://youtube.com/results?search_query=java+static+methods+interface+telugu
Java,Intermediate,What are lambda expressions in Java 8?,Java 8,Lambda,Functional programming,A,Lambda expressions provide concise way to implement functional interfaces: (parameters) -> expression.,Java 8 Features,https://docs.oracle.com/javase/tutorial/java/javaOO/lambdaexpressions.html,https://youtube.com/results?search_query=java+lambda+expressions,https://youtube.com/results?search_query=java+lambda+expressions+hindi,https://youtube.com/results?search_query=java+lambda+expressions+kannada,https://youtube.com/results?search_query=java+lambda+expressions+tamil,https://youtube.com/results?search_query=java+lambda+expressions+telugu
Java,Intermediate,What are functional interfaces in Java 8?,Java 8,Functional interfaces,Annotation,A,Interfaces with exactly one abstract method; annotated with @FunctionalInterface.,Java 8 Features,https://docs.oracle.com/javase/8/docs/api/java/lang/FunctionalInterface.html,https://youtube.com/results?search_query=java+functional+interfaces,https://youtube.com/results?search_query=java+functional+interfaces+hindi,https://youtube.com/results?search_query=java+functional+interfaces+kannada,https://youtube.com/results?search_query=java+functional+interfaces+tamil,https://youtube.com/results?search_query=java+functional+interfaces+telugu
Java,Intermediate,What is the Stream API in Java 8?,Java 8,Streams,Functional programming,A,Stream API provides functional-style operations on collections: filter, map, reduce, collect.,Java 8 Features,https://docs.oracle.com/javase/8/docs/api/java/util/stream/Stream.html,https://youtube.com/results?search_query=java+stream+api,https://youtube.com/results?search_query=java+stream+api+hindi,https://youtube.com/results?search_query=java+stream+api+kannada,https://youtube.com/results?search_query=java+stream+api+tamil,https://youtube.com/results?search_query=java+stream+api+telugu
Java,Intermediate,What is the difference between intermediate and terminal operations in Stream API?,Java 8,Streams,Operations,A,Intermediate operations (filter, map) return Stream and are lazy; terminal operations (collect, forEach) produce result and close stream.,Java 8 Features,https://docs.oracle.com/javase/tutorial/collections/streams/,https://youtube.com/results?search_query=java+stream+intermediate+terminal+operations,https://youtube.com/results?search_query=java+stream+intermediate+terminal+operations+hindi,https://youtube.com/results?search_query=java+stream+intermediate+terminal+operations+kannada,https://youtube.com/results?search_query=java+stream+intermediate+terminal+operations+tamil,https://youtube.com/results?search_query=java+stream+intermediate+terminal+operations+telugu
Java,Intermediate,What are Optional class and its usage in Java 8?,Java 8,Optional,Null safety,A,Optional<T> container that may or may not contain value; helps avoid null checks.,Java 8 Features,https://docs.oracle.com/javase/8/docs/api/java/util/Optional.html,https://youtube.com/results?search_query=java+optional+class,https://youtube.com/results?search_query=java+optional+class+hindi,https://youtube.com/results?search_query=java+optional+class+kannada,https://youtube.com/results?search_query=java+optional+class+tamil,https://youtube.com/results?search_query=java+optional+class+telugu
Java,Intermediate,What are method references in Java 8?,Java 8,Method references,Syntactic sugar,A,Class::method shorthand for lambda expressions: System.out::println, String::length.,Java 8 Features,https://docs.oracle.com/javase/tutorial/java/javaOO/methodreferences.html,https://youtube.com/results?search_query=java+method+references,https://youtube.com/results?search_query=java+method+references+hindi,https://youtube.com/results?search_query=java+method+references+kannada,https://youtube.com/results?search_query=java+method+references+tamil,https://youtube.com/results?search_query=java+method+references+telugu
Java,Intermediate,What are Collectors in Stream API?,Java 8,Streams,Collectors,A,Collectors utility class provides reduction operations: toList(), groupingBy(), joining(), etc.,Java 8 Features,https://docs.oracle.com/javase/8/docs/api/java/util/stream/Collectors.html,https://youtube.com/results?search_query=java+collectors+stream,https://youtube.com/results?search_query=java+collectors+stream+hindi,https://youtube.com/results?search_query=java+collectors+stream+kannada,https://youtube.com/results?search_query=java+collectors+stream+tamil,https://youtube.com/results?search_query=java+collectors+stream+telugu
Java,Intermediate,What is the difference between parallel stream and sequential stream?,Java 8,Streams,Parallel processing,A,Parallel stream uses multiple threads; sequential stream uses single thread.,Concurrency,https://docs.oracle.com/javase/tutorial/collections/streams/parallelism.html,https://youtube.com/results?search_query=java+parallel+vs+sequential+stream,https://youtube.com/results?search_query=java+parallel+vs+sequential+stream+hindi,https://youtube.com/results?search_query=java+parallel+vs+sequential+stream+kannada,https://youtube.com/results?search_query=java+parallel+vs+sequential+stream+tamil,https://youtube.com/results?search_query=java+parallel+vs+sequential+stream+telugu
Java,Intermediate,What are CompletableFuture and its advantages over Future?,Java 8,Concurrency,Async programming,A,CompletableFuture provides non-blocking async programming, chaining, combining futures.,Concurrency,https://docs.oracle.com/javase/8/docs/api/java/util/concurrent/CompletableFuture.html,https://youtube.com/results?search_query=java+completablefuture,https://youtube.com/results?search_query=java+completablefuture+hindi,https://youtube.com/results?search_query=java+completablefuture+kannada,https://youtube.com/results?search_query=java+completablefuture+tamil,https://youtube.com/results?search_query=java+completablefuture+telugu
Java,Intermediate,What is try-with-resources in Java 7?,Java 7,Exception handling,Resource management,A,Automatically closes resources implementing AutoCloseable; eliminates finally blocks for closing.,Exception Handling,https://docs.oracle.com/javase/tutorial/essential/exceptions/tryResourceClose.html,https://youtube.com/results?search_query=java+try+with+resources,https://youtube.com/results?search_query=java+try+with+resources+hindi,https://youtube.com/results?search_query=java+try+with+resources+kannada,https://youtube.com/results?search_query=java+try+with+resources+tamil,https://youtube.com/results?search_query=java+try+with+resources+telugu
Java,Intermediate,What are diamond operator and type inference in Java 7?,Java 7,Generics,Type inference,A,<> operator allows type inference in generic instance creation: List<String> list = new ArrayList<>();,Generics,https://docs.oracle.com/javase/7/docs/technotes/guides/language/type-inference-generic-instance-creation.html,https://youtube.com/results?search_query=java+diamond+operator,https://youtube.com/results?search_query=java+diamond+operator+hindi,https://youtube.com/results?search_query=java+diamond+operator+kannada,https://youtube.com/results?search_query=java+diamond+operator+tamil,https://youtube.com/results?search_query=java+diamond+operator+telugu
Java,Intermediate,What is the @SafeVarargs annotation in Java?,Generics,Annotations,Varargs,A,@SafeVarargs suppresses heap pollution warnings for varargs methods with generic parameters.,Annotations,https://docs.oracle.com/javase/7/docs/api/java/lang/SafeVarargs.html,https://youtube.com/results?search_query=java+safeargs+annotation,https://youtube.com/results?search_query=java+safeargs+annotation+hindi,https://youtube.com/results?search_query=java+safeargs+annotation+kannada,https://youtube.com/results?search_query=java+safeargs+annotation+tamil,https://youtube.com/results?search_query=java+safeargs+annotation+telugu
Java,Intermediate,What is the difference between Collection and Collections?,Collections,Framework,Utility classes,A,Collection is interface; Collections is utility class with static methods for collection operations.,Collections Framework,https://docs.oracle.com/javase/8/docs/api/java/util/Collection.html,https://youtube.com/results?search_query=java+collection+vs+collections,https://youtube.com/results?search_query=java+collection+vs+collections+hindi,https://youtube.com/results?search_query=java+collection+vs+collections+kannada,https://youtube.com/results?search_query=java+collection+vs+collections+tamil,https://youtube.com/results?search_query=java+collection+vs+collections+telugu
Java,Intermediate,What is the fail-fast vs fail-safe iterator behavior?,Collections,Iterators,Concurrent modification,A,Fail-fast throws ConcurrentModificationException; fail-safe works on copy, doesn't throw.,Collections Framework,https://docs.oracle.com/javase/8/docs/api/java/util/ConcurrentModificationException.html,https://youtube.com/results?search_query=java+fail+fast+vs+fail+safe,https://youtube.com/results?search_query=java+fail+fast+vs+fail+safe+hindi,https://youtube.com/results?search_query=java+fail+fast+vs+fail+safe+kannada,https://youtube.com/results?search_query=java+fail+fast+vs+fail+safe+tamil,https://youtube.com/results?search_query=java+fail+fast+vs+fail+safe+telugu
Java,Intermediate,What is the difference between ArrayList and LinkedList?,Collections,List implementations,Performance,A,ArrayList: array-based, fast random access; LinkedList: doubly-linked, fast insert/delete.,Collections Framework,https://docs.oracle.com/javase/tutorial/collections/implementations/list.html,https://youtube.com/results?search_query=java+arraylist+vs+linkedlist,https://youtube.com/results?search_query=java+arraylist+vs+linkedlist+hindi,https://youtube.com/results?search_query=java+arraylist+vs+linkedlist+kannada,https://youtube.com/results?search_query=java+arraylist+vs+linkedlist+tamil,https://youtube.com/results?search_query=java+arraylist+vs+linkedlist+telugu
Java,Intermediate,What is the difference between HashMap and HashTable?,Collections,Map implementations,Thread safety,A,HashMap not synchronized, allows null; HashTable synchronized, doesn't allow null.,Collections Framework,https://docs.oracle.com/javase/8/docs/api/java/util/HashMap.html,https://youtube.com/results?search_query=java+hashmap+vs+hashtable,https://youtube.com/results?search_query=java+hashmap+vs+hashtable+hindi,https://youtube.com/results?search_query=java+hashmap+vs+hashtable+kannada,https://youtube.com/results?search_query=java+hashmap+vs+hashtable+tamil,https://youtube.com/results?search_query=java+hashmap+vs+hashtable+telugu
Java,Intermediate,What is the difference between HashMap and ConcurrentHashMap?,Collections,Concurrency,Thread safety,A,HashMap not thread-safe; ConcurrentHashMap thread-safe with better concurrency than synchronized maps.,Concurrency,https://docs.oracle.com/javase/8/docs/api/java/util/concurrent/ConcurrentHashMap.html,https://youtube.com/results?search_query=java+hashmap+vs+concurrenthashmap,https://youtube.com/results?search_query=java+hashmap+vs+concurrenthashmap+hindi,https://youtube.com/results?search_query=java+hashmap+vs+concurrenthashmap+kannada,https://youtube.com/results?search_query=java+hashmap+vs+concurrenthashmap+tamil,https://youtube.com/results?search_query=java+hashmap+vs+concurrenthashmap+telugu
Java,Intermediate,What is the difference between Comparable and Comparator?,Collections,Sorting,Interfaces,A,Comparable: natural ordering (compareTo); Comparator: custom ordering (compare).,Collections Framework,https://docs.oracle.com/javase/tutorial/collections/interfaces/order.html,https://youtube.com/results?search_query=java+comparable+vs+comparator,https://youtube.com/results?search_query=java+comparable+vs+comparator+hindi,https://youtube.com/results?search_query=java+comparable+vs+comparator+kannada,https://youtube.com/results?search_query=java+comparable+vs+comparator+tamil,https://youtube.com/results?search_query=java+comparable+vs+comparator+telugu
Java,Intermediate,What are weak, soft, and phantom references in Java?,Memory management,References,Garbage collection,A,Strong (default), Soft (cleared when memory low), Weak (cleared when no strong ref), Phantom (finalization tracking).,Memory Management,https://docs.oracle.com/javase/8/docs/api/java/lang/ref/package-summary.html,https://youtube.com/results?search_query=java+weak+soft+phantom+references,https://youtube.com/results?search_query=java+weak+soft+phantom+references+hindi,https://youtube.com/results?search_query=java+weak+soft+phantom+references+kannada,https://youtube.com/results?search_query=java+weak+soft+phantom+references+tamil,https://youtube.com/results?search_query=java+weak+soft+phantom+references+telugu
Java,Intermediate,What is the difference between final, finally, and finalize?,Keywords,Exception handling,Garbage collection,A,final: variable/class/method cannot be changed; finally: block always executes; finalize: cleanup before GC.,Language Basics,https://docs.oracle.com/javase/tutorial/java/IandI/final.html,https://youtube.com/results?search_query=java+final+finally+finalize,https://youtube.com/results?search_query=java+final+finally+finalize+hindi,https://youtube.com/results?search_query=java+final+finally+finalize+kannada,https://youtube.com/results?search_query=java+final+finally+finalize+tamil,https://youtube.com/results?search_query=java+final+finally+finalize+telugu
Java,Intermediate,What is the volatile keyword and when to use it?,Concurrency,Memory visibility,Atomicity,A,volatile ensures variable visibility across threads, prevents instruction reordering.,Concurrency,https://docs.oracle.com/javase/tutorial/essential/concurrency/atomic.html,https://youtube.com/results?search_query=java+volatile+keyword,https://youtube.com/results?search_query=java+volatile+keyword+hindi,https://youtube.com/results?search_query=java+volatile+keyword+kannada,https://youtube.com/results?search_query=java+volatile+keyword+tamil,https://youtube.com/results?search_query=java+volatile+keyword+telugu
Java,Intermediate,What is the transient keyword and its usage?,Serialization,Keywords,Field exclusion,A,transient excludes field from serialization; field not saved/restored.,Serialization,https://docs.oracle.com/javase/specs/jls/se8/html/jls-8.html#jls-8.3.1.3,https://youtube.com/results?search_query=java+transient+keyword,https://youtube.com/results?search_query=java+transient+keyword+hindi,https://youtube.com/results?search_query=java+transient+keyword+kannada,https://youtube.com/results?search_query=java+transient+keyword+tamil,https://youtube.com/results?search_query=java+transient+keyword+telugu
Java,Intermediate,What is the difference between throw and throws?,Exception handling,Keywords,Exception declaration,A,throw: throws exception instance; throws: declares exceptions method may throw.,Exception Handling,https://docs.oracle.com/javase/tutorial/essential/exceptions/throwing.html,https://youtube.com/results?search_query=java+throw+vs+throws,https://youtube.com/results?search_query=java+throw+vs+throws+hindi,https://youtube.com/results?search_query=java+throw+vs+throws+kannada,https://youtube.com/results?search_query=java+throw+vs+throws+tamil,https://youtube.com/results?search_query=java+throw+vs+throws+telugu
Java,Intermediate,What are checked and unchecked exceptions?,Exception handling,Exception types,Compile-time,A,Checked: must be declared or caught (Exception); Unchecked: RuntimeException, Error.,Exception Handling,https://docs.oracle.com/javase/tutorial/essential/exceptions/catchOrDeclare.html,https://youtube.com/results?search_query=java+checked+vs+unchecked+exceptions,https://youtube.com/results?search_query=java+checked+vs+unchecked+exceptions+hindi,https://youtube.com/results?search_query=java+checked+vs+unchecked+exceptions+kannada,https://youtube.com/results?search_query=java+checked+vs+unchecked+exceptions+tamil,https://youtube.com/results?search_query=java+checked+vs+unchecked+exceptions+telugu
Java,Intermediate,What is the difference between Error and Exception?,Exception handling,Error handling,Hierarchy,A,Error: serious problems (OutOfMemoryError); Exception: recoverable problems (IOException).,Exception Handling,https://docs.oracle.com/javase/8/docs/api/java/lang/Error.html,https://youtube.com/results?search_query=java+error+vs+exception,https://youtube.com/results?search_query=java+error+vs+exception+hindi,https://youtube.com/results?search_query=java+error+vs+exception+kannada,https://youtube.com/results?search_query=java+error+vs+exception+tamil,https://youtube.com/results?search_query=java+error+vs+exception+telugu
Java,Intermediate,What is try-catch-finally execution order?,Exception handling,Control flow,Execution order,A,try -> catch (if exception) -> finally (always); return in finally overrides previous returns.,Exception Handling,https://docs.oracle.com/javase/tutorial/essential/exceptions/finally.html,https://youtube.com/results?search_query=java+try+catch+finally+order,https://youtube.com/results?search_query=java+try+catch+finally+order+hindi,https://youtube.com/results?search_query=java+try+catch+finally+order+kannada,https://youtube.com/results?search_query=java+try+catch+finally+order+tamil,https://youtube.com/results?search_query=java+try+catch+finally+order+telugu
Java,Intermediate,What is the difference between == and .equals()?,Object comparison,Operators,Methods,A,== compares references; .equals() compares content (overridden in classes like String).,Object Methods,https://docs.oracle.com/javase/8/docs/api/java/lang/Object.html#equals-java.lang.Object-,https://youtube.com/results?search_query=java+equals+vs+double+equals,https://youtube.com/results?search_query=java+equals+vs+double+equals+hindi,https://youtube.com/results?search_query=java+equals+vs+double+equals+kannada,https://youtube.com/results?search_query=java+equals+vs+double+equals+tamil,https://youtube.com/results?search_query=java+equals+vs+double+equals+telugu
Java,Intermediate,What is hashCode() and its contract with equals()?,Object methods,Hash code,Contracts,A,hashCode() returns integer hash; contract: equal objects must have equal hashCodes.,Object Methods,https://docs.oracle.com/javase/8/docs/api/java/lang/Object.html#hashCode--,https://youtube.com/results?search_query=java+hashcode+equals+contract,https://youtube.com/results?search_query=java+hashcode+equals+contract+hindi,https://youtube.com/results?search_query=java+hashcode+equals+contract+kannada,https://youtube.com/results?search_query=java+hashcode+equals+contract+tamil,https://youtube.com/results?search_query=java+hashcode+equals+contract+telugu
Java,Intermediate,What is the difference between String, StringBuilder, and StringBuffer?,Strings,Immutability,Performance,A,String: immutable; StringBuilder: mutable, not thread-safe; StringBuffer: mutable, thread-safe.,Strings,https://docs.oracle.com/javase/8/docs/api/java/lang/StringBuilder.html,https://youtube.com/results?search_query=java+string+stringbuilder+stringbuffer,https://youtube.com/results?search_query=java+string+stringbuilder+stringbuffer+hindi,https://youtube.com/results?search_query=java+string+stringbuilder+stringbuffer+kannada,https://youtube.com/results?search_query=java+string+stringbuilder+stringbuffer+tamil,https://youtube.com/results?search_query=java+string+stringbuilder+stringbuffer+telugu
Java,Intermediate,What is the String Pool and how does it work?,Strings,Memory optimization,Interning,A,String Pool: special memory area for string literals; reuse same objects for equal strings.,Strings,https://docs.oracle.com/javase/8/docs/api/java/lang/String.html#intern--,https://youtube.com/results?search_query=java+string+pool,https://youtube.com/results?search_query=java+string+pool+hindi,https://youtube.com/results?search_query=java+string+pool+kannada,https://youtube.com/results?search_query=java+string+pool+tamil,https://youtube.com/results?search_query=java+string+pool+telugu
Java,Intermediate,What is the intern() method in String class?,Strings,Memory,Interning,A,intern() returns canonical representation from string pool; ensures same object for equal strings.,Strings,https://docs.oracle.com/javase/8/docs/api/java/lang/String.html#intern--,https://youtube.com/results?search_query=java+string+intern+method,https://youtube.com/results?search_query=java+string+intern+method+hindi,https://youtube.com/results?search_query=java+string+intern+method+kannada,https://youtube.com/results?search_query=java+string+intern+method+tamil,https://youtube.com/results?search_query=java+string+intern+method+telugu
Java,Intermediate,What are annotations and how are they processed?,Annotations,Metadata,Reflection,A,Annotations provide metadata; processed at compile-time (APT) or runtime (reflection).,Annotations,https://docs.oracle.com/javase/tutorial/java/annotations/,https://youtube.com/results?search_query=java+annotations,https://youtube.com/results?search_query=java+annotations+hindi,https://youtube.com/results?search_query=java+annotations+kannada,https://youtube.com/results?search_query=java+annotations+tamil,https://youtube.com/results?search_query=java+annotations+telugu
Java,Intermediate,What are custom annotations and how to create them?,Annotations,Custom annotations,Metadata,A,@interface AnnotationName { elements }; can have retention, target, inheritance.,Annotations,https://docs.oracle.com/javase/tutorial/java/annotations/declaring.html,https://youtube.com/results?search_query=java+custom+annotations,https://youtube.com/results?search_query=java+custom+annotations+hindi,https://youtube.com/results?search_query=java+custom+annotations+kannada,https://youtube.com/results?search_query=java+custom+annotations+tamil,https://youtube.com/results?search_query=java+custom+annotations+telugu
Java,Intermediate,What is reflection API and when to use it?,Reflection,Metadata,Runtime inspection,A,Reflection inspects classes, methods, fields at runtime; used in frameworks, testing.,Reflection,https://docs.oracle.com/javase/tutorial/reflect/,https://youtube.com/results?search_query=java+reflection+api,https://youtube.com/results?search_query=java+reflection+api+hindi,https://youtube.com/results?search_query=java+reflection+api+kannada,https://youtube.com/results?search_query=java+reflection+api+tamil,https://youtube.com/results?search_query=java+reflection+api+telugu
Java,Intermediate,What are generics and type erasure in Java?,Generics,Type safety,Compile-time,A,Generics provide type safety; type erasure removes generic type information at runtime.,Generics,https://docs.oracle.com/javase/tutorial/java/generics/index.html,https://youtube.com/results?search_query=java+generics+type+erasure,https://youtube.com/results?search_query=java+generics+type+erasure+hindi,https://youtube.com/results?search_query=java+generics+type+erasure+kannada,https://youtube.com/results?search_query=java+generics+type+erasure+tamil,https://youtube.com/results?search_query=java+generics+type+erasure+telugu
Java,Intermediate,What are bounded and unbounded wildcards in generics?,Generics,Wildcards,Type parameters,A,<?> unbounded wildcard; <? extends T> upper bound; <? super T> lower bound.,Generics,https://docs.oracle.com/javase/tutorial/java/generics/wildcards.html,https://youtube.com/results?search_query=java+generics+wildcards,https://youtube.com/results?search_query=java+generics+wildcards+hindi,https://youtube.com/results?search_query=java+generics+wildcards+kannada,https://youtube.com/results?search_query=java+generics+wildcards+tamil,https://youtube.com/results?search_query=java+generics+wildcards+telugu
Java,Intermediate,What is the Producer-Extends, Consumer-Super (PECS) principle?,Generics,Wildcards,Design principle,A,Use <? extends T> for producers (read), <? super T> for consumers (write).,Generics,https://docs.oracle.com/javase/tutorial/extra/generics/morefun.html,https://youtube.com/results?search_query=java+pecs+principle,https://youtube.com/results?search_query=java+pecs+principle+hindi,https://youtube.com/results?search_query=java+pecs+principle+kannada,https://youtube.com/results?search_query=java+pecs+principle+tamil,https://youtube.com/results?search_query=java+pecs+principle+telugu
Java,Intermediate,What is serialization and how to implement it?,Serialization,Object persistence,IO,A,Implement Serializable interface; use ObjectOutputStream/ObjectInputStream.,Serialization,https://docs.oracle.com/javase/tutorial/jndi/objects/serial.html,https://youtube.com/results?search_query=java+serialization,https://youtube.com/results?search_query=java+serialization+hindi,https://youtube.com/results?search_query=java+serialization+kannada,https://youtube.com/results?search_query=java+serialization+tamil,https://youtube.com/results?search_query=java+serialization+telugu
Java,Intermediate,What is externalizable interface vs serializable?,Serialization,Custom serialization,Performance,A,Externalizable provides custom serialization methods; more control, better performance.,Serialization,https://docs.oracle.com/javase/8/docs/api/java/io/Externalizable.html,https://youtube.com/results?search_query=java+externalizable+vs+serializable,https://youtube.com/results?search_query=java+externalizable+vs+serializable+hindi,https://youtube.com/results?search_query=java+externalizable+vs+serializable+kannada,https://youtube.com/results?search_query=java+externalizable+vs+serializable+tamil,https://youtube.com/results?search_query=java+externalizable+vs+serializable+telugu
Java,Intermediate,What are serialVersionUID and its importance?,Serialization,Versioning,Compatibility,A,serialVersionUID ensures class compatibility during deserialization; should be defined explicitly.,Serialization,https://docs.oracle.com/javase/8/docs/platform/serialization/spec/class.html,https://youtube.com/results?search_query=java+serialversionuid,https://youtube.com/results?search_query=java+serialversionuid+hindi,https://youtube.com/results?search_query=java+serialversionuid+kannada,https://youtube.com/results?search_query=java+serialversionuid+tamil,https://youtube.com/results?search_query=java+serialversionuid+telugu
Java,Intermediate,What is the Java Memory Model (JMM)?,Concurrency,Memory model,Visibility,A,JMM defines how threads interact through memory; ensures visibility, ordering guarantees.,Concurrency,https://docs.oracle.com/javase/specs/jls/se8/html/jls-17.html,https://youtube.com/results?search_query=java+memory+model,https://youtube.com/results?search_query=java+memory+model+hindi,https://youtube.com/results?search_query=java+memory+model+kannada,https://youtube.com/results?search_query=java+memory+model+tamil,https://youtube.com/results?search_query=java+memory+model+telugu
Java,Intermediate,What is happens-before relationship in JMM?,Concurrency,Memory ordering,Guarantees,A,Ensures memory visibility between operations: synchronization, volatile, thread start/join.,Concurrency,https://docs.oracle.com/javase/specs/jls/se8/html/jls-17.html#jls-17.4.5,https://youtube.com/results?search_query=java+happens+before,https://youtube.com/results?search_query=java+happens+before+hindi,https://youtube.com/results?search_query=java+happens+before+kannada,https://youtube.com/results?search_query=java+happens+before+tamil,https://youtube.com/results?search_query=java+happens+before+telugu
Java,Intermediate,What is thread lifecycle and states?,Concurrency,Threads,Lifecycle,A,NEW, RUNNABLE, BLOCKED, WAITING, TIMED_WAITING, TERMINATED.,Concurrency,https://docs.oracle.com/javase/8/docs/api/java/lang/Thread.State.html,https://youtube.com/results?search_query=java+thread+states,https://youtube.com/results?search_query=java+thread+states+hindi,https://youtube.com/results?search_query=java+thread+states+kannada,https://youtube.com/results?search_query=java+thread+states+tamil,https://youtube.com/results?search_query=java+thread+states+telugu
Java,Intermediate,What is the difference between sleep() and wait()?,Concurrency,Thread methods,Synchronization,A,sleep(): Thread method, doesn't release lock; wait(): Object method, releases lock, needs notify().,Concurrency,https://docs.oracle.com/javase/tutorial/essential/concurrency/sleep.html,https://youtube.com/results?search_query=java+sleep+vs+wait,https://youtube.com/results?search_query=java+sleep+vs+wait+hindi,https://youtube.com/results?search_query=java+sleep+vs+wait+kannada,https://youtube.com/results?search_query=java+sleep+vs+wait+tamil,https://youtube.com/results?search_query=java+sleep+vs+wait+telugu
Java,Intermediate,What is the difference between notify() and notifyAll()?,Concurrency,Thread notification,Wake-up,A,notify(): wakes one waiting thread; notifyAll(): wakes all waiting threads.,Concurrency,https://docs.oracle.com/javase/8/docs/api/java/lang/Object.html#notify--,https://youtube.com/results?search_query=java+notify+vs+notifyall,https://youtube.com/results?search_query=java+notify+vs+notifyall+hindi,https://youtube.com/results?search_query=java+notify+vs+notifyall+kannada,https://youtube.com/results?search_query=java+notify+vs+notifyall+tamil,https://youtube.com/results?search_query=java+notify+vs+notifyall+telugu
Java,Intermediate,What is thread pooling and Executor framework?,Concurrency,Thread pools,Executors,A,Executor framework manages thread pools; reuse threads, avoid creation overhead.,Concurrency,https://docs.oracle.com/javase/tutorial/essential/concurrency/pools.html,https://youtube.com/results?search_query=java+executor+framework,https://youtube.com/results?search_query=java+executor+framework+hindi,https://youtube.com/results?search_query=java+executor+framework+kannada,https://youtube.com/results?search_query=java+executor+framework+tamil,https://youtube.com/results?search_query=java+executor+framework+telugu
Java,Intermediate,What are Callable and Future interfaces?,Concurrency,Callable,Future,A,Callable returns result and can throw exception; Future represents result of async computation.,Concurrency,https://docs.oracle.com/javase/8/docs/api/java/util/concurrent/Callable.html,https://youtube.com/results?search_query=java+callable+future,https://youtube.com/results?search_query=java+callable+future+hindi,https://youtube.com/results?search_query=java+callable+future+kannada,https://youtube.com/results?search_query=java+callable+future+tamil,https://youtube.com/results?search_query=java+callable+future+telugu
Java,Intermediate,What is ForkJoinPool and work-stealing algorithm?,Concurrency,ForkJoin,Parallel processing,A,ForkJoinPool for divide-and-conquer tasks; work-stealing balances load across threads.,Concurrency,https://docs.oracle.com/javase/8/docs/api/java/util/concurrent/ForkJoinPool.html,https://youtube.com/results?search_query=java+forkjoinpool,https://youtube.com/results?search_query=java+forkjoinpool+hindi,https://youtube.com/results?search_query=java+forkjoinpool+kannada,https://youtube.com/results?search_query=java+forkjoinpool+tamil,https://youtube.com/results?search_query=java+forkjoinpool+telugu
Java,Intermediate,What are atomic classes (AtomicInteger, etc.)?,Concurrency,Atomic operations,Lock-free,A,Atomic classes provide atomic operations without synchronization; use CAS operations.,Concurrency,https://docs.oracle.com/javase/8/docs/api/java/util/concurrent/atomic/package-summary.html,https://youtube.com/results?search_query=java+atomic+classes,https://youtube.com/results?search_query=java+atomic+classes+hindi,https://youtube.com/results?search_query=java+atomic+classes+kannada,https://youtube.com/results?search_query=java+atomic+classes+tamil,https://youtube.com/results?search_query=java+atomic+classes+telugu
Java,Intermediate,What is CAS (Compare-And-Swap) operation?,Concurrency,Atomic operations,Lock-free,A,CAS atomically updates variable if current value matches expected value.,Concurrency,https://docs.oracle.com/javase/8/docs/api/java/util/concurrent/atomic/AtomicInteger.html,https://youtube.com/results?search_query=java+cas+operation,https://youtube.com/results?search_query=java+cas+operation+hindi,https://youtube.com/results?search_query=java+cas+operation+kannada,https://youtube.com/results?search_query=java+cas+operation+tamil,https://youtube.com/results?search_query=java+cas+operation+telugu
Java,Intermediate,What are CountDownLatch and CyclicBarrier?,Concurrency,Synchronization,Coordination,A,CountDownLatch: one-time synchronization; CyclicBarrier: reusable synchronization point.,Concurrency,https://docs.oracle.com/javase/8/docs/api/java/util/concurrent/CountDownLatch.html,https://youtube.com/results?search_query=java+countdownlatch+cyclicbarrier,https://youtube.com/results?search_query=java+countdownlatch+cyclicbarrier+hindi,https://youtube.com/results?search_query=java+countdownlatch+cyclicbarrier+kannada,https://youtube.com/results?search_query=java+countdownlatch+cyclicbarrier+tamil,https://youtube.com/results?search_query=java+countdownlatch+cyclicbarrier+telugu
Java,Intermediate,What is Semaphore and its usage?,Concurrency,Synchronization,Resource limiting,A,Semaphore controls access to resources with permit count; acquire()/release().,Concurrency,https://docs.oracle.com/javase/8/docs/api/java/util/concurrent/Semaphore.html,https://youtube.com/results?search_query=java+semaphore,https://youtube.com/results?search_query=java+semaphore+hindi,https://youtube.com/results?search_query=java+semaphore+kannada,https://youtube.com/results?search_query=java+semaphore+tamil,https://youtube.com/results?search_query=java+semaphore+telugu
Java,Intermediate,What is Exchanger class in Java?,Concurrency,Synchronization,Data exchange,A,Exchanger allows two threads to exchange objects at synchronization point.,Concurrency,https://docs.oracle.com/javase/8/docs/api/java/util/concurrent/Exchanger.html,https://youtube.com/results?search_query=java+exchanger+class,https://youtube.com/results?search_query=java+exchanger+class+hindi,https://youtube.com/results?search_query=java+exchanger+class+kannada,https://youtube.com/results?search_query=java+exchanger+class+tamil,https://youtube.com/results?search_query=java+exchanger+class+telugu
Java,Intermediate,What is Phaser and its advantages?,Concurrency,Synchronization,Flexible barrier,A,Phaser is reusable synchronization barrier; dynamic party registration, phases.,Concurrency,https://docs.oracle.com/javase/8/docs/api/java/util/concurrent/Phaser.html,https://youtube.com/results?search_query=java+phaser,https://youtube.com/results?search_query=java+phaser+hindi,https://youtube.com/results?search_query=java+phaser+kannada,https://youtube.com/results?search_query=java+phaser+tamil,https://youtube.com/results?search_query=java+phaser+telugu
Java,Intermediate,What are java.util.concurrent locks (ReentrantLock)?,Concurrency,Locks,Synchronization,A,ReentrantLock provides more flexibility than synchronized: tryLock(), lockInterruptibly().,Concurrency,https://docs.oracle.com/javase/8/docs/api/java/util/concurrent/locks/ReentrantLock.html,https://youtube.com/results?search_query=java+reentrantlock,https://youtube.com/results?search_query=java+reentrantlock+hindi,https://youtube.com/results?search_query=java+reentrantlock+kannada,https://youtube.com/results?search_query=java+reentrantlock+tamil,https://youtube.com/results?search_query=java+reentrantlock+telugu
Java,Intermediate,What are ReadWriteLock and ReentrantReadWriteLock?,Concurrency,Locks,Read-write,A,ReadWriteLock allows multiple readers or single writer; improves read-heavy scenarios.,Concurrency,https://docs.oracle.com/javase/8/docs/api/java/util/concurrent/locks/ReadWriteLock.html,https://youtube.com/results?search_query=java+readwritelock,https://youtube.com/results?search_query=java+readwritelock+hindi,https://youtube.com/results?search_query=java+readwritelock+kannada,https://youtube.com/results?search_query=java+readwritelock+tamil,https://youtube.com/results?search_query=java+readwritelock+telugu
Java,Intermediate,What are StampedLock and optimistic locking?,Concurrency,Locks,Optimistic,A,StampedLock provides optimistic reads; tryOptimisticRead() doesn't block writers.,Concurrency,https://docs.oracle.com/javase/8/docs/api/java/util/concurrent/locks/StampedLock.html,https://youtube.com/results?search_query=java+stampedlock,https://youtube.com/results?search_query=java+stampedlock+hindi,https://youtube.com/results?search_query=java+stampedlock+kannada,https://youtube.com/results?search_query=java+stampedlock+tamil,https://youtube.com/results?search_query=java+stampedlock+telugu
Java,Intermediate,What is the difference between synchronized and ReentrantLock?,Concurrency,Synchronization,Locks,A,synchronized: keyword, automatic; ReentrantLock: class, more features, explicit.,Concurrency,https://docs.oracle.com/javase/8/docs/api/java/util/concurrent/locks/ReentrantLock.html,https://youtube.com/results?search_query=java+synchronized+vs+reentrantlock,https://youtube.com/results?search_query=java+synchronized+vs+reentrantlock+hindi,https://youtube.com/results?search_query=java+synchronized+vs+reentrantlock+kannada,https://youtube.com/results?search_query=java+synchronized+vs+reentrantlock+tamil,https://youtube.com/results?search_query=java+synchronized+vs+reentrantlock+telugu
Java,Intermediate,What is ThreadLocal and when to use it?,Concurrency,Thread-local storage,Isolation,A,ThreadLocal provides thread-local variables; each thread has its own copy.,Concurrency,https://docs.oracle.com/javase/8/docs/api/java/lang/ThreadLocal.html,https://youtube.com/results?search_query=java+threadlocal,https://youtube.com/results?search_query=java+threadlocal+hindi,https://youtube.com/results?search_query=java+threadlocal+kannada,https://youtube.com/results?search_query=java+threadlocal+tamil,https://youtube.com/results?search_query=java+threadlocal+telugu
Java,Intermediate,What is InheritableThreadLocal?,Concurrency,Thread-local,Inheritance,A,InheritableThreadLocal allows child threads to inherit parent's thread-local values.,Concurrency,https://docs.oracle.com/javase/8/docs/api/java/lang/InheritableThreadLocal.html,https://youtube.com/results?search_query=java+inheritablethreadlocal,https://youtube.com/results?search_query=java+inheritablethreadlocal+hindi,https://youtube.com/results?search_query=java+inheritablethreadlocal+kannada,https://youtube.com/results?search_query=java+inheritablethreadlocal+tamil,https://youtube.com/results?search_query=java+inheritablethreadlocal+telugu
Java,Intermediate,What is class loader hierarchy and delegation model?,JVM,Class loading,Delegation,A,Bootstrap -> Extension -> Application class loaders; delegation parent-first.,JVM,https://docs.oracle.com/javase/tutorial/ext/basics/load.html,https://youtube.com/results?search_query=java+class+loader+hierarchy,https://youtube.com/results?search_query=java+class+loader+hierarchy+hindi,https://youtube.com/results?search_query=java+class+loader+hierarchy+kannada,https://youtube.com/results?search_query=java+class+loader+hierarchy+tamil,https://youtube.com/results?search_query=java+class+loader+hierarchy+telugu
Java,Intermediate,What is the difference between Class.forName() and ClassLoader.loadClass()?,Reflection,Class loading,Initialization,A,Class.forName() initializes class; ClassLoader.loadClass() loads but doesn't initialize.,Reflection,https://docs.oracle.com/javase/8/docs/api/java/lang/Class.html#forName-java.lang.String-,https://youtube.com/results?search_query=java+class+forname+vs+loadclass,https://youtube.com/results?search_query=java+class+forname+vs+loadclass+hindi,https://youtube.com/results?search_query=java+class+forname+vs+loadclass+kannada,https://youtube.com/results?search_query=java+class+forname+vs+loadclass+tamil,https://youtube.com/results?search_query=java+class+forname+vs+loadclass+telugu
Java,Intermediate,What is Java bytecode and JIT compilation?,JVM,Bytecode,Compilation,A,Bytecode: intermediate representation; JIT: compiles hot spots to native code at runtime.,JVM,https://docs.oracle.com/javase/8/docs/technotes/guides/vm/,https://youtube.com/results?search_query=java+bytecode+jit,https://youtube.com/results?search_query=java+bytecode+jit+hindi,https://youtube.com/results?search_query=java+bytecode+jit+kannada,https://youtube.com/results?search_query=java+bytecode+jit+tamil,https://youtube.com/results?search_query=java+bytecode+jit+telugu
Java,Intermediate,What are strong, soft, weak, and phantom references?,Memory management,References,Garbage collection,A,Strong: default; Soft: cleared when memory low; Weak: cleared when no strong refs; Phantom: for cleanup.,Memory Management,https://docs.oracle.com/javase/8/docs/api/java/lang/ref/package-summary.html,https://youtube.com/results?search_query=java+reference+types,https://youtube.com/results?search_query=java+reference+types+hindi,https://youtube.com/results?search_query=java+reference+types+kannada,https://youtube.com/results?search_query=java+reference+types+tamil,https://youtube.com/results?search_query=java+reference+types+telugu
Java,Intermediate,What is garbage collection and GC algorithms?,Memory management,Garbage collection,Performance,A,GC automatically reclaims memory; algorithms: Mark-Sweep, Mark-Compact, Generational.,Memory Management,https://docs.oracle.com/javase/8/docs/technotes/guides/vm/gctuning/,https://youtube.com/results?search_query=java+garbage+collection+algorithms,https://youtube.com/results?search_query=java+garbage+collection+algorithms+hindi,https://youtube.com/results?search_query=java+garbage+collection+algorithms+kannada,https://youtube.com/results?search_query=java+garbage+collection+algorithms+tamil,https://youtube.com/results?search_query=java+garbage+collection+algorithms+telugu
Java,Intermediate,What are young and old generations in heap?,Memory management,Heap,Generational GC,A,Young generation (Eden, Survivor); Old generation; different GC strategies for each.,Memory Management,https://docs.oracle.com/javase/8/docs/technotes/guides/vm/gctuning/,https://youtube.com/results?search_query=java+heap+generations,https://youtube.com/results?search_query=java+heap+generations+hindi,https://youtube.com/results?search_query=java+heap+generations+kannada,https://youtube.com/results?search_query=java+heap+generations+tamil,https://youtube.com/results?search_query=java+heap+generations+telugu
Java,Intermediate,What are JVM memory areas (heap, stack, etc.)?,JVM,Memory areas,Runtime data,A,Heap: objects; Stack: local variables; Method Area: class metadata; PC Register; Native Method Stack.,JVM,https://docs.oracle.com/javase/specs/jvms/se8/html/jvms-2.html#jvms-2.5,https://youtube.com/results?search_query=java+jvm+memory+areas,https://youtube.com/results?search_query=java+jvm+memory+areas+hindi,https://youtube.com/results?search_query=java+jvm+memory+areas+kannada,https://youtube.com/results?search_query=java+jvm+memory+areas+tamil,https://youtube.com/results?search_query=java+jvm+memory+areas+telugu
Java,Intermediate,What are JVM flags for memory tuning?,JVM,Performance tuning,Flags,A,-Xmx, -Xms, -XX:NewRatio, -XX:SurvivorRatio, -XX:+UseG1GC, etc.,JVM,https://docs.oracle.com/javase/8/docs/technotes/tools/windows/java.html,https://youtube.com/results?search_query=java+jvm+memory+flags,https://youtube.com/results?search_query=java+jvm+memory+flags+hindi,https://youtube.com/results?search_query=java+jvm+memory+flags+kannada,https://youtube.com/results?search_query=java+jvm+memory+flags+tamil,https://youtube.com/results?search_query=java+jvm+memory+flags+telugu
Java,Intermediate,What are Java 9 modules (Project Jigsaw)?,Java 9,Modules,Encapsulation,A,Modules provide strong encapsulation, explicit dependencies; module-info.java.,Java 9 Features,https://docs.oracle.com/javase/9/docs/api/java/lang/module/package-summary.html,https://youtube.com/results?search_query=java+9+modules,https://youtube.com/results?search_query=java+9+modules+hindi,https://youtube.com/results?search_query=java+9+modules+kannada,https://youtube.com/results?search_query=java+9+modules+tamil,https://youtube.com/results?search_query=java+9+modules+telugu
Java,Intermediate,What is JShell in Java 9?,Java 9,REPL,Interactive,A,JShell: Read-Eval-Print Loop for interactive Java programming.,Java 9 Features,https://docs.oracle.com/javase/9/jshell/,https://youtube.com/results?search_query=java+9+jshell,https://youtube.com/results?search_query=java+9+jshell+hindi,https://youtube.com/results?search_query=java+9+jshell+kannada,https://youtube.com/results?search_query=java+9+jshell+tamil,https://youtube.com/results?search_query=java+9+jshell+telugu
Java,Intermediate,What are factory methods for collections in Java 9?,Java 9,Collections,Factory methods,A,List.of(), Set.of(), Map.of() create immutable collections.,Java 9 Features,https://docs.oracle.com/javase/9/docs/api/java/util/List.html#of-E...-,https://youtube.com/results?search_query=java+9+collection+factory+methods,https://youtube.com/results?search_query=java+9+collection+factory+methods+hindi,https://youtube.com/results?search_query=java+9+collection+factory+methods+kannada,https://youtube.com/results?search_query=java+9+collection+factory+methods+tamil,https://youtube.com/results?search_query=java+9+collection+factory+methods+telugu
Java,Intermediate,What are private methods in interfaces (Java 9)?,Java 9,Interfaces,Private methods,A,Private methods in interfaces allow code reuse within default/static methods.,Java 9 Features,https://docs.oracle.com/javase/9/docs/api/java/lang/PrivateMethod.html,https://youtube.com/results?search_query=java+9+private+methods+interface,https://youtube.com/results?search_query=java+9+private+methods+interface+hindi,https://youtube.com/results?search_query=java+9+private+methods+interface+kannada,https://youtube.com/results?search_query=java+9+private+methods+interface+tamil,https://youtube.com/results?search_query=java+9+private+methods+interface+telugu
Java,Intermediate,What is try-with-resources enhancement in Java 9?,Java 9,Exception handling,Resource management,A,try-with-resources can use effectively final variables.,Java 9 Features,https://docs.oracle.com/javase/9/docs/api/java/lang/AutoCloseable.html,https://youtube.com/results?search_query=java+9+try+with+resources,https://youtube.com/results?search_query=java+9+try+with+resources+hindi,https://youtube.com/results?search_query=java+9+try+with+resources+kannada,https://youtube.com/results?search_query=java+9+try+with+resources+tamil,https://youtube.com/results?search_query=java+9+try+with+resources+telugu
Java,Intermediate,What are Java 10 local variable type inference (var)?,Java 10,Type inference,Local variables,A,var keyword for local variable type inference; compile-time feature.,Java 10 Features,https://docs.oracle.com/javase/10/language/,https://youtube.com/results?search_query=java+10+var+keyword,https://youtube.com/results?search_query=java+10+var+keyword+hindi,https://youtube.com/results?search_query=java+10+var+keyword+kannada,https://youtube.com/results?search_query=java+10+var+keyword+tamil,https://youtube.com/results?search_query=java+10+var+keyword+telugu
Java,Intermediate,What are Java 11 HTTP Client API features?,Java 11,HTTP,Networking,A,New HttpClient supports HTTP/2, WebSocket, async/sync, reactive streams.,Java 11 Features,https://docs.oracle.com/en/java/javase/11/docs/api/java.net.http/java/net/http/HttpClient.html,https://youtube.com/results?search_query=java+11+http+client,https://youtube.com/results?search_query=java+11+http+client+hindi,https://youtube.com/results?search_query=java+11+http+client+kannada,https://youtube.com/results?search_query=java+11+http+client+tamil,https://youtube.com/results?search_query=java+11+http+client+telugu
Java,Intermediate,What are Java 14 records (preview feature)?,Java 14,Records,Data classes,A,Records provide compact syntax for data carriers; auto-generates equals, hashCode, toString.,Java 14 Features,https://docs.oracle.com/en/java/javase/14/language/records.html,https://youtube.com/results?search_query=java+14+records,https://youtube.com/results?search_query=java+14+records+hindi,https://youtube.com/results?search_query=java+14+records+kannada,https://youtube.com/results?search_query=java+14+records+tamil,https://youtube.com/results?search_query=java+14+records+telugu
Java,Intermediate,What are Java 14 pattern matching for instanceof?,Java 14,Pattern matching,Type checking,A,Pattern matching simplifies instanceof checks: if (obj instanceof String s) { s.length(); }.,Java 14 Features,https://docs.oracle.com/en/java/javase/14/language/pattern-matching-instanceof-operator.html,https://youtube.com/results?search_query=java+14+pattern+matching,https://youtube.com/results?search_query=java+14+pattern+matching+hindi,https://youtube.com/results?search_query=java+14+pattern+matching+kannada,https://youtube.com/results?search_query=java+14+pattern+matching+tamil,https://youtube.com/results?search_query=java+14+pattern+matching+telugu
Java,Intermediate,What are Java 15 sealed classes (preview)?,Java 15,Sealed classes,Inheritance control,A,Sealed classes restrict which classes can extend/implement them.,Java 15 Features,https://docs.oracle.com/en/java/javase/15/language/sealed-classes-and-interfaces.html,https://youtube.com/results?search_query=java+15+sealed+classes,https://youtube.com/results?search_query=java+15+sealed+classes+hindi,https://youtube.com/results?search_query=java+15+sealed+classes+kannada,https://youtube.com/results?search_query=java+15+sealed+classes+tamil,https://youtube.com/results?search_query=java+15+sealed+classes+telugu
Java,Intermediate,What are Java 16 records (final feature)?,Java 16,Records,Data classes,A,Records become standard feature; improvements to pattern matching.,Java 16 Features,https://docs.oracle.com/en/java/javase/16/language/records.html,https://youtube.com/results?search_query=java+16+records,https://youtube.com/results?search_query=java+16+records+hindi,https://youtube.com/results?search_query=java+16+records+kannada,https://youtube.com/results?search_query=java+16+records+tamil,https://youtube.com/results?search_query=java+16+records+telugu
Java,Intermediate,What is Java 17 sealed classes (final feature)?,Java 17,Sealed classes,Inheritance,A,Sealed classes become standard feature; pattern matching enhancements.,Java 17 Features,https://docs.oracle.com/en/java/javase/17/language/sealed-classes-and-interfaces.html,https://youtube.com/results?search_query=java+17+sealed+classes,https://youtube.com/results?search_query=java+17+sealed+classes+hindi,https://youtube.com/results?search_query=java+17+sealed+classes+kannada,https://youtube.com/results?search_query=java+17+sealed+classes+tamil,https://youtube.com/results?search_query=java+17+sealed+classes+telugu
Java,Intermediate,What are Java 8 Date/Time API improvements?,Java 8,Date Time,API,A,New java.time package: LocalDate, LocalTime, LocalDateTime, ZonedDateTime, Period, Duration.,Java 8 Features,https://docs.oracle.com/javase/tutorial/datetime/,https://youtube.com/results?search_query=java+8+date+time+api,https://youtube.com/results?search_query=java+8+date+time+api+hindi,https://youtube.com/results?search_query=java+8+date+time+api+kannada,https://youtube.com/results?search_query=java+8+date+time+api+tamil,https://youtube.com/results?search_query=java+8+date+time+api+telugu
Java,Intermediate,What is the difference between ArrayList and Vector?,Collections,List implementations,Thread safety,A,ArrayList not synchronized; Vector synchronized, legacy class.,Collections Framework,https://docs.oracle.com/javase/8/docs/api/java/util/Vector.html,https://youtube.com/results?search_query=java+arraylist+vs+vector,https://youtube.com/results?search_query=java+arraylist+vs+vector+hindi,https://youtube.com/results?search_query=java+arraylist+vs+vector+kannada,https://youtube.com/results?search_query=java+arraylist+vs+vector+tamil,https://youtube.com/results?search_query=java+arraylist+vs+vector+telugu
Java,Intermediate,What is the difference between HashMap and LinkedHashMap?,Collections,Map implementations,Ordering,A,HashMap unordered; LinkedHashMap maintains insertion order or access order.,Collections Framework,https://docs.oracle.com/javase/8/docs/api/java/util/LinkedHashMap.html,https://youtube.com/results?search_query=java+hashmap+vs+linkedhashmap,https://youtube.com/results?search_query=java+hashmap+vs+linkedhashmap+hindi,https://youtube.com/results?search_query=java+hashmap+vs+linkedhashmap+kannada,https://youtube.com/results?search_query=java+hashmap+vs+linkedhashmap+tamil,https://youtube.com/results?search_query=java+hashmap+vs+linkedhashmap+telugu
Java,Intermediate,What is the difference between HashMap and TreeMap?,Collections,Map implementations,Sorting,A,HashMap unordered, O(1); TreeMap sorted by keys, O(log n).,Collections Framework,https://docs.oracle.com/javase/8/docs/api/java/util/TreeMap.html,https://youtube.com/results?search_query=java+hashmap+vs+treemap,https://youtube.com/results?search_query=java+hashmap+vs+treemap+hindi,https://youtube.com/results?search_query=java+hashmap+vs+treemap+kannada,https://youtube.com/results?search_query=java+hashmap+vs+treemap+tamil,https://youtube.com/results?search_query=java+hashmap+vs+treemap+telugu
Java,Intermediate,What is the difference between HashSet and TreeSet?,Collections,Set implementations,Ordering,A,HashSet unordered, O(1); TreeSet sorted, O(log n).,Collections Framework,https://docs.oracle.com/javase/8/docs/api/java/util/TreeSet.html,https://youtube.com/results?search_query=java+hashset+vs+treeset,https://youtube.com/results?search_query=java+hashset+vs+treeset+hindi,https://youtube.com/results?search_query=java+hashset+vs+treeset+kannada,https://youtube.com/results?search_query=java+hashset+vs+treeset+tamil,https://youtube.com/results?search_query=java+hashset+vs+treeset+telugu
Java,Intermediate,What is the difference between Iterator and ListIterator?,Collections,Iterators,Traversal,A,Iterator bidirectional; ListIterator bidirectional, allows modification, list-specific.,Collections Framework,https://docs.oracle.com/javase/8/docs/api/java/util/ListIterator.html,https://youtube.com/results?search_query=java+iterator+vs+listiterator,https://youtube.com/results?search_query=java+iterator+vs+listiterator+hindi,https://youtube.com/results?search_query=java+iterator+vs+listiterator+kannada,https://youtube.com/results?search_query=java+iterator+vs+listiterator+tamil,https://youtube.com/results?search_query=java+iterator+vs+listiterator+telugu
Java,Intermediate,What is the difference between Arrays.asList() and List.of()?,Collections,List creation,Immutable,A,Arrays.asList() returns mutable list backed by array; List.of() returns immutable list.,Collections Framework,https://docs.oracle.com/javase/9/docs/api/java/util/List.html#of-E...-,https://youtube.com/results?search_query=java+arrays+aslist+vs+list+of,https://youtube.com/results?search_query=java+arrays+aslist+vs+list+of+hindi,https://youtube.com/results?search_query=java+arrays+aslist+vs+list+of+kannada,https://youtube.com/results?search_query=java+arrays+aslist+vs+list+of+tamil,https://youtube.com/results?search_query=java+arrays+aslist+vs+list+of+telugu
Java,Intermediate,What is the difference between synchronized method and synchronized block?,Concurrency,Synchronization,Scope,A,Synchronized method locks on object/class; synchronized block locks on specified object.,Concurrency,https://docs.oracle.com/javase/tutorial/essential/concurrency/locksync.html,https://youtube.com/results?search_query=java+synchronized+method+vs+block,https://youtube.com/results?search_query=java+synchronized+method+vs+block+hindi,https://youtube.com/results?search_query=java+synchronized+method+vs+block+kannada,https://youtube.com/results?search_query=java+synchronized+method+vs+block+tamil,https://youtube.com/results?search_query=java+synchronized+method+vs+block+telugu
Java,Intermediate,What is double-checked locking and why is it broken without volatile?,Concurrency,Singleton,Double-checked,A,Double-checked locking needs volatile for proper publication in JMM; broken due to reordering.,Concurrency,https://www.cs.umd.edu/~pugh/java/memoryModel/DoubleCheckedLocking.html,https://youtube.com/results?search_query=java+double+checked+locking,https://youtube.com/results?search_query=java+double+checked+locking+hindi,https://youtube.com/results?search_query=java+double+checked+locking+kannada,https://youtube.com/results?search_query=java+double+checked+locking+tamil,https://youtube.com/results?search_query=java+double+checked+locking+telugu
Java,Intermediate,What is the difference between CyclicBarrier and CountDownLatch?,Concurrency,Synchronization,Coordination,A,CyclicBarrier reusable, threads wait for each other; CountDownLatch one-time, threads wait for count.,Concurrency,https://docs.oracle.com/javase/8/docs/api/java/util/concurrent/CountDownLatch.html,https://youtube.com/results?search_query=java+cyclicbarrier+vs+countdownlatch,https://youtube.com/results?search_query=java+cyclicbarrier+vs+countdownlatch+hindi,https://youtube.com/results?search_query=java+cyclicbarrier+vs+countdownlatch+kannada,https://youtube.com/results?search_query=java+cyclicbarrier+vs+countdownlatch+tamil,https://youtube.com/results?search_query=java+cyclicbarrier+vs+countdownlatch+telugu
Java,Intermediate,What is the difference between ExecutorService and ForkJoinPool?,Concurrency,Thread pools,Executors,A,ExecutorService general-purpose; ForkJoinPool for divide-and-conquer tasks with work-stealing.,Concurrency,https://docs.oracle.com/javase/8/docs/api/java/util/concurrent/ForkJoinPool.html,https://youtube.com/results?search_query=java+executorservice+vs+forkjoinpool,https://youtube.com/results?search_query=java+executorservice+vs+forkjoinpool+hindi,https://youtube.com/results?search_query=java+executorservice+vs+forkjoinpool+kannada,https://youtube.com/results?search_query=java+executorservice+vs+forkjoinpool+tamil,https://youtube.com/results?search_query=java+executorservice+vs+forkjoinpool+telugu
Java,Intermediate,What is the difference between Runnable and Callable?,Concurrency,Interfaces,Task execution,A,Runnable doesn't return value, can't throw checked exception; Callable returns value, can throw.,Concurrency,https://docs.oracle.com/javase/8/docs/api/java/util/concurrent/Callable.html,https://youtube.com/results?search_query=java+runnable+vs+callable,https://youtube.com/results?search_query=java+runnable+vs+callable+hindi,https://youtube.com/results?search_query=java+runnable+vs+callable+kannada,https://youtube.com/results?search_query=java+runnable+vs+callable+tamil,https://youtube.com/results?search_query=java+runnable+vs+callable+telugu